{
  "type": "FeatureCollection",
  "name": "waynesboro-street-labels-official",
  "properties": {
    "source_url": "https://wborogisdata.com/assets/shpfiles/WyboVA_Street20260126.zip",
    "retrieved": "2026-09-14",
    "label_count": 861
  },
  "features": [
    {
      "type": "Feature",
      "properties": {
        "name": "Ridge Crest Ter",
        "tier": "local",
        "min_zoom": 15,
        "bearing": 49.2
      },
      "geometry": {
        "type": "Point",
        "coordinates": [
          -78.90652258342783,
          38.096977125017474
        ]
      }
    },
    {
      "type": "Feature",
      "properties": {
        "name": "Ridge Crest Ter",
        "tier": "local",
        "min_zoom": 15,
        "bearing": 50.1
      },
      "geometry": {
        "type": "Point",
        "coordinates": [
          -78.90762171437217,
          38.09604828704421
        ]
      }
    },
    {
      "type": "Feature",
      "properties": {
        "name": "Ohio St",
        "tier": "local",
        "min_zoom": 15,
        "bearing": -64.0
      },
      "geometry": {
        "type": "Point",
        "coordinates": [
          -78.89219691781922,
          38.071456538457255
        ]
      }
    },
    {
      "type": "Feature",
      "properties": {
        "name": "Ohio St",
        "tier": "local",
        "min_zoom": 15,
        "bearing": -60.3
      },
      "geometry": {
        "type": "Point",
        "coordinates": [
          -78.89538541044395,
          38.073128220788085
        ]
      }
    },
    {
      "type": "Feature",
      "properties": {
        "name": "S Ellison Cir",
        "tier": "local",
        "min_zoom": 15,
        "bearing": -153.5
      },
      "geometry": {
        "type": "Point",
        "coordinates": [
          -78.9046856779375,
          38.07528374069054
        ]
      }
    },
    {
      "type": "Feature",
      "properties": {
        "name": "S Ellison Cir",
        "tier": "local",
        "min_zoom": 15,
        "bearing": -49.0
      },
      "geometry": {
        "type": "Point",
        "coordinates": [
          -78.90614737848152,
          38.07504906880745
        ]
      }
    },
    {
      "type": "Feature",
      "properties": {
        "name": "Randolph Ave",
        "tier": "local",
        "min_zoom": 15,
        "bearing": 25.6
      },
      "geometry": {
        "type": "Point",
        "coordinates": [
          -78.90447553774524,
          38.07414619359537
        ]
      }
    },
    {
      "type": "Feature",
      "properties": {
        "name": "Randolph Ave",
        "tier": "local",
        "min_zoom": 15,
        "bearing": 25.9
      },
      "geometry": {
        "type": "Point",
        "coordinates": [
          -78.90356037452422,
          38.076036224315885
        ]
      }
    },
    {
      "type": "Feature",
      "properties": {
        "name": "Minden Pl",
        "tier": "local",
        "min_zoom": 15,
        "bearing": 98.1
      },
      "geometry": {
        "type": "Point",
        "coordinates": [
          -78.88630009222652,
          38.07197284233143
        ]
      }
    },
    {
      "type": "Feature",
      "properties": {
        "name": "Rosser Ave",
        "tier": "major",
        "min_zoom": 13,
        "bearing": -117.2
      },
      "geometry": {
        "type": "Point",
        "coordinates": [
          -78.93801441931936,
          38.06245018084131
        ]
      }
    },
    {
      "type": "Feature",
      "properties": {
        "name": "Rosser Ave",
        "tier": "major",
        "min_zoom": 13,
        "bearing": -119.0
      },
      "geometry": {
        "type": "Point",
        "coordinates": [
          -78.93541661169412,
          38.06402413694705
        ]
      }
    },
    {
      "type": "Feature",
      "properties": {
        "name": "Rosser Ave",
        "tier": "major",
        "min_zoom": 13,
        "bearing": -100.0
      },
      "geometry": {
        "type": "Point",
        "coordinates": [
          -78.92823586791532,
          38.06677223794778
        ]
      }
    },
    {
      "type": "Feature",
      "properties": {
        "name": "Rosser Ave",
        "tier": "major",
        "min_zoom": 13,
        "bearing": -100.0
      },
      "geometry": {
        "type": "Point",
        "coordinates": [
          -78.92528381664141,
          38.067403479008256
        ]
      }
    },
    {
      "type": "Feature",
      "properties": {
        "name": "Rosser Ave",
        "tier": "major",
        "min_zoom": 13,
        "bearing": -99.4
      },
      "geometry": {
        "type": "Point",
        "coordinates": [
          -78.9202585330761,
          38.06819730090763
        ]
      }
    },
    {
      "type": "Feature",
      "properties": {
        "name": "Grove Ave",
        "tier": "local",
        "min_zoom": 15,
        "bearing": 27.0
      },
      "geometry": {
        "type": "Point",
        "coordinates": [
          -78.90591763585005,
          38.074447504234755
        ]
      }
    },
    {
      "type": "Feature",
      "properties": {
        "name": "Jocelyn Ln",
        "tier": "local",
        "min_zoom": 15,
        "bearing": -62.0
      },
      "geometry": {
        "type": "Point",
        "coordinates": [
          -78.9042252122097,
          38.096199356743114
        ]
      }
    },
    {
      "type": "Feature",
      "properties": {
        "name": "Jocelyn Ln",
        "tier": "local",
        "min_zoom": 15,
        "bearing": 31.4
      },
      "geometry": {
        "type": "Point",
        "coordinates": [
          -78.902687448605,
          38.094146973139964
        ]
      }
    },
    {
      "type": "Feature",
      "properties": {
        "name": "N Laurel Ave",
        "tier": "local",
        "min_zoom": 15,
        "bearing": 26.1
      },
      "geometry": {
        "type": "Point",
        "coordinates": [
          -78.90264646161367,
          38.073599353991135
        ]
      }
    },
    {
      "type": "Feature",
      "properties": {
        "name": "N Laurel Ave",
        "tier": "local",
        "min_zoom": 15,
        "bearing": 25.8
      },
      "geometry": {
        "type": "Point",
        "coordinates": [
          -78.9008491430204,
          38.07732595355325
        ]
      }
    },
    {
      "type": "Feature",
      "properties": {
        "name": "Westminster Rd",
        "tier": "major",
        "min_zoom": 13,
        "bearing": -73.3
      },
      "geometry": {
        "type": "Point",
        "coordinates": [
          -78.91017312915068,
          38.07221138368134
        ]
      }
    },
    {
      "type": "Feature",
      "properties": {
        "name": "Westminster Rd",
        "tier": "local",
        "min_zoom": 15,
        "bearing": -70.6
      },
      "geometry": {
        "type": "Point",
        "coordinates": [
          -78.90887675136344,
          38.071816724088414
        ]
      }
    },
    {
      "type": "Feature",
      "properties": {
        "name": "Abbe Pl",
        "tier": "local",
        "min_zoom": 15,
        "bearing": 80.8
      },
      "geometry": {
        "type": "Point",
        "coordinates": [
          -78.88588162620657,
          38.071055387515365
        ]
      }
    },
    {
      "type": "Feature",
      "properties": {
        "name": "Abbe Pl",
        "tier": "local",
        "min_zoom": 15,
        "bearing": 95.5
      },
      "geometry": {
        "type": "Point",
        "coordinates": [
          -78.88658741760658,
          38.07111696813244
        ]
      }
    },
    {
      "type": "Feature",
      "properties": {
        "name": "Highland Ave",
        "tier": "major",
        "min_zoom": 13,
        "bearing": 43.3
      },
      "geometry": {
        "type": "Point",
        "coordinates": [
          -78.88105500031158,
          38.07945789536281
        ]
      }
    },
    {
      "type": "Feature",
      "properties": {
        "name": "Highland Ave",
        "tier": "major",
        "min_zoom": 13,
        "bearing": 42.8
      },
      "geometry": {
        "type": "Point",
        "coordinates": [
          -78.88242864771088,
          38.07800001443032
        ]
      }
    },
    {
      "type": "Feature",
      "properties": {
        "name": "Highland Ave",
        "tier": "major",
        "min_zoom": 13,
        "bearing": 43.2
      },
      "geometry": {
        "type": "Point",
        "coordinates": [
          -78.87967109938549,
          38.0809022117814
        ]
      }
    },
    {
      "type": "Feature",
      "properties": {
        "name": "Highland Ave",
        "tier": "local",
        "min_zoom": 15,
        "bearing": 42.0
      },
      "geometry": {
        "type": "Point",
        "coordinates": [
          -78.88351853871677,
          38.07680891912246
        ]
      }
    },
    {
      "type": "Feature",
      "properties": {
        "name": "Highland Ave",
        "tier": "local",
        "min_zoom": 15,
        "bearing": -72.3
      },
      "geometry": {
        "type": "Point",
        "coordinates": [
          -78.87958209203258,
          38.08188219781036
        ]
      }
    },
    {
      "type": "Feature",
      "properties": {
        "name": "N Delphine Ave",
        "tier": "major",
        "min_zoom": 13,
        "bearing": 8.7
      },
      "geometry": {
        "type": "Point",
        "coordinates": [
          -78.8702466124778,
          38.078050883865004
        ]
      }
    },
    {
      "type": "Feature",
      "properties": {
        "name": "N Delphine Ave",
        "tier": "major",
        "min_zoom": 13,
        "bearing": 28.1
      },
      "geometry": {
        "type": "Point",
        "coordinates": [
          -78.86555398027652,
          38.090383706728055
        ]
      }
    },
    {
      "type": "Feature",
      "properties": {
        "name": "N Delphine Ave",
        "tier": "major",
        "min_zoom": 13,
        "bearing": 16.1
      },
      "geometry": {
        "type": "Point",
        "coordinates": [
          -78.8683427374866,
          38.08233279914372
        ]
      }
    },
    {
      "type": "Feature",
      "properties": {
        "name": "N Delphine Ave",
        "tier": "major",
        "min_zoom": 13,
        "bearing": 21.2
      },
      "geometry": {
        "type": "Point",
        "coordinates": [
          -78.8670068384018,
          38.085984803842265
        ]
      }
    },
    {
      "type": "Feature",
      "properties": {
        "name": "N Delphine Ave",
        "tier": "major",
        "min_zoom": 13,
        "bearing": 43.9
      },
      "geometry": {
        "type": "Point",
        "coordinates": [
          -78.87678674896924,
          38.066656329503665
        ]
      }
    },
    {
      "type": "Feature",
      "properties": {
        "name": "Shenandoah Ave",
        "tier": "local",
        "min_zoom": 15,
        "bearing": 111.0
      },
      "geometry": {
        "type": "Point",
        "coordinates": [
          -78.85939155874938,
          38.07504848702835
        ]
      }
    },
    {
      "type": "Feature",
      "properties": {
        "name": "Shenandoah Ave",
        "tier": "local",
        "min_zoom": 15,
        "bearing": 111.1
      },
      "geometry": {
        "type": "Point",
        "coordinates": [
          -78.86228610895003,
          38.07618784498391
        ]
      }
    },
    {
      "type": "Feature",
      "properties": {
        "name": "Wine Ave",
        "tier": "local",
        "min_zoom": 15,
        "bearing": 113.0
      },
      "geometry": {
        "type": "Point",
        "coordinates": [
          -78.85998105480975,
          38.07430470295228
        ]
      }
    },
    {
      "type": "Feature",
      "properties": {
        "name": "Wine Ave",
        "tier": "local",
        "min_zoom": 15,
        "bearing": 110.2
      },
      "geometry": {
        "type": "Point",
        "coordinates": [
          -78.86533711008565,
          38.076440450256385
        ]
      }
    },
    {
      "type": "Feature",
      "properties": {
        "name": "N Commerce Ave",
        "tier": "major",
        "min_zoom": 13,
        "bearing": 30.4
      },
      "geometry": {
        "type": "Point",
        "coordinates": [
          -78.87730992170495,
          38.06767840645356
        ]
      }
    },
    {
      "type": "Feature",
      "properties": {
        "name": "N Commerce Ave",
        "tier": "major",
        "min_zoom": 13,
        "bearing": 33.2
      },
      "geometry": {
        "type": "Point",
        "coordinates": [
          -78.87399756330058,
          38.0729054544515
        ]
      }
    },
    {
      "type": "Feature",
      "properties": {
        "name": "N Commerce Ave",
        "tier": "major",
        "min_zoom": 13,
        "bearing": 32.7
      },
      "geometry": {
        "type": "Point",
        "coordinates": [
          -78.87504361727197,
          38.0712778252029
        ]
      }
    },
    {
      "type": "Feature",
      "properties": {
        "name": "N Commerce Ave",
        "tier": "major",
        "min_zoom": 13,
        "bearing": 32.5
      },
      "geometry": {
        "type": "Point",
        "coordinates": [
          -78.87295866134161,
          38.07452687667399
        ]
      }
    },
    {
      "type": "Feature",
      "properties": {
        "name": "N Commerce Ave",
        "tier": "major",
        "min_zoom": 13,
        "bearing": 31.0
      },
      "geometry": {
        "type": "Point",
        "coordinates": [
          -78.87596117119834,
          38.069825224333044
        ]
      }
    },
    {
      "type": "Feature",
      "properties": {
        "name": "High St",
        "tier": "local",
        "min_zoom": 15,
        "bearing": 36.8
      },
      "geometry": {
        "type": "Point",
        "coordinates": [
          -78.86881360245127,
          38.07849799942101
        ]
      }
    },
    {
      "type": "Feature",
      "properties": {
        "name": "High St",
        "tier": "local",
        "min_zoom": 15,
        "bearing": 37.8
      },
      "geometry": {
        "type": "Point",
        "coordinates": [
          -78.86821386560476,
          38.079286161365786
        ]
      }
    },
    {
      "type": "Feature",
      "properties": {
        "name": "Allison Ave",
        "tier": "local",
        "min_zoom": 15,
        "bearing": 11.9
      },
      "geometry": {
        "type": "Point",
        "coordinates": [
          -78.8690355123,
          38.08846105441474
        ]
      }
    },
    {
      "type": "Feature",
      "properties": {
        "name": "D St",
        "tier": "local",
        "min_zoom": 15,
        "bearing": 111.7
      },
      "geometry": {
        "type": "Point",
        "coordinates": [
          -78.87019132735423,
          38.07142799439515
        ]
      }
    },
    {
      "type": "Feature",
      "properties": {
        "name": "D St",
        "tier": "local",
        "min_zoom": 15,
        "bearing": 111.5
      },
      "geometry": {
        "type": "Point",
        "coordinates": [
          -78.86486357119679,
          38.06931501342019
        ]
      }
    },
    {
      "type": "Feature",
      "properties": {
        "name": "Court Rd",
        "tier": "major",
        "min_zoom": 13,
        "bearing": -23.6
      },
      "geometry": {
        "type": "Point",
        "coordinates": [
          -78.90573208483184,
          38.058186121676655
        ]
      }
    },
    {
      "type": "Feature",
      "properties": {
        "name": "Court Rd",
        "tier": "major",
        "min_zoom": 13,
        "bearing": -24.8
      },
      "geometry": {
        "type": "Point",
        "coordinates": [
          -78.90638814016434,
          38.05969225935208
        ]
      }
    },
    {
      "type": "Feature",
      "properties": {
        "name": "Robin Rd",
        "tier": "major",
        "min_zoom": 13,
        "bearing": -59.6
      },
      "geometry": {
        "type": "Point",
        "coordinates": [
          -78.90552105178337,
          38.0602945872918
        ]
      }
    },
    {
      "type": "Feature",
      "properties": {
        "name": "Robin Rd",
        "tier": "major",
        "min_zoom": 13,
        "bearing": -24.1
      },
      "geometry": {
        "type": "Point",
        "coordinates": [
          -78.90458885841198,
          38.05843190387747
        ]
      }
    },
    {
      "type": "Feature",
      "properties": {
        "name": "York Dr",
        "tier": "local",
        "min_zoom": 15,
        "bearing": -102.6
      },
      "geometry": {
        "type": "Point",
        "coordinates": [
          -78.90986269792508,
          38.05400953093107
        ]
      }
    },
    {
      "type": "Feature",
      "properties": {
        "name": "York Dr",
        "tier": "local",
        "min_zoom": 15,
        "bearing": 169.4
      },
      "geometry": {
        "type": "Point",
        "coordinates": [
          -78.9082434083126,
          38.05585040866438
        ]
      }
    },
    {
      "type": "Feature",
      "properties": {
        "name": "Lynn Ln",
        "tier": "local",
        "min_zoom": 15,
        "bearing": -17.9
      },
      "geometry": {
        "type": "Point",
        "coordinates": [
          -78.90849149118196,
          38.06066644910875
        ]
      }
    },
    {
      "type": "Feature",
      "properties": {
        "name": "Lynn Ln",
        "tier": "local",
        "min_zoom": 15,
        "bearing": 74.5
      },
      "geometry": {
        "type": "Point",
        "coordinates": [
          -78.90835627714432,
          38.059330287663194
        ]
      }
    },
    {
      "type": "Feature",
      "properties": {
        "name": "Charles St",
        "tier": "local",
        "min_zoom": 15,
        "bearing": -133.4
      },
      "geometry": {
        "type": "Point",
        "coordinates": [
          -78.9053876681917,
          38.05376700792412
        ]
      }
    },
    {
      "type": "Feature",
      "properties": {
        "name": "Ridgewood Rd",
        "tier": "major",
        "min_zoom": 13,
        "bearing": 155.2
      },
      "geometry": {
        "type": "Point",
        "coordinates": [
          -78.90399086638732,
          38.05517921092337
        ]
      }
    },
    {
      "type": "Feature",
      "properties": {
        "name": "Binford Rd",
        "tier": "major",
        "min_zoom": 13,
        "bearing": -25.0
      },
      "geometry": {
        "type": "Point",
        "coordinates": [
          -78.9033192994017,
          38.05707033523552
        ]
      }
    },
    {
      "type": "Feature",
      "properties": {
        "name": "Binford Rd",
        "tier": "major",
        "min_zoom": 13,
        "bearing": -24.2
      },
      "geometry": {
        "type": "Point",
        "coordinates": [
          -78.90275048766868,
          38.05578423481648
        ]
      }
    },
    {
      "type": "Feature",
      "properties": {
        "name": "S Wayne Ave",
        "tier": "major",
        "min_zoom": 13,
        "bearing": -157.0
      },
      "geometry": {
        "type": "Point",
        "coordinates": [
          -78.89003907544817,
          38.066985175677615
        ]
      }
    },
    {
      "type": "Feature",
      "properties": {
        "name": "S Wayne Ave",
        "tier": "major",
        "min_zoom": 13,
        "bearing": -140.9
      },
      "geometry": {
        "type": "Point",
        "coordinates": [
          -78.89204019197739,
          38.064175746038465
        ]
      }
    },
    {
      "type": "Feature",
      "properties": {
        "name": "S Wayne Ave",
        "tier": "major",
        "min_zoom": 13,
        "bearing": -140.7
      },
      "geometry": {
        "type": "Point",
        "coordinates": [
          -78.89309971118321,
          38.06288316824295
        ]
      }
    },
    {
      "type": "Feature",
      "properties": {
        "name": "S Wayne Ave",
        "tier": "local",
        "min_zoom": 15,
        "bearing": -160.4
      },
      "geometry": {
        "type": "Point",
        "coordinates": [
          -78.88953737687945,
          38.06822490609543
        ]
      }
    },
    {
      "type": "Feature",
      "properties": {
        "name": "Maryland Ave",
        "tier": "major",
        "min_zoom": 13,
        "bearing": 103.5
      },
      "geometry": {
        "type": "Point",
        "coordinates": [
          -78.8659124135888,
          38.08432176110796
        ]
      }
    },
    {
      "type": "Feature",
      "properties": {
        "name": "Maryland Ave",
        "tier": "local",
        "min_zoom": 15,
        "bearing": 104.3
      },
      "geometry": {
        "type": "Point",
        "coordinates": [
          -78.86798720623602,
          38.08522942593635
        ]
      }
    },
    {
      "type": "Feature",
      "properties": {
        "name": "Maryland Ave",
        "tier": "local",
        "min_zoom": 15,
        "bearing": 104.3
      },
      "geometry": {
        "type": "Point",
        "coordinates": [
          -78.86720966787917,
          38.084642824213574
        ]
      }
    },
    {
      "type": "Feature",
      "properties": {
        "name": "Harding Ave",
        "tier": "major",
        "min_zoom": 13,
        "bearing": 26.8
      },
      "geometry": {
        "type": "Point",
        "coordinates": [
          -78.86685755451836,
          38.09058543576327
        ]
      }
    },
    {
      "type": "Feature",
      "properties": {
        "name": "Harding Ave",
        "tier": "major",
        "min_zoom": 13,
        "bearing": 19.7
      },
      "geometry": {
        "type": "Point",
        "coordinates": [
          -78.86829699224843,
          38.08627233591818
        ]
      }
    },
    {
      "type": "Feature",
      "properties": {
        "name": "Harding Ave",
        "tier": "local",
        "min_zoom": 15,
        "bearing": 20.8
      },
      "geometry": {
        "type": "Point",
        "coordinates": [
          -78.86757268607042,
          38.08917511379939
        ]
      }
    },
    {
      "type": "Feature",
      "properties": {
        "name": "Harding Ave",
        "tier": "local",
        "min_zoom": 15,
        "bearing": 9.2
      },
      "geometry": {
        "type": "Point",
        "coordinates": [
          -78.86790171880006,
          38.08752499904899
        ]
      }
    },
    {
      "type": "Feature",
      "properties": {
        "name": "2Nd St",
        "tier": "local",
        "min_zoom": 15,
        "bearing": 103.9
      },
      "geometry": {
        "type": "Point",
        "coordinates": [
          -78.871999477389,
          38.07729704353395
        ]
      }
    },
    {
      "type": "Feature",
      "properties": {
        "name": "2Nd St",
        "tier": "local",
        "min_zoom": 15,
        "bearing": 111.6
      },
      "geometry": {
        "type": "Point",
        "coordinates": [
          -78.86233470586606,
          38.07331678905179
        ]
      }
    },
    {
      "type": "Feature",
      "properties": {
        "name": "Woodland Cir",
        "tier": "local",
        "min_zoom": 15,
        "bearing": -166.1
      },
      "geometry": {
        "type": "Point",
        "coordinates": [
          -78.87262864563021,
          38.06908403479215
        ]
      }
    },
    {
      "type": "Feature",
      "properties": {
        "name": "Ivy St",
        "tier": "local",
        "min_zoom": 15,
        "bearing": 28.5
      },
      "geometry": {
        "type": "Point",
        "coordinates": [
          -78.89960377672435,
          38.09136211252091
        ]
      }
    },
    {
      "type": "Feature",
      "properties": {
        "name": "Ivy St",
        "tier": "local",
        "min_zoom": 15,
        "bearing": 6.7
      },
      "geometry": {
        "type": "Point",
        "coordinates": [
          -78.89882359800967,
          38.09501944937441
        ]
      }
    },
    {
      "type": "Feature",
      "properties": {
        "name": "Gum St",
        "tier": "local",
        "min_zoom": 15,
        "bearing": -31.3
      },
      "geometry": {
        "type": "Point",
        "coordinates": [
          -78.8923745926557,
          38.08001960499693
        ]
      }
    },
    {
      "type": "Feature",
      "properties": {
        "name": "Gum St",
        "tier": "local",
        "min_zoom": 15,
        "bearing": -30.9
      },
      "geometry": {
        "type": "Point",
        "coordinates": [
          -78.89039958784336,
          38.0767777781078
        ]
      }
    },
    {
      "type": "Feature",
      "properties": {
        "name": "Hemlock St",
        "tier": "local",
        "min_zoom": 15,
        "bearing": -58.2
      },
      "geometry": {
        "type": "Point",
        "coordinates": [
          -78.885483008937,
          38.07863275473683
        ]
      }
    },
    {
      "type": "Feature",
      "properties": {
        "name": "Hemlock St",
        "tier": "local",
        "min_zoom": 15,
        "bearing": -59.9
      },
      "geometry": {
        "type": "Point",
        "coordinates": [
          -78.8835815316232,
          38.077537309706585
        ]
      }
    },
    {
      "type": "Feature",
      "properties": {
        "name": "Lyndhurst Rd",
        "tier": "major",
        "min_zoom": 13,
        "bearing": -110.7
      },
      "geometry": {
        "type": "Point",
        "coordinates": [
          -78.8984676270088,
          38.05961396661114
        ]
      }
    },
    {
      "type": "Feature",
      "properties": {
        "name": "Lyndhurst Rd",
        "tier": "major",
        "min_zoom": 13,
        "bearing": -117.0
      },
      "geometry": {
        "type": "Point",
        "coordinates": [
          -78.92509348916327,
          38.05080245164808
        ]
      }
    },
    {
      "type": "Feature",
      "properties": {
        "name": "Lyndhurst Rd",
        "tier": "major",
        "min_zoom": 13,
        "bearing": -103.0
      },
      "geometry": {
        "type": "Point",
        "coordinates": [
          -78.92927457127264,
          38.049767320392476
        ]
      }
    },
    {
      "type": "Feature",
      "properties": {
        "name": "Lyndhurst Rd",
        "tier": "major",
        "min_zoom": 13,
        "bearing": -102.7
      },
      "geometry": {
        "type": "Point",
        "coordinates": [
          -78.91717737207529,
          38.054257210558745
        ]
      }
    },
    {
      "type": "Feature",
      "properties": {
        "name": "Lyndhurst Rd",
        "tier": "major",
        "min_zoom": 13,
        "bearing": -106.1
      },
      "geometry": {
        "type": "Point",
        "coordinates": [
          -78.90103437262425,
          38.058441099993566
        ]
      }
    },
    {
      "type": "Feature",
      "properties": {
        "name": "13Th St",
        "tier": "local",
        "min_zoom": 15,
        "bearing": -62.9
      },
      "geometry": {
        "type": "Point",
        "coordinates": [
          -78.90087570116917,
          38.067795491155636
        ]
      }
    },
    {
      "type": "Feature",
      "properties": {
        "name": "13Th St",
        "tier": "local",
        "min_zoom": 15,
        "bearing": -62.7
      },
      "geometry": {
        "type": "Point",
        "coordinates": [
          -78.90417982828754,
          38.06948880507126
        ]
      }
    },
    {
      "type": "Feature",
      "properties": {
        "name": "Fir St",
        "tier": "local",
        "min_zoom": 15,
        "bearing": 45.8
      },
      "geometry": {
        "type": "Point",
        "coordinates": [
          -78.88893499367443,
          38.083474392647375
        ]
      }
    },
    {
      "type": "Feature",
      "properties": {
        "name": "Fir St",
        "tier": "local",
        "min_zoom": 15,
        "bearing": 69.5
      },
      "geometry": {
        "type": "Point",
        "coordinates": [
          -78.89041264128441,
          38.08227045686267
        ]
      }
    },
    {
      "type": "Feature",
      "properties": {
        "name": "New Hope Rd",
        "tier": "major",
        "min_zoom": 13,
        "bearing": -60.5
      },
      "geometry": {
        "type": "Point",
        "coordinates": [
          -78.89925748946266,
          38.08030739180903
        ]
      }
    },
    {
      "type": "Feature",
      "properties": {
        "name": "New Hope Rd",
        "tier": "major",
        "min_zoom": 13,
        "bearing": -25.5
      },
      "geometry": {
        "type": "Point",
        "coordinates": [
          -78.89571848315182,
          38.07615673493941
        ]
      }
    },
    {
      "type": "Feature",
      "properties": {
        "name": "New Hope Rd",
        "tier": "major",
        "min_zoom": 13,
        "bearing": -33.1
      },
      "geometry": {
        "type": "Point",
        "coordinates": [
          -78.89679390576224,
          38.077831660181
        ]
      }
    },
    {
      "type": "Feature",
      "properties": {
        "name": "New Hope Rd",
        "tier": "major",
        "min_zoom": 13,
        "bearing": 32.4
      },
      "geometry": {
        "type": "Point",
        "coordinates": [
          -78.89401710477713,
          38.071669289085875
        ]
      }
    },
    {
      "type": "Feature",
      "properties": {
        "name": "New Hope Rd",
        "tier": "major",
        "min_zoom": 13,
        "bearing": -23.4
      },
      "geometry": {
        "type": "Point",
        "coordinates": [
          -78.89448000663471,
          38.07313376806038
        ]
      }
    },
    {
      "type": "Feature",
      "properties": {
        "name": "Federal St",
        "tier": "local",
        "min_zoom": 15,
        "bearing": -80.5
      },
      "geometry": {
        "type": "Point",
        "coordinates": [
          -78.89249572805498,
          38.06830855452162
        ]
      }
    },
    {
      "type": "Feature",
      "properties": {
        "name": "Federal St",
        "tier": "local",
        "min_zoom": 15,
        "bearing": -83.0
      },
      "geometry": {
        "type": "Point",
        "coordinates": [
          -78.89054661331794,
          38.06803799550025
        ]
      }
    },
    {
      "type": "Feature",
      "properties": {
        "name": "N Bayard Ave",
        "tier": "major",
        "min_zoom": 13,
        "bearing": 98.9
      },
      "geometry": {
        "type": "Point",
        "coordinates": [
          -78.87241929856708,
          38.077664048410234
        ]
      }
    },
    {
      "type": "Feature",
      "properties": {
        "name": "N Bayard Ave",
        "tier": "major",
        "min_zoom": 13,
        "bearing": 31.9
      },
      "geometry": {
        "type": "Point",
        "coordinates": [
          -78.87613329296451,
          38.071474434086085
        ]
      }
    },
    {
      "type": "Feature",
      "properties": {
        "name": "N Bayard Ave",
        "tier": "major",
        "min_zoom": 13,
        "bearing": 32.0
      },
      "geometry": {
        "type": "Point",
        "coordinates": [
          -78.87397183845114,
          38.07491787872922
        ]
      }
    },
    {
      "type": "Feature",
      "properties": {
        "name": "N Bayard Ave",
        "tier": "major",
        "min_zoom": 13,
        "bearing": 31.9
      },
      "geometry": {
        "type": "Point",
        "coordinates": [
          -78.87781195190266,
          38.06884450487408
        ]
      }
    },
    {
      "type": "Feature",
      "properties": {
        "name": "N Bayard Ave",
        "tier": "major",
        "min_zoom": 13,
        "bearing": 33.2
      },
      "geometry": {
        "type": "Point",
        "coordinates": [
          -78.87299099040183,
          38.07643965059889
        ]
      }
    },
    {
      "type": "Feature",
      "properties": {
        "name": "Florence Ave",
        "tier": "major",
        "min_zoom": 13,
        "bearing": 46.5
      },
      "geometry": {
        "type": "Point",
        "coordinates": [
          -78.88628145040086,
          38.07697177427419
        ]
      }
    },
    {
      "type": "Feature",
      "properties": {
        "name": "Florence Ave",
        "tier": "major",
        "min_zoom": 13,
        "bearing": 41.6
      },
      "geometry": {
        "type": "Point",
        "coordinates": [
          -78.8843026900071,
          38.07908249262471
        ]
      }
    },
    {
      "type": "Feature",
      "properties": {
        "name": "Florence Ave",
        "tier": "major",
        "min_zoom": 13,
        "bearing": 41.4
      },
      "geometry": {
        "type": "Point",
        "coordinates": [
          -78.88293267764114,
          38.08054536550846
        ]
      }
    },
    {
      "type": "Feature",
      "properties": {
        "name": "Florence Ave",
        "tier": "major",
        "min_zoom": 13,
        "bearing": 34.0
      },
      "geometry": {
        "type": "Point",
        "coordinates": [
          -78.88775166740149,
          38.07522727588312
        ]
      }
    },
    {
      "type": "Feature",
      "properties": {
        "name": "Florence Ave",
        "tier": "local",
        "min_zoom": 15,
        "bearing": 43.2
      },
      "geometry": {
        "type": "Point",
        "coordinates": [
          -78.88177742363611,
          38.0818022711202
        ]
      }
    },
    {
      "type": "Feature",
      "properties": {
        "name": "Monroe St",
        "tier": "local",
        "min_zoom": 15,
        "bearing": -66.1
      },
      "geometry": {
        "type": "Point",
        "coordinates": [
          -78.90332029928202,
          38.078624029391314
        ]
      }
    },
    {
      "type": "Feature",
      "properties": {
        "name": "Monroe St",
        "tier": "local",
        "min_zoom": 15,
        "bearing": -73.4
      },
      "geometry": {
        "type": "Point",
        "coordinates": [
          -78.90154011116428,
          38.078056401197514
        ]
      }
    },
    {
      "type": "Feature",
      "properties": {
        "name": "N Linden Ave",
        "tier": "local",
        "min_zoom": 15,
        "bearing": 25.3
      },
      "geometry": {
        "type": "Point",
        "coordinates": [
          -78.89938458660784,
          38.07688216856993
        ]
      }
    },
    {
      "type": "Feature",
      "properties": {
        "name": "N Linden Ave",
        "tier": "local",
        "min_zoom": 15,
        "bearing": 26.4
      },
      "geometry": {
        "type": "Point",
        "coordinates": [
          -78.90026897226328,
          38.07503658337865
        ]
      }
    },
    {
      "type": "Feature",
      "properties": {
        "name": "Lumos Plaza",
        "tier": "local",
        "min_zoom": 15,
        "bearing": -81.9
      },
      "geometry": {
        "type": "Point",
        "coordinates": [
          -78.88813895178664,
          38.06905511521726
        ]
      }
    },
    {
      "type": "Feature",
      "properties": {
        "name": "Lumos Plaza",
        "tier": "local",
        "min_zoom": 15,
        "bearing": -82.4
      },
      "geometry": {
        "type": "Point",
        "coordinates": [
          -78.8902283996657,
          38.0693516187995
        ]
      }
    },
    {
      "type": "Feature",
      "properties": {
        "name": "Hickory St",
        "tier": "local",
        "min_zoom": 15,
        "bearing": -31.1
      },
      "geometry": {
        "type": "Point",
        "coordinates": [
          -78.89409294941119,
          38.07936514839136
        ]
      }
    },
    {
      "type": "Feature",
      "properties": {
        "name": "Hickory St",
        "tier": "local",
        "min_zoom": 15,
        "bearing": -31.6
      },
      "geometry": {
        "type": "Point",
        "coordinates": [
          -78.89211874624452,
          38.07612198696887
        ]
      }
    },
    {
      "type": "Feature",
      "properties": {
        "name": "Cherry Ave",
        "tier": "major",
        "min_zoom": 13,
        "bearing": -141.0
      },
      "geometry": {
        "type": "Point",
        "coordinates": [
          -78.90078556109574,
          38.065010416179724
        ]
      }
    },
    {
      "type": "Feature",
      "properties": {
        "name": "Cherry Ave",
        "tier": "major",
        "min_zoom": 13,
        "bearing": -139.7
      },
      "geometry": {
        "type": "Point",
        "coordinates": [
          -78.89868176835041,
          38.06758228802645
        ]
      }
    },
    {
      "type": "Feature",
      "properties": {
        "name": "Cherry Ave",
        "tier": "major",
        "min_zoom": 13,
        "bearing": -115.0
      },
      "geometry": {
        "type": "Point",
        "coordinates": [
          -78.9019904576089,
          38.063880356441
        ]
      }
    },
    {
      "type": "Feature",
      "properties": {
        "name": "Arch Ave",
        "tier": "major",
        "min_zoom": 13,
        "bearing": -100.4
      },
      "geometry": {
        "type": "Point",
        "coordinates": [
          -78.89229303137812,
          38.0604047500642
        ]
      }
    },
    {
      "type": "Feature",
      "properties": {
        "name": "Arch Ave",
        "tier": "major",
        "min_zoom": 13,
        "bearing": -141.8
      },
      "geometry": {
        "type": "Point",
        "coordinates": [
          -78.89088169243729,
          38.06174585414032
        ]
      }
    },
    {
      "type": "Feature",
      "properties": {
        "name": "Arch Ave",
        "tier": "major",
        "min_zoom": 13,
        "bearing": -140.1
      },
      "geometry": {
        "type": "Point",
        "coordinates": [
          -78.88982476139485,
          38.063043295620965
        ]
      }
    },
    {
      "type": "Feature",
      "properties": {
        "name": "Arch Ave",
        "tier": "major",
        "min_zoom": 13,
        "bearing": -141.1
      },
      "geometry": {
        "type": "Point",
        "coordinates": [
          -78.88876762707405,
          38.064333127620294
        ]
      }
    },
    {
      "type": "Feature",
      "properties": {
        "name": "Arch Ave",
        "tier": "major",
        "min_zoom": 13,
        "bearing": -144.4
      },
      "geometry": {
        "type": "Point",
        "coordinates": [
          -78.88776424380335,
          38.065564455314245
        ]
      }
    },
    {
      "type": "Feature",
      "properties": {
        "name": "White Oak Rd",
        "tier": "major",
        "min_zoom": 13,
        "bearing": -130.5
      },
      "geometry": {
        "type": "Point",
        "coordinates": [
          -78.91959625546542,
          38.063599997740035
        ]
      }
    },
    {
      "type": "Feature",
      "properties": {
        "name": "Genicom Dr",
        "tier": "local",
        "min_zoom": 15,
        "bearing": 9.4
      },
      "geometry": {
        "type": "Point",
        "coordinates": [
          -78.87306450214808,
          38.08570109728274
        ]
      }
    },
    {
      "type": "Feature",
      "properties": {
        "name": "Hopeman Pkwy",
        "tier": "major",
        "min_zoom": 13,
        "bearing": 74.0
      },
      "geometry": {
        "type": "Point",
        "coordinates": [
          -78.89120608041607,
          38.084499238497635
        ]
      }
    },
    {
      "type": "Feature",
      "properties": {
        "name": "Hopeman Pkwy",
        "tier": "major",
        "min_zoom": 13,
        "bearing": 69.5
      },
      "geometry": {
        "type": "Point",
        "coordinates": [
          -78.88577536796245,
          38.086151279800454
        ]
      }
    },
    {
      "type": "Feature",
      "properties": {
        "name": "Hopeman Pkwy",
        "tier": "major",
        "min_zoom": 13,
        "bearing": 62.5
      },
      "geometry": {
        "type": "Point",
        "coordinates": [
          -78.88327700575583,
          38.0872342856566
        ]
      }
    },
    {
      "type": "Feature",
      "properties": {
        "name": "Hopeman Pkwy",
        "tier": "major",
        "min_zoom": 13,
        "bearing": 71.8
      },
      "geometry": {
        "type": "Point",
        "coordinates": [
          -78.87998473549344,
          38.08863815090019
        ]
      }
    },
    {
      "type": "Feature",
      "properties": {
        "name": "Hopeman Pkwy",
        "tier": "major",
        "min_zoom": 13,
        "bearing": 66.2
      },
      "geometry": {
        "type": "Point",
        "coordinates": [
          -78.90261396660881,
          38.080576213419626
        ]
      }
    },
    {
      "type": "Feature",
      "properties": {
        "name": "10Th St",
        "tier": "local",
        "min_zoom": 15,
        "bearing": 153.4
      },
      "geometry": {
        "type": "Point",
        "coordinates": [
          -78.87119462100006,
          38.05845477031904
        ]
      }
    },
    {
      "type": "Feature",
      "properties": {
        "name": "10Th St",
        "tier": "local",
        "min_zoom": 15,
        "bearing": 112.3
      },
      "geometry": {
        "type": "Point",
        "coordinates": [
          -78.8752494420772,
          38.06292005241569
        ]
      }
    },
    {
      "type": "Feature",
      "properties": {
        "name": "W 12Th St",
        "tier": "local",
        "min_zoom": 15,
        "bearing": -62.9
      },
      "geometry": {
        "type": "Point",
        "coordinates": [
          -78.89759888759902,
          38.06794232886622
        ]
      }
    },
    {
      "type": "Feature",
      "properties": {
        "name": "W 12Th St",
        "tier": "local",
        "min_zoom": 15,
        "bearing": -62.7
      },
      "geometry": {
        "type": "Point",
        "coordinates": [
          -78.90312728405328,
          38.07077884710595
        ]
      }
    },
    {
      "type": "Feature",
      "properties": {
        "name": "Mosley St",
        "tier": "local",
        "min_zoom": 15,
        "bearing": -60.2
      },
      "geometry": {
        "type": "Point",
        "coordinates": [
          -78.90806512250353,
          38.08264233253996
        ]
      }
    },
    {
      "type": "Feature",
      "properties": {
        "name": "Mosley St",
        "tier": "local",
        "min_zoom": 15,
        "bearing": -63.6
      },
      "geometry": {
        "type": "Point",
        "coordinates": [
          -78.9052869786886,
          38.08103233849277
        ]
      }
    },
    {
      "type": "Feature",
      "properties": {
        "name": "Chase Ave",
        "tier": "major",
        "min_zoom": 13,
        "bearing": -36.6
      },
      "geometry": {
        "type": "Point",
        "coordinates": [
          -78.9110037628456,
          38.07877959462188
        ]
      }
    },
    {
      "type": "Feature",
      "properties": {
        "name": "Chase Ave",
        "tier": "major",
        "min_zoom": 13,
        "bearing": -36.5
      },
      "geometry": {
        "type": "Point",
        "coordinates": [
          -78.91248238755058,
          38.08072795771646
        ]
      }
    },
    {
      "type": "Feature",
      "properties": {
        "name": "Chase Ave",
        "tier": "local",
        "min_zoom": 15,
        "bearing": -54.1
      },
      "geometry": {
        "type": "Point",
        "coordinates": [
          -78.91338003796815,
          38.08159246651001
        ]
      }
    },
    {
      "type": "Feature",
      "properties": {
        "name": "Hampton Dr",
        "tier": "local",
        "min_zoom": 15,
        "bearing": -13.4
      },
      "geometry": {
        "type": "Point",
        "coordinates": [
          -78.90209089228365,
          38.08547429318381
        ]
      }
    },
    {
      "type": "Feature",
      "properties": {
        "name": "Battery Rd",
        "tier": "local",
        "min_zoom": 15,
        "bearing": -72.3
      },
      "geometry": {
        "type": "Point",
        "coordinates": [
          -78.91612205447439,
          38.07955186117543
        ]
      }
    },
    {
      "type": "Feature",
      "properties": {
        "name": "Ash St",
        "tier": "local",
        "min_zoom": 15,
        "bearing": -59.7
      },
      "geometry": {
        "type": "Point",
        "coordinates": [
          -78.88085222174432,
          38.08047534401826
        ]
      }
    },
    {
      "type": "Feature",
      "properties": {
        "name": "Ash St",
        "tier": "local",
        "min_zoom": 15,
        "bearing": -58.9
      },
      "geometry": {
        "type": "Point",
        "coordinates": [
          -78.87990000908175,
          38.07992005639952
        ]
      }
    },
    {
      "type": "Feature",
      "properties": {
        "name": "Downey Dr",
        "tier": "local",
        "min_zoom": 15,
        "bearing": -152.2
      },
      "geometry": {
        "type": "Point",
        "coordinates": [
          -78.91142296889292,
          38.07202434021996
        ]
      }
    },
    {
      "type": "Feature",
      "properties": {
        "name": "Downey Dr",
        "tier": "local",
        "min_zoom": 15,
        "bearing": -154.5
      },
      "geometry": {
        "type": "Point",
        "coordinates": [
          -78.9100803779354,
          38.07476399646026
        ]
      }
    },
    {
      "type": "Feature",
      "properties": {
        "name": "N Poplar Ave",
        "tier": "major",
        "min_zoom": 13,
        "bearing": 40.3
      },
      "geometry": {
        "type": "Point",
        "coordinates": [
          -78.89711384093413,
          38.07322990230655
        ]
      }
    },
    {
      "type": "Feature",
      "properties": {
        "name": "N Poplar Ave",
        "tier": "local",
        "min_zoom": 15,
        "bearing": 39.9
      },
      "geometry": {
        "type": "Point",
        "coordinates": [
          -78.89802891236212,
          38.0721168892015
        ]
      }
    },
    {
      "type": "Feature",
      "properties": {
        "name": "N Poplar Ave",
        "tier": "local",
        "min_zoom": 15,
        "bearing": 49.9
      },
      "geometry": {
        "type": "Point",
        "coordinates": [
          -78.89566601361996,
          38.07456130800072
        ]
      }
    },
    {
      "type": "Feature",
      "properties": {
        "name": "Maple Ave",
        "tier": "major",
        "min_zoom": 13,
        "bearing": 168.7
      },
      "geometry": {
        "type": "Point",
        "coordinates": [
          -78.89507241022966,
          38.06631921620054
        ]
      }
    },
    {
      "type": "Feature",
      "properties": {
        "name": "Maple Ave",
        "tier": "major",
        "min_zoom": 13,
        "bearing": -117.3
      },
      "geometry": {
        "type": "Point",
        "coordinates": [
          -78.90003136263223,
          38.061562498290506
        ]
      }
    },
    {
      "type": "Feature",
      "properties": {
        "name": "Maple Ave",
        "tier": "major",
        "min_zoom": 13,
        "bearing": -140.7
      },
      "geometry": {
        "type": "Point",
        "coordinates": [
          -78.89642563003585,
          38.064587976861866
        ]
      }
    },
    {
      "type": "Feature",
      "properties": {
        "name": "Maple Ave",
        "tier": "major",
        "min_zoom": 13,
        "bearing": -140.2
      },
      "geometry": {
        "type": "Point",
        "coordinates": [
          -78.89748389484276,
          38.06329551220825
        ]
      }
    },
    {
      "type": "Feature",
      "properties": {
        "name": "Maple Ave",
        "tier": "local",
        "min_zoom": 15,
        "bearing": -141.8
      },
      "geometry": {
        "type": "Point",
        "coordinates": [
          -78.89837044253818,
          38.0622127362417
        ]
      }
    },
    {
      "type": "Feature",
      "properties": {
        "name": "Edward Ave",
        "tier": "major",
        "min_zoom": 13,
        "bearing": 69.0
      },
      "geometry": {
        "type": "Point",
        "coordinates": [
          -78.89077153737178,
          38.07912814046213
        ]
      }
    },
    {
      "type": "Feature",
      "properties": {
        "name": "Edward Ave",
        "tier": "major",
        "min_zoom": 13,
        "bearing": 69.4
      },
      "geometry": {
        "type": "Point",
        "coordinates": [
          -78.89249281837446,
          38.07847368845266
        ]
      }
    },
    {
      "type": "Feature",
      "properties": {
        "name": "Edward Ave",
        "tier": "major",
        "min_zoom": 13,
        "bearing": 69.3
      },
      "geometry": {
        "type": "Point",
        "coordinates": [
          -78.89420393535332,
          38.07782978166354
        ]
      }
    },
    {
      "type": "Feature",
      "properties": {
        "name": "Edward Ave",
        "tier": "local",
        "min_zoom": 15,
        "bearing": 68.8
      },
      "geometry": {
        "type": "Point",
        "coordinates": [
          -78.89566411695304,
          38.07727334707847
        ]
      }
    },
    {
      "type": "Feature",
      "properties": {
        "name": "Loudoun Ave",
        "tier": "major",
        "min_zoom": 13,
        "bearing": 70.2
      },
      "geometry": {
        "type": "Point",
        "coordinates": [
          -78.8937371458638,
          38.077016881332085
        ]
      }
    },
    {
      "type": "Feature",
      "properties": {
        "name": "Loudoun Ave",
        "tier": "major",
        "min_zoom": 13,
        "bearing": 69.3
      },
      "geometry": {
        "type": "Point",
        "coordinates": [
          -78.8902797228055,
          38.0783309884032
        ]
      }
    },
    {
      "type": "Feature",
      "properties": {
        "name": "Loudoun Ave",
        "tier": "major",
        "min_zoom": 13,
        "bearing": 69.0
      },
      "geometry": {
        "type": "Point",
        "coordinates": [
          -78.8920004312497,
          38.07767016946991
        ]
      }
    },
    {
      "type": "Feature",
      "properties": {
        "name": "Loudoun Ave",
        "tier": "local",
        "min_zoom": 15,
        "bearing": 69.6
      },
      "geometry": {
        "type": "Point",
        "coordinates": [
          -78.88745643228255,
          38.07940572852637
        ]
      }
    },
    {
      "type": "Feature",
      "properties": {
        "name": "Loudoun Ave",
        "tier": "local",
        "min_zoom": 15,
        "bearing": 68.8
      },
      "geometry": {
        "type": "Point",
        "coordinates": [
          -78.8887968179419,
          38.07889536433415
        ]
      }
    },
    {
      "type": "Feature",
      "properties": {
        "name": "Park Rd",
        "tier": "major",
        "min_zoom": 13,
        "bearing": -73.4
      },
      "geometry": {
        "type": "Point",
        "coordinates": [
          -78.9105606309924,
          38.076545849700786
        ]
      }
    },
    {
      "type": "Feature",
      "properties": {
        "name": "Park Rd",
        "tier": "major",
        "min_zoom": 13,
        "bearing": -73.1
      },
      "geometry": {
        "type": "Point",
        "coordinates": [
          -78.90332251049092,
          38.07436773075979
        ]
      }
    },
    {
      "type": "Feature",
      "properties": {
        "name": "Park Rd",
        "tier": "major",
        "min_zoom": 13,
        "bearing": -72.7
      },
      "geometry": {
        "type": "Point",
        "coordinates": [
          -78.91571820038723,
          38.0781806648978
        ]
      }
    },
    {
      "type": "Feature",
      "properties": {
        "name": "Park Rd",
        "tier": "major",
        "min_zoom": 13,
        "bearing": -73.1
      },
      "geometry": {
        "type": "Point",
        "coordinates": [
          -78.90167253205567,
          38.073872747279296
        ]
      }
    },
    {
      "type": "Feature",
      "properties": {
        "name": "Park Rd",
        "tier": "local",
        "min_zoom": 15,
        "bearing": -71.7
      },
      "geometry": {
        "type": "Point",
        "coordinates": [
          -78.91431262822495,
          38.077730409824674
        ]
      }
    },
    {
      "type": "Feature",
      "properties": {
        "name": "S Laurel Ave",
        "tier": "major",
        "min_zoom": 13,
        "bearing": -140.4
      },
      "geometry": {
        "type": "Point",
        "coordinates": [
          -78.90421195149301,
          38.07042212443136
        ]
      }
    },
    {
      "type": "Feature",
      "properties": {
        "name": "S Laurel Ave",
        "tier": "local",
        "min_zoom": 15,
        "bearing": -140.7
      },
      "geometry": {
        "type": "Point",
        "coordinates": [
          -78.903252346894,
          38.07159395890092
        ]
      }
    },
    {
      "type": "Feature",
      "properties": {
        "name": "W Main St",
        "tier": "local",
        "min_zoom": 15,
        "bearing": -67.7
      },
      "geometry": {
        "type": "Point",
        "coordinates": [
          -78.92744057004784,
          38.081543009735206
        ]
      }
    },
    {
      "type": "Feature",
      "properties": {
        "name": "W Main St",
        "tier": "local",
        "min_zoom": 15,
        "bearing": -58.5
      },
      "geometry": {
        "type": "Point",
        "coordinates": [
          -78.89696577221153,
          38.07087496713807
        ]
      }
    },
    {
      "type": "Feature",
      "properties": {
        "name": "Wayneridge Rd",
        "tier": "major",
        "min_zoom": 13,
        "bearing": 156.8
      },
      "geometry": {
        "type": "Point",
        "coordinates": [
          -78.90879808117634,
          38.07101175748886
        ]
      }
    },
    {
      "type": "Feature",
      "properties": {
        "name": "Wayneridge Rd",
        "tier": "local",
        "min_zoom": 15,
        "bearing": -153.6
      },
      "geometry": {
        "type": "Point",
        "coordinates": [
          -78.90742046097571,
          38.073944415490224
        ]
      }
    },
    {
      "type": "Feature",
      "properties": {
        "name": "Carolina Ave",
        "tier": "local",
        "min_zoom": 15,
        "bearing": -79.8
      },
      "geometry": {
        "type": "Point",
        "coordinates": [
          -78.86707740323025,
          38.088573800617574
        ]
      }
    },
    {
      "type": "Feature",
      "properties": {
        "name": "Carolina Ave",
        "tier": "local",
        "min_zoom": 15,
        "bearing": -79.7
      },
      "geometry": {
        "type": "Point",
        "coordinates": [
          -78.86832908640719,
          38.08880069937266
        ]
      }
    },
    {
      "type": "Feature",
      "properties": {
        "name": "Strawberry Ln",
        "tier": "local",
        "min_zoom": 15,
        "bearing": 39.8
      },
      "geometry": {
        "type": "Point",
        "coordinates": [
          -78.86834034427281,
          38.08076929410547
        ]
      }
    },
    {
      "type": "Feature",
      "properties": {
        "name": "Strawberry Ln",
        "tier": "local",
        "min_zoom": 15,
        "bearing": 26.8
      },
      "geometry": {
        "type": "Point",
        "coordinates": [
          -78.8677809715552,
          38.0816573058175
        ]
      }
    },
    {
      "type": "Feature",
      "properties": {
        "name": "Georgia Ave",
        "tier": "major",
        "min_zoom": 13,
        "bearing": 104.2
      },
      "geometry": {
        "type": "Point",
        "coordinates": [
          -78.86536664888492,
          38.08658768261848
        ]
      }
    },
    {
      "type": "Feature",
      "properties": {
        "name": "Georgia Ave",
        "tier": "local",
        "min_zoom": 15,
        "bearing": 96.5
      },
      "geometry": {
        "type": "Point",
        "coordinates": [
          -78.8673190725077,
          38.08705996866736
        ]
      }
    },
    {
      "type": "Feature",
      "properties": {
        "name": "Carman Ave",
        "tier": "major",
        "min_zoom": 13,
        "bearing": -150.3
      },
      "geometry": {
        "type": "Point",
        "coordinates": [
          -78.91870747201907,
          38.07709216381764
        ]
      }
    },
    {
      "type": "Feature",
      "properties": {
        "name": "Carman Ave",
        "tier": "local",
        "min_zoom": 15,
        "bearing": -145.7
      },
      "geometry": {
        "type": "Point",
        "coordinates": [
          -78.92090306672452,
          38.073657094542384
        ]
      }
    },
    {
      "type": "Feature",
      "properties": {
        "name": "Carman Ave",
        "tier": "local",
        "min_zoom": 15,
        "bearing": -145.2
      },
      "geometry": {
        "type": "Point",
        "coordinates": [
          -78.91953537934856,
          38.07575963418277
        ]
      }
    },
    {
      "type": "Feature",
      "properties": {
        "name": "Carman Ave",
        "tier": "local",
        "min_zoom": 15,
        "bearing": -146.2
      },
      "geometry": {
        "type": "Point",
        "coordinates": [
          -78.92141832676393,
          38.07285202241694
        ]
      }
    },
    {
      "type": "Feature",
      "properties": {
        "name": "Forest Dr",
        "tier": "local",
        "min_zoom": 15,
        "bearing": -68.4
      },
      "geometry": {
        "type": "Point",
        "coordinates": [
          -78.91723996603075,
          38.07285395458871
        ]
      }
    },
    {
      "type": "Feature",
      "properties": {
        "name": "Forest Dr",
        "tier": "local",
        "min_zoom": 15,
        "bearing": -68.8
      },
      "geometry": {
        "type": "Point",
        "coordinates": [
          -78.9195293318449,
          38.0737778072584
        ]
      }
    },
    {
      "type": "Feature",
      "properties": {
        "name": "16Th St",
        "tier": "local",
        "min_zoom": 15,
        "bearing": -50.5
      },
      "geometry": {
        "type": "Point",
        "coordinates": [
          -78.89937841440336,
          38.062305341878734
        ]
      }
    },
    {
      "type": "Feature",
      "properties": {
        "name": "16Th St",
        "tier": "local",
        "min_zoom": 15,
        "bearing": -25.7
      },
      "geometry": {
        "type": "Point",
        "coordinates": [
          -78.88750097595779,
          38.05558081746086
        ]
      }
    },
    {
      "type": "Feature",
      "properties": {
        "name": "Lee Dr",
        "tier": "local",
        "min_zoom": 15,
        "bearing": 52.7
      },
      "geometry": {
        "type": "Point",
        "coordinates": [
          -78.92116374326145,
          38.08216746172191
        ]
      }
    },
    {
      "type": "Feature",
      "properties": {
        "name": "Lee Dr",
        "tier": "local",
        "min_zoom": 15,
        "bearing": -68.9
      },
      "geometry": {
        "type": "Point",
        "coordinates": [
          -78.92290373726698,
          38.08501453925836
        ]
      }
    },
    {
      "type": "Feature",
      "properties": {
        "name": "Fairfax Ave",
        "tier": "major",
        "min_zoom": 13,
        "bearing": 40.9
      },
      "geometry": {
        "type": "Point",
        "coordinates": [
          -78.87692741474436,
          38.08079280471742
        ]
      }
    },
    {
      "type": "Feature",
      "properties": {
        "name": "N Bath Ave",
        "tier": "major",
        "min_zoom": 13,
        "bearing": 30.9
      },
      "geometry": {
        "type": "Point",
        "coordinates": [
          -78.87509664242607,
          38.077418563086034
        ]
      }
    },
    {
      "type": "Feature",
      "properties": {
        "name": "N Bath Ave",
        "tier": "major",
        "min_zoom": 13,
        "bearing": 33.5
      },
      "geometry": {
        "type": "Point",
        "coordinates": [
          -78.87611414092143,
          38.075778546859844
        ]
      }
    },
    {
      "type": "Feature",
      "properties": {
        "name": "N Bath Ave",
        "tier": "major",
        "min_zoom": 13,
        "bearing": 32.8
      },
      "geometry": {
        "type": "Point",
        "coordinates": [
          -78.87817607894438,
          38.07252730825078
        ]
      }
    },
    {
      "type": "Feature",
      "properties": {
        "name": "N Bath Ave",
        "tier": "major",
        "min_zoom": 13,
        "bearing": 32.4
      },
      "geometry": {
        "type": "Point",
        "coordinates": [
          -78.87714656734249,
          38.07415232110512
        ]
      }
    },
    {
      "type": "Feature",
      "properties": {
        "name": "N Bath Ave",
        "tier": "major",
        "min_zoom": 13,
        "bearing": 31.4
      },
      "geometry": {
        "type": "Point",
        "coordinates": [
          -78.87990869616483,
          38.069773806985495
        ]
      }
    },
    {
      "type": "Feature",
      "properties": {
        "name": "4Th St",
        "tier": "local",
        "min_zoom": 15,
        "bearing": 111.2
      },
      "geometry": {
        "type": "Point",
        "coordinates": [
          -78.86969091441892,
          38.072215392399535
        ]
      }
    },
    {
      "type": "Feature",
      "properties": {
        "name": "4Th St",
        "tier": "local",
        "min_zoom": 15,
        "bearing": 112.9
      },
      "geometry": {
        "type": "Point",
        "coordinates": [
          -78.86579992258045,
          38.07066502763644
        ]
      }
    },
    {
      "type": "Feature",
      "properties": {
        "name": "S Winchester Ave",
        "tier": "major",
        "min_zoom": 13,
        "bearing": -148.0
      },
      "geometry": {
        "type": "Point",
        "coordinates": [
          -78.87882441097774,
          38.06127382676693
        ]
      }
    },
    {
      "type": "Feature",
      "properties": {
        "name": "S Winchester Ave",
        "tier": "major",
        "min_zoom": 13,
        "bearing": -107.3
      },
      "geometry": {
        "type": "Point",
        "coordinates": [
          -78.8925404039799,
          38.05330229185386
        ]
      }
    },
    {
      "type": "Feature",
      "properties": {
        "name": "S Winchester Ave",
        "tier": "major",
        "min_zoom": 13,
        "bearing": -107.6
      },
      "geometry": {
        "type": "Point",
        "coordinates": [
          -78.89452944571502,
          38.052690508708
        ]
      }
    },
    {
      "type": "Feature",
      "properties": {
        "name": "S Winchester Ave",
        "tier": "local",
        "min_zoom": 15,
        "bearing": -147.8
      },
      "geometry": {
        "type": "Point",
        "coordinates": [
          -78.87650528569425,
          38.064959977065875
        ]
      }
    },
    {
      "type": "Feature",
      "properties": {
        "name": "S Winchester Ave",
        "tier": "local",
        "min_zoom": 15,
        "bearing": -146.8
      },
      "geometry": {
        "type": "Point",
        "coordinates": [
          -78.87713031695861,
          38.063971408116174
        ]
      }
    },
    {
      "type": "Feature",
      "properties": {
        "name": "N Charlotte Ave",
        "tier": "major",
        "min_zoom": 13,
        "bearing": 32.4
      },
      "geometry": {
        "type": "Point",
        "coordinates": [
          -78.87923010340558,
          38.072947238919525
        ]
      }
    },
    {
      "type": "Feature",
      "properties": {
        "name": "N Charlotte Ave",
        "tier": "major",
        "min_zoom": 13,
        "bearing": 32.5
      },
      "geometry": {
        "type": "Point",
        "coordinates": [
          -78.87717528958933,
          38.07618977412024
        ]
      }
    },
    {
      "type": "Feature",
      "properties": {
        "name": "N Charlotte Ave",
        "tier": "major",
        "min_zoom": 13,
        "bearing": 31.7
      },
      "geometry": {
        "type": "Point",
        "coordinates": [
          -78.87820137884103,
          38.07456880241028
        ]
      }
    },
    {
      "type": "Feature",
      "properties": {
        "name": "N Charlotte Ave",
        "tier": "local",
        "min_zoom": 15,
        "bearing": 32.6
      },
      "geometry": {
        "type": "Point",
        "coordinates": [
          -78.8811055989511,
          38.069998708842135
        ]
      }
    },
    {
      "type": "Feature",
      "properties": {
        "name": "N Charlotte Ave",
        "tier": "local",
        "min_zoom": 15,
        "bearing": 31.6
      },
      "geometry": {
        "type": "Point",
        "coordinates": [
          -78.88229594399093,
          38.06811737530869
        ]
      }
    },
    {
      "type": "Feature",
      "properties": {
        "name": "N Winchester Ave",
        "tier": "major",
        "min_zoom": 13,
        "bearing": -24.3
      },
      "geometry": {
        "type": "Point",
        "coordinates": [
          -78.87376376609595,
          38.06870852716163
        ]
      }
    },
    {
      "type": "Feature",
      "properties": {
        "name": "N Winchester Ave",
        "tier": "major",
        "min_zoom": 13,
        "bearing": -163.1
      },
      "geometry": {
        "type": "Point",
        "coordinates": [
          -78.86990962569502,
          38.06543058637113
        ]
      }
    },
    {
      "type": "Feature",
      "properties": {
        "name": "N Winchester Ave",
        "tier": "major",
        "min_zoom": 13,
        "bearing": 22.1
      },
      "geometry": {
        "type": "Point",
        "coordinates": [
          -78.87101683113053,
          38.073750639365464
        ]
      }
    },
    {
      "type": "Feature",
      "properties": {
        "name": "N Winchester Ave",
        "tier": "local",
        "min_zoom": 15,
        "bearing": 60.1
      },
      "geometry": {
        "type": "Point",
        "coordinates": [
          -78.86806838617524,
          38.077907494209825
        ]
      }
    },
    {
      "type": "Feature",
      "properties": {
        "name": "N Winchester Ave",
        "tier": "local",
        "min_zoom": 15,
        "bearing": 32.7
      },
      "geometry": {
        "type": "Point",
        "coordinates": [
          -78.87325400170154,
          38.07016656663854
        ]
      }
    },
    {
      "type": "Feature",
      "properties": {
        "name": "P Buckley Moss Dr",
        "tier": "local",
        "min_zoom": 15,
        "bearing": -114.4
      },
      "geometry": {
        "type": "Point",
        "coordinates": [
          -78.94438029553238,
          38.05973416888339
        ]
      }
    },
    {
      "type": "Feature",
      "properties": {
        "name": "P Buckley Moss Dr",
        "tier": "local",
        "min_zoom": 15,
        "bearing": -114.2
      },
      "geometry": {
        "type": "Point",
        "coordinates": [
          -78.94719750847172,
          38.05845209478579
        ]
      }
    },
    {
      "type": "Feature",
      "properties": {
        "name": "Bridge Ave",
        "tier": "major",
        "min_zoom": 13,
        "bearing": -26.9
      },
      "geometry": {
        "type": "Point",
        "coordinates": [
          -78.8861477380873,
          38.083066860807435
        ]
      }
    },
    {
      "type": "Feature",
      "properties": {
        "name": "Bridge Ave",
        "tier": "major",
        "min_zoom": 13,
        "bearing": 65.6
      },
      "geometry": {
        "type": "Point",
        "coordinates": [
          -78.88041182058585,
          38.078800951059826
        ]
      }
    },
    {
      "type": "Feature",
      "properties": {
        "name": "Bridge Ave",
        "tier": "major",
        "min_zoom": 13,
        "bearing": 111.6
      },
      "geometry": {
        "type": "Point",
        "coordinates": [
          -78.87646120903018,
          38.07897382575862
        ]
      }
    },
    {
      "type": "Feature",
      "properties": {
        "name": "Bridge Ave",
        "tier": "local",
        "min_zoom": 15,
        "bearing": -59.8
      },
      "geometry": {
        "type": "Point",
        "coordinates": [
          -78.88221998616834,
          38.079004216933
        ]
      }
    },
    {
      "type": "Feature",
      "properties": {
        "name": "Bridge Ave",
        "tier": "local",
        "min_zoom": 15,
        "bearing": -60.5
      },
      "geometry": {
        "type": "Point",
        "coordinates": [
          -78.88408025101674,
          38.08008559316154
        ]
      }
    },
    {
      "type": "Feature",
      "properties": {
        "name": "S Delphine Ave",
        "tier": "major",
        "min_zoom": 13,
        "bearing": -123.3
      },
      "geometry": {
        "type": "Point",
        "coordinates": [
          -78.91869118866089,
          38.037149296799605
        ]
      }
    },
    {
      "type": "Feature",
      "properties": {
        "name": "S Delphine Ave",
        "tier": "major",
        "min_zoom": 13,
        "bearing": -123.3
      },
      "geometry": {
        "type": "Point",
        "coordinates": [
          -78.91181492588525,
          38.04169680910167
        ]
      }
    },
    {
      "type": "Feature",
      "properties": {
        "name": "S Delphine Ave",
        "tier": "major",
        "min_zoom": 13,
        "bearing": -126.7
      },
      "geometry": {
        "type": "Point",
        "coordinates": [
          -78.88368754755084,
          38.057928217423786
        ]
      }
    },
    {
      "type": "Feature",
      "properties": {
        "name": "S Delphine Ave",
        "tier": "major",
        "min_zoom": 13,
        "bearing": -115.3
      },
      "geometry": {
        "type": "Point",
        "coordinates": [
          -78.89997653065379,
          38.052051634342014
        ]
      }
    },
    {
      "type": "Feature",
      "properties": {
        "name": "S Delphine Ave",
        "tier": "major",
        "min_zoom": 13,
        "bearing": -125.5
      },
      "geometry": {
        "type": "Point",
        "coordinates": [
          -78.90390283268141,
          38.049336214737615
        ]
      }
    },
    {
      "type": "Feature",
      "properties": {
        "name": "Ivanhoe Ave",
        "tier": "local",
        "min_zoom": 15,
        "bearing": 29.9
      },
      "geometry": {
        "type": "Point",
        "coordinates": [
          -78.86262217973814,
          38.07703716434547
        ]
      }
    },
    {
      "type": "Feature",
      "properties": {
        "name": "Ivanhoe Ave",
        "tier": "local",
        "min_zoom": 15,
        "bearing": 33.5
      },
      "geometry": {
        "type": "Point",
        "coordinates": [
          -78.8652040022963,
          38.07296792436421
        ]
      }
    },
    {
      "type": "Feature",
      "properties": {
        "name": "Rhoades Dr",
        "tier": "local",
        "min_zoom": 15,
        "bearing": -57.0
      },
      "geometry": {
        "type": "Point",
        "coordinates": [
          -78.91029188327883,
          38.080431819699335
        ]
      }
    },
    {
      "type": "Feature",
      "properties": {
        "name": "King Ave",
        "tier": "major",
        "min_zoom": 13,
        "bearing": 32.6
      },
      "geometry": {
        "type": "Point",
        "coordinates": [
          -78.8815934468297,
          38.08360937319031
        ]
      }
    },
    {
      "type": "Feature",
      "properties": {
        "name": "King Ave",
        "tier": "major",
        "min_zoom": 13,
        "bearing": 43.2
      },
      "geometry": {
        "type": "Point",
        "coordinates": [
          -78.8852272909408,
          38.079613752952405
        ]
      }
    },
    {
      "type": "Feature",
      "properties": {
        "name": "King Ave",
        "tier": "major",
        "min_zoom": 13,
        "bearing": 69.1
      },
      "geometry": {
        "type": "Point",
        "coordinates": [
          -78.89323369000813,
          38.07620121215286
        ]
      }
    },
    {
      "type": "Feature",
      "properties": {
        "name": "King Ave",
        "tier": "major",
        "min_zoom": 13,
        "bearing": 69.1
      },
      "geometry": {
        "type": "Point",
        "coordinates": [
          -78.8897828963407,
          38.07751224057803
        ]
      }
    },
    {
      "type": "Feature",
      "properties": {
        "name": "King Ave",
        "tier": "major",
        "min_zoom": 13,
        "bearing": 69.3
      },
      "geometry": {
        "type": "Point",
        "coordinates": [
          -78.89150504090101,
          38.07685824227549
        ]
      }
    },
    {
      "type": "Feature",
      "properties": {
        "name": "S Linden Ave",
        "tier": "major",
        "min_zoom": 13,
        "bearing": -140.1
      },
      "geometry": {
        "type": "Point",
        "coordinates": [
          -78.90415626384504,
          38.06855760654185
        ]
      }
    },
    {
      "type": "Feature",
      "properties": {
        "name": "S Linden Ave",
        "tier": "major",
        "min_zoom": 13,
        "bearing": -140.5
      },
      "geometry": {
        "type": "Point",
        "coordinates": [
          -78.90309804495809,
          38.06985554793789
        ]
      }
    },
    {
      "type": "Feature",
      "properties": {
        "name": "S Linden Ave",
        "tier": "major",
        "min_zoom": 13,
        "bearing": -140.9
      },
      "geometry": {
        "type": "Point",
        "coordinates": [
          -78.90204414026941,
          38.07114231449715
        ]
      }
    },
    {
      "type": "Feature",
      "properties": {
        "name": "Jefferson Ave",
        "tier": "major",
        "min_zoom": 13,
        "bearing": -115.1
      },
      "geometry": {
        "type": "Point",
        "coordinates": [
          -78.90050592232441,
          38.056104426707556
        ]
      }
    },
    {
      "type": "Feature",
      "properties": {
        "name": "Jefferson Ave",
        "tier": "major",
        "min_zoom": 13,
        "bearing": -127.9
      },
      "geometry": {
        "type": "Point",
        "coordinates": [
          -78.896496767251,
          38.05864701605837
        ]
      }
    },
    {
      "type": "Feature",
      "properties": {
        "name": "Jefferson Ave",
        "tier": "major",
        "min_zoom": 13,
        "bearing": -127.1
      },
      "geometry": {
        "type": "Point",
        "coordinates": [
          -78.89798664591378,
          38.057527854189544
        ]
      }
    },
    {
      "type": "Feature",
      "properties": {
        "name": "Jefferson Ave",
        "tier": "local",
        "min_zoom": 15,
        "bearing": 175.8
      },
      "geometry": {
        "type": "Point",
        "coordinates": [
          -78.89522010370779,
          38.05977598073771
        ]
      }
    },
    {
      "type": "Feature",
      "properties": {
        "name": "Jefferson Ave",
        "tier": "local",
        "min_zoom": 15,
        "bearing": -105.4
      },
      "geometry": {
        "type": "Point",
        "coordinates": [
          -78.90312652765995,
          38.05499670373683
        ]
      }
    },
    {
      "type": "Feature",
      "properties": {
        "name": "Western Rd",
        "tier": "major",
        "min_zoom": 13,
        "bearing": -161.0
      },
      "geometry": {
        "type": "Point",
        "coordinates": [
          -78.89757640316324,
          38.05449158488427
        ]
      }
    },
    {
      "type": "Feature",
      "properties": {
        "name": "Western Rd",
        "tier": "major",
        "min_zoom": 13,
        "bearing": 151.0
      },
      "geometry": {
        "type": "Point",
        "coordinates": [
          -78.89683363177181,
          38.051819041081856
        ]
      }
    },
    {
      "type": "Feature",
      "properties": {
        "name": "Western Rd",
        "tier": "local",
        "min_zoom": 15,
        "bearing": 151.0
      },
      "geometry": {
        "type": "Point",
        "coordinates": [
          -78.89718976673241,
          38.05243885494415
        ]
      }
    },
    {
      "type": "Feature",
      "properties": {
        "name": "Dupont Blvd",
        "tier": "major",
        "min_zoom": 13,
        "bearing": -128.6
      },
      "geometry": {
        "type": "Point",
        "coordinates": [
          -78.88505092149957,
          38.0618313551384
        ]
      }
    },
    {
      "type": "Feature",
      "properties": {
        "name": "Club Rd",
        "tier": "major",
        "min_zoom": 13,
        "bearing": -114.4
      },
      "geometry": {
        "type": "Point",
        "coordinates": [
          -78.90828994635655,
          38.06279696375785
        ]
      }
    },
    {
      "type": "Feature",
      "properties": {
        "name": "Club Rd",
        "tier": "major",
        "min_zoom": 13,
        "bearing": -115.1
      },
      "geometry": {
        "type": "Point",
        "coordinates": [
          -78.910115366993,
          38.06195521988325
        ]
      }
    },
    {
      "type": "Feature",
      "properties": {
        "name": "Club Rd",
        "tier": "local",
        "min_zoom": 15,
        "bearing": -114.2
      },
      "geometry": {
        "type": "Point",
        "coordinates": [
          -78.91111835878796,
          38.06149915827057
        ]
      }
    },
    {
      "type": "Feature",
      "properties": {
        "name": "Woodrow Ave",
        "tier": "major",
        "min_zoom": 13,
        "bearing": -103.1
      },
      "geometry": {
        "type": "Point",
        "coordinates": [
          -78.90113689556999,
          38.057151411606675
        ]
      }
    },
    {
      "type": "Feature",
      "properties": {
        "name": "Woodrow Ave",
        "tier": "major",
        "min_zoom": 13,
        "bearing": -126.6
      },
      "geometry": {
        "type": "Point",
        "coordinates": [
          -78.89862053223135,
          38.05839308834484
        ]
      }
    },
    {
      "type": "Feature",
      "properties": {
        "name": "Woodrow Ave",
        "tier": "local",
        "min_zoom": 15,
        "bearing": -127.4
      },
      "geometry": {
        "type": "Point",
        "coordinates": [
          -78.89738625875877,
          38.059330192937274
        ]
      }
    },
    {
      "type": "Feature",
      "properties": {
        "name": "Woodrow Ave",
        "tier": "local",
        "min_zoom": 15,
        "bearing": -117.3
      },
      "geometry": {
        "type": "Point",
        "coordinates": [
          -78.9036289604882,
          38.05607040342176
        ]
      }
    },
    {
      "type": "Feature",
      "properties": {
        "name": "Pine Ave",
        "tier": "major",
        "min_zoom": 13,
        "bearing": -114.7
      },
      "geometry": {
        "type": "Point",
        "coordinates": [
          -78.90066322738174,
          38.062108297662604
        ]
      }
    },
    {
      "type": "Feature",
      "properties": {
        "name": "Pine Ave",
        "tier": "major",
        "min_zoom": 13,
        "bearing": -140.3
      },
      "geometry": {
        "type": "Point",
        "coordinates": [
          -78.89751563956465,
          38.065158583558606
        ]
      }
    },
    {
      "type": "Feature",
      "properties": {
        "name": "Pine Ave",
        "tier": "major",
        "min_zoom": 13,
        "bearing": -140.5
      },
      "geometry": {
        "type": "Point",
        "coordinates": [
          -78.89646516392258,
          38.0664552843328
        ]
      }
    },
    {
      "type": "Feature",
      "properties": {
        "name": "Pine Ave",
        "tier": "major",
        "min_zoom": 13,
        "bearing": -140.5
      },
      "geometry": {
        "type": "Point",
        "coordinates": [
          -78.8985729690653,
          38.06387367901154
        ]
      }
    },
    {
      "type": "Feature",
      "properties": {
        "name": "Pine Ave",
        "tier": "local",
        "min_zoom": 15,
        "bearing": -141.4
      },
      "geometry": {
        "type": "Point",
        "coordinates": [
          -78.89561115685423,
          38.06748127778845
        ]
      }
    },
    {
      "type": "Feature",
      "properties": {
        "name": "Concord Pl",
        "tier": "local",
        "min_zoom": 15,
        "bearing": -67.7
      },
      "geometry": {
        "type": "Point",
        "coordinates": [
          -78.87084542354822,
          38.08948374970128
        ]
      }
    },
    {
      "type": "Feature",
      "properties": {
        "name": "Concord Pl",
        "tier": "local",
        "min_zoom": 15,
        "bearing": -80.2
      },
      "geometry": {
        "type": "Point",
        "coordinates": [
          -78.87122292365159,
          38.08855476783738
        ]
      }
    },
    {
      "type": "Feature",
      "properties": {
        "name": "Stonewall Jackson Rd",
        "tier": "local",
        "min_zoom": 15,
        "bearing": 37.0
      },
      "geometry": {
        "type": "Point",
        "coordinates": [
          -78.92478800854423,
          38.07072555400718
        ]
      }
    },
    {
      "type": "Feature",
      "properties": {
        "name": "Lew Dewitt Blvd",
        "tier": "major",
        "min_zoom": 13,
        "bearing": 174.3
      },
      "geometry": {
        "type": "Point",
        "coordinates": [
          -78.93849415868557,
          38.06618698382993
        ]
      }
    },
    {
      "type": "Feature",
      "properties": {
        "name": "Lew Dewitt Blvd",
        "tier": "major",
        "min_zoom": 13,
        "bearing": -145.7
      },
      "geometry": {
        "type": "Point",
        "coordinates": [
          -78.93666402308251,
          38.070684222675055
        ]
      }
    },
    {
      "type": "Feature",
      "properties": {
        "name": "Lew Dewitt Blvd",
        "tier": "major",
        "min_zoom": 13,
        "bearing": -157.2
      },
      "geometry": {
        "type": "Point",
        "coordinates": [
          -78.93467211441187,
          38.073620391801846
        ]
      }
    },
    {
      "type": "Feature",
      "properties": {
        "name": "Lew Dewitt Blvd",
        "tier": "major",
        "min_zoom": 13,
        "bearing": -140.4
      },
      "geometry": {
        "type": "Point",
        "coordinates": [
          -78.93192258138691,
          38.080215248284965
        ]
      }
    },
    {
      "type": "Feature",
      "properties": {
        "name": "Lew Dewitt Blvd",
        "tier": "major",
        "min_zoom": 13,
        "bearing": -153.4
      },
      "geometry": {
        "type": "Point",
        "coordinates": [
          -78.93796575415004,
          38.06866808701599
        ]
      }
    },
    {
      "type": "Feature",
      "properties": {
        "name": "Summit Dr",
        "tier": "local",
        "min_zoom": 15,
        "bearing": -84.6
      },
      "geometry": {
        "type": "Point",
        "coordinates": [
          -78.91841971696415,
          38.055220709747346
        ]
      }
    },
    {
      "type": "Feature",
      "properties": {
        "name": "Keesling Ave",
        "tier": "major",
        "min_zoom": 13,
        "bearing": -162.8
      },
      "geometry": {
        "type": "Point",
        "coordinates": [
          -78.91227977738535,
          38.053955737661866
        ]
      }
    },
    {
      "type": "Feature",
      "properties": {
        "name": "Keesling Ave",
        "tier": "major",
        "min_zoom": 13,
        "bearing": 138.9
      },
      "geometry": {
        "type": "Point",
        "coordinates": [
          -78.91354268510963,
          38.05662635352794
        ]
      }
    },
    {
      "type": "Feature",
      "properties": {
        "name": "Keesling Ave",
        "tier": "local",
        "min_zoom": 15,
        "bearing": 164.5
      },
      "geometry": {
        "type": "Point",
        "coordinates": [
          -78.91281673285427,
          38.05548755643522
        ]
      }
    },
    {
      "type": "Feature",
      "properties": {
        "name": "Keesling Ave",
        "tier": "local",
        "min_zoom": 15,
        "bearing": 139.8
      },
      "geometry": {
        "type": "Point",
        "coordinates": [
          -78.91524162598031,
          38.05838873130734
        ]
      }
    },
    {
      "type": "Feature",
      "properties": {
        "name": "Keesling Ave",
        "tier": "local",
        "min_zoom": 15,
        "bearing": 136.9
      },
      "geometry": {
        "type": "Point",
        "coordinates": [
          -78.91473117105257,
          38.05780579035107
        ]
      }
    },
    {
      "type": "Feature",
      "properties": {
        "name": "Grambling Dr",
        "tier": "local",
        "min_zoom": 15,
        "bearing": -117.4
      },
      "geometry": {
        "type": "Point",
        "coordinates": [
          -78.9216608680964,
          38.050885830461645
        ]
      }
    },
    {
      "type": "Feature",
      "properties": {
        "name": "Oak Ave",
        "tier": "major",
        "min_zoom": 13,
        "bearing": -139.9
      },
      "geometry": {
        "type": "Point",
        "coordinates": [
          -78.90190114608282,
          38.065569953988664
        ]
      }
    },
    {
      "type": "Feature",
      "properties": {
        "name": "Oak Ave",
        "tier": "major",
        "min_zoom": 13,
        "bearing": -139.7
      },
      "geometry": {
        "type": "Point",
        "coordinates": [
          -78.89978110062157,
          38.068150143347374
        ]
      }
    },
    {
      "type": "Feature",
      "properties": {
        "name": "Oak Ave",
        "tier": "major",
        "min_zoom": 13,
        "bearing": -140.3
      },
      "geometry": {
        "type": "Point",
        "coordinates": [
          -78.90084140493562,
          38.06686326538412
        ]
      }
    },
    {
      "type": "Feature",
      "properties": {
        "name": "Oak Ave",
        "tier": "major",
        "min_zoom": 13,
        "bearing": -170.9
      },
      "geometry": {
        "type": "Point",
        "coordinates": [
          -78.90273469751992,
          38.06427159697842
        ]
      }
    },
    {
      "type": "Feature",
      "properties": {
        "name": "Oak Ave",
        "tier": "local",
        "min_zoom": 15,
        "bearing": 149.6
      },
      "geometry": {
        "type": "Point",
        "coordinates": [
          -78.90204813581579,
          38.06203324010116
        ]
      }
    },
    {
      "type": "Feature",
      "properties": {
        "name": "Buckingham Pl",
        "tier": "local",
        "min_zoom": 15,
        "bearing": 113.5
      },
      "geometry": {
        "type": "Point",
        "coordinates": [
          -78.91781252359513,
          38.08750541212553
        ]
      }
    },
    {
      "type": "Feature",
      "properties": {
        "name": "Meadow Beauty Ct",
        "tier": "local",
        "min_zoom": 15,
        "bearing": 18.8
      },
      "geometry": {
        "type": "Point",
        "coordinates": [
          -78.91905740229575,
          38.08673409242025
        ]
      }
    },
    {
      "type": "Feature",
      "properties": {
        "name": "Meadow Beauty Ct",
        "tier": "local",
        "min_zoom": 15,
        "bearing": 5.9
      },
      "geometry": {
        "type": "Point",
        "coordinates": [
          -78.91879827490291,
          38.088553119258755
        ]
      }
    },
    {
      "type": "Feature",
      "properties": {
        "name": "Pelham Dr",
        "tier": "local",
        "min_zoom": 15,
        "bearing": 137.9
      },
      "geometry": {
        "type": "Point",
        "coordinates": [
          -78.91700046812784,
          38.08458145806119
        ]
      }
    },
    {
      "type": "Feature",
      "properties": {
        "name": "Pelham Dr",
        "tier": "local",
        "min_zoom": 15,
        "bearing": 71.3
      },
      "geometry": {
        "type": "Point",
        "coordinates": [
          -78.92283368960013,
          38.085938619138474
        ]
      }
    },
    {
      "type": "Feature",
      "properties": {
        "name": "Pelham Knolls Ct",
        "tier": "local",
        "min_zoom": 15,
        "bearing": -145.8
      },
      "geometry": {
        "type": "Point",
        "coordinates": [
          -78.91840008203081,
          38.08486731395421
        ]
      }
    },
    {
      "type": "Feature",
      "properties": {
        "name": "Pelham Knolls Ct",
        "tier": "local",
        "min_zoom": 15,
        "bearing": -79.2
      },
      "geometry": {
        "type": "Point",
        "coordinates": [
          -78.91910197798879,
          38.084418584705055
        ]
      }
    },
    {
      "type": "Feature",
      "properties": {
        "name": "Dogwood St",
        "tier": "local",
        "min_zoom": 15,
        "bearing": -39.1
      },
      "geometry": {
        "type": "Point",
        "coordinates": [
          -78.88499835674969,
          38.077534736375696
        ]
      }
    },
    {
      "type": "Feature",
      "properties": {
        "name": "Dogwood St",
        "tier": "local",
        "min_zoom": 15,
        "bearing": -39.3
      },
      "geometry": {
        "type": "Point",
        "coordinates": [
          -78.88642287409274,
          38.07927749508451
        ]
      }
    },
    {
      "type": "Feature",
      "properties": {
        "name": "Shiloh Ave",
        "tier": "major",
        "min_zoom": 13,
        "bearing": 13.4
      },
      "geometry": {
        "type": "Point",
        "coordinates": [
          -78.88572530245199,
          38.07298190963632
        ]
      }
    },
    {
      "type": "Feature",
      "properties": {
        "name": "Dogwood Cir",
        "tier": "local",
        "min_zoom": 15,
        "bearing": -43.7
      },
      "geometry": {
        "type": "Point",
        "coordinates": [
          -78.88692771936816,
          38.08162310781025
        ]
      }
    },
    {
      "type": "Feature",
      "properties": {
        "name": "Dogwood Cir",
        "tier": "local",
        "min_zoom": 15,
        "bearing": -43.2
      },
      "geometry": {
        "type": "Point",
        "coordinates": [
          -78.88749477947273,
          38.08050342124479
        ]
      }
    },
    {
      "type": "Feature",
      "properties": {
        "name": "Edwardian Ln",
        "tier": "local",
        "min_zoom": 15,
        "bearing": -110.5
      },
      "geometry": {
        "type": "Point",
        "coordinates": [
          -78.90709998782849,
          38.0780928929234
        ]
      }
    },
    {
      "type": "Feature",
      "properties": {
        "name": "Claybrook Dr",
        "tier": "local",
        "min_zoom": 15,
        "bearing": 112.4
      },
      "geometry": {
        "type": "Point",
        "coordinates": [
          -78.89931528372433,
          38.09001654808462
        ]
      }
    },
    {
      "type": "Feature",
      "properties": {
        "name": "Claybrook Dr",
        "tier": "local",
        "min_zoom": 15,
        "bearing": 148.2
      },
      "geometry": {
        "type": "Point",
        "coordinates": [
          -78.89738163522325,
          38.08884650061573
        ]
      }
    },
    {
      "type": "Feature",
      "properties": {
        "name": "Winding Way",
        "tier": "local",
        "min_zoom": 15,
        "bearing": 53.4
      },
      "geometry": {
        "type": "Point",
        "coordinates": [
          -78.9116072264722,
          38.08270712834004
        ]
      }
    },
    {
      "type": "Feature",
      "properties": {
        "name": "Winding Way",
        "tier": "local",
        "min_zoom": 15,
        "bearing": 67.2
      },
      "geometry": {
        "type": "Point",
        "coordinates": [
          -78.91446642312226,
          38.082902429904415
        ]
      }
    },
    {
      "type": "Feature",
      "properties": {
        "name": "Stuart St",
        "tier": "local",
        "min_zoom": 15,
        "bearing": -73.6
      },
      "geometry": {
        "type": "Point",
        "coordinates": [
          -78.90037049377455,
          38.07876654754191
        ]
      }
    },
    {
      "type": "Feature",
      "properties": {
        "name": "Vedette Ave",
        "tier": "major",
        "min_zoom": 13,
        "bearing": -152.4
      },
      "geometry": {
        "type": "Point",
        "coordinates": [
          -78.91662949479894,
          38.0763347912257
        ]
      }
    },
    {
      "type": "Feature",
      "properties": {
        "name": "Vedette Ave",
        "tier": "local",
        "min_zoom": 15,
        "bearing": -147.1
      },
      "geometry": {
        "type": "Point",
        "coordinates": [
          -78.91955680106912,
          38.071738287371055
        ]
      }
    },
    {
      "type": "Feature",
      "properties": {
        "name": "Vedette Ave",
        "tier": "local",
        "min_zoom": 15,
        "bearing": -147.1
      },
      "geometry": {
        "type": "Point",
        "coordinates": [
          -78.91885366514553,
          38.07282731702463
        ]
      }
    },
    {
      "type": "Feature",
      "properties": {
        "name": "Vedette Ave",
        "tier": "local",
        "min_zoom": 15,
        "bearing": -147.2
      },
      "geometry": {
        "type": "Point",
        "coordinates": [
          -78.91816223996996,
          38.073895162688146
        ]
      }
    },
    {
      "type": "Feature",
      "properties": {
        "name": "Vedette Ave",
        "tier": "local",
        "min_zoom": 15,
        "bearing": -177.2
      },
      "geometry": {
        "type": "Point",
        "coordinates": [
          -78.92052833411694,
          38.06994072251478
        ]
      }
    },
    {
      "type": "Feature",
      "properties": {
        "name": "Essex Ave",
        "tier": "major",
        "min_zoom": 13,
        "bearing": -29.4
      },
      "geometry": {
        "type": "Point",
        "coordinates": [
          -78.87791154897774,
          38.078785731064634
        ]
      }
    },
    {
      "type": "Feature",
      "properties": {
        "name": "Essex Ave",
        "tier": "local",
        "min_zoom": 15,
        "bearing": 31.7
      },
      "geometry": {
        "type": "Point",
        "coordinates": [
          -78.88219038100871,
          38.072382684841564
        ]
      }
    },
    {
      "type": "Feature",
      "properties": {
        "name": "Essex Ave",
        "tier": "local",
        "min_zoom": 15,
        "bearing": 47.9
      },
      "geometry": {
        "type": "Point",
        "coordinates": [
          -78.87682056991945,
          38.07981396778402
        ]
      }
    },
    {
      "type": "Feature",
      "properties": {
        "name": "Essex Ave",
        "tier": "local",
        "min_zoom": 15,
        "bearing": 31.5
      },
      "geometry": {
        "type": "Point",
        "coordinates": [
          -78.88158906243858,
          38.07340938822572
        ]
      }
    },
    {
      "type": "Feature",
      "properties": {
        "name": "Ramp",
        "tier": "local",
        "min_zoom": 15,
        "bearing": 62.1
      },
      "geometry": {
        "type": "Point",
        "coordinates": [
          -78.94002570729543,
          38.05961398309833
        ]
      }
    },
    {
      "type": "Feature",
      "properties": {
        "name": "Ramp",
        "tier": "local",
        "min_zoom": 15,
        "bearing": -93.1
      },
      "geometry": {
        "type": "Point",
        "coordinates": [
          -78.94178424084205,
          38.062051300564704
        ]
      }
    },
    {
      "type": "Feature",
      "properties": {
        "name": "Hamlet Ave",
        "tier": "local",
        "min_zoom": 15,
        "bearing": 31.2
      },
      "geometry": {
        "type": "Point",
        "coordinates": [
          -78.86382635594501,
          38.07749313619291
        ]
      }
    },
    {
      "type": "Feature",
      "properties": {
        "name": "Hamlet Ave",
        "tier": "local",
        "min_zoom": 15,
        "bearing": 32.1
      },
      "geometry": {
        "type": "Point",
        "coordinates": [
          -78.8671122180892,
          38.0727185212235
        ]
      }
    },
    {
      "type": "Feature",
      "properties": {
        "name": "5Th St",
        "tier": "local",
        "min_zoom": 15,
        "bearing": 113.5
      },
      "geometry": {
        "type": "Point",
        "coordinates": [
          -78.88111609450576,
          38.074717605734236
        ]
      }
    },
    {
      "type": "Feature",
      "properties": {
        "name": "5Th St",
        "tier": "local",
        "min_zoom": 15,
        "bearing": 72.5
      },
      "geometry": {
        "type": "Point",
        "coordinates": [
          -78.8685674466348,
          38.06914552810248
        ]
      }
    },
    {
      "type": "Feature",
      "properties": {
        "name": "Chinquapin Dr",
        "tier": "local",
        "min_zoom": 15,
        "bearing": 122.5
      },
      "geometry": {
        "type": "Point",
        "coordinates": [
          -78.90603322619847,
          38.043818162834
        ]
      }
    },
    {
      "type": "Feature",
      "properties": {
        "name": "Spruce St",
        "tier": "local",
        "min_zoom": 15,
        "bearing": 39.5
      },
      "geometry": {
        "type": "Point",
        "coordinates": [
          -78.89215731642582,
          38.081642962611646
        ]
      }
    },
    {
      "type": "Feature",
      "properties": {
        "name": "Southfork Dr",
        "tier": "local",
        "min_zoom": 15,
        "bearing": -86.1
      },
      "geometry": {
        "type": "Point",
        "coordinates": [
          -78.87914101927355,
          38.08650124031945
        ]
      }
    },
    {
      "type": "Feature",
      "properties": {
        "name": "James Ave",
        "tier": "major",
        "min_zoom": 13,
        "bearing": 70.1
      },
      "geometry": {
        "type": "Point",
        "coordinates": [
          -78.88697794564395,
          38.077574719877404
        ]
      }
    },
    {
      "type": "Feature",
      "properties": {
        "name": "James Ave",
        "tier": "major",
        "min_zoom": 13,
        "bearing": 68.9
      },
      "geometry": {
        "type": "Point",
        "coordinates": [
          -78.89273892628162,
          38.075382753266396
        ]
      }
    },
    {
      "type": "Feature",
      "properties": {
        "name": "James Ave",
        "tier": "major",
        "min_zoom": 13,
        "bearing": 69.2
      },
      "geometry": {
        "type": "Point",
        "coordinates": [
          -78.88928855986163,
          38.0766985159888
        ]
      }
    },
    {
      "type": "Feature",
      "properties": {
        "name": "Port Republic Rd",
        "tier": "major",
        "min_zoom": 13,
        "bearing": 35.9
      },
      "geometry": {
        "type": "Point",
        "coordinates": [
          -78.88506885231715,
          38.076196552532416
        ]
      }
    },
    {
      "type": "Feature",
      "properties": {
        "name": "Port Republic Rd",
        "tier": "local",
        "min_zoom": 15,
        "bearing": 16.9
      },
      "geometry": {
        "type": "Point",
        "coordinates": [
          -78.88632900201922,
          38.073110786663804
        ]
      }
    },
    {
      "type": "Feature",
      "properties": {
        "name": "Port Republic Rd",
        "tier": "local",
        "min_zoom": 15,
        "bearing": 16.9
      },
      "geometry": {
        "type": "Point",
        "coordinates": [
          -78.8867330596799,
          38.071584284686146
        ]
      }
    },
    {
      "type": "Feature",
      "properties": {
        "name": "Port Republic Rd",
        "tier": "local",
        "min_zoom": 15,
        "bearing": 11.6
      },
      "geometry": {
        "type": "Point",
        "coordinates": [
          -78.887241815695,
          38.07006213129233
        ]
      }
    },
    {
      "type": "Feature",
      "properties": {
        "name": "Port Republic Rd",
        "tier": "local",
        "min_zoom": 15,
        "bearing": 22.3
      },
      "geometry": {
        "type": "Point",
        "coordinates": [
          -78.88697032492226,
          38.0708059232956
        ]
      }
    },
    {
      "type": "Feature",
      "properties": {
        "name": "Monticello St",
        "tier": "local",
        "min_zoom": 15,
        "bearing": -72.8
      },
      "geometry": {
        "type": "Point",
        "coordinates": [
          -78.90897775984088,
          38.07390588241652
        ]
      }
    },
    {
      "type": "Feature",
      "properties": {
        "name": "Monticello St",
        "tier": "local",
        "min_zoom": 15,
        "bearing": -72.7
      },
      "geometry": {
        "type": "Point",
        "coordinates": [
          -78.9113163611938,
          38.07460889600335
        ]
      }
    },
    {
      "type": "Feature",
      "properties": {
        "name": "Red Top Orchard Rd",
        "tier": "major",
        "min_zoom": 13,
        "bearing": -66.3
      },
      "geometry": {
        "type": "Point",
        "coordinates": [
          -78.94167663955734,
          38.065304001246
        ]
      }
    },
    {
      "type": "Feature",
      "properties": {
        "name": "Red Top Orchard Rd",
        "tier": "major",
        "min_zoom": 13,
        "bearing": -73.3
      },
      "geometry": {
        "type": "Point",
        "coordinates": [
          -78.94863455347199,
          38.0682188370507
        ]
      }
    },
    {
      "type": "Feature",
      "properties": {
        "name": "Red Top Orchard Rd",
        "tier": "major",
        "min_zoom": 13,
        "bearing": -66.5
      },
      "geometry": {
        "type": "Point",
        "coordinates": [
          -78.94613564672737,
          38.067274714013664
        ]
      }
    },
    {
      "type": "Feature",
      "properties": {
        "name": "Red Top Orchard Rd",
        "tier": "major",
        "min_zoom": 13,
        "bearing": -95.4
      },
      "geometry": {
        "type": "Point",
        "coordinates": [
          -78.93853782172036,
          38.06356852856403
        ]
      }
    },
    {
      "type": "Feature",
      "properties": {
        "name": "Red Top Orchard Rd",
        "tier": "local",
        "min_zoom": 15,
        "bearing": -66.0
      },
      "geometry": {
        "type": "Point",
        "coordinates": [
          -78.94455562447001,
          38.06657348111341
        ]
      }
    },
    {
      "type": "Feature",
      "properties": {
        "name": "Kirby Ave",
        "tier": "major",
        "min_zoom": 13,
        "bearing": 37.0
      },
      "geometry": {
        "type": "Point",
        "coordinates": [
          -78.86177665929385,
          38.0728503665337
        ]
      }
    },
    {
      "type": "Feature",
      "properties": {
        "name": "Kirby Ave",
        "tier": "major",
        "min_zoom": 13,
        "bearing": -143.1
      },
      "geometry": {
        "type": "Point",
        "coordinates": [
          -78.86512164209373,
          38.067555394664026
        ]
      }
    },
    {
      "type": "Feature",
      "properties": {
        "name": "Kirby Ave",
        "tier": "local",
        "min_zoom": 15,
        "bearing": 111.4
      },
      "geometry": {
        "type": "Point",
        "coordinates": [
          -78.86400322944398,
          38.066481682821426
        ]
      }
    },
    {
      "type": "Feature",
      "properties": {
        "name": "Kirby Ave",
        "tier": "local",
        "min_zoom": 15,
        "bearing": -107.7
      },
      "geometry": {
        "type": "Point",
        "coordinates": [
          -78.87082088113081,
          38.05899822127415
        ]
      }
    },
    {
      "type": "Feature",
      "properties": {
        "name": "Kirby Ave",
        "tier": "local",
        "min_zoom": 15,
        "bearing": -148.6
      },
      "geometry": {
        "type": "Point",
        "coordinates": [
          -78.86391318960779,
          38.06943019524301
        ]
      }
    },
    {
      "type": "Feature",
      "properties": {
        "name": "Solutions Way",
        "tier": "local",
        "min_zoom": 15,
        "bearing": -143.8
      },
      "geometry": {
        "type": "Point",
        "coordinates": [
          -78.8718152969064,
          38.09276105141827
        ]
      }
    },
    {
      "type": "Feature",
      "properties": {
        "name": "Solutions Way",
        "tier": "local",
        "min_zoom": 15,
        "bearing": -163.1
      },
      "geometry": {
        "type": "Point",
        "coordinates": [
          -78.87230051419174,
          38.08925672822082
        ]
      }
    },
    {
      "type": "Feature",
      "properties": {
        "name": "Malcolm Ave",
        "tier": "major",
        "min_zoom": 13,
        "bearing": 31.6
      },
      "geometry": {
        "type": "Point",
        "coordinates": [
          -78.85774883684991,
          38.07365534886465
        ]
      }
    },
    {
      "type": "Feature",
      "properties": {
        "name": "Malcolm Ave",
        "tier": "major",
        "min_zoom": 13,
        "bearing": 34.8
      },
      "geometry": {
        "type": "Point",
        "coordinates": [
          -78.85824243770531,
          38.07292051622563
        ]
      }
    },
    {
      "type": "Feature",
      "properties": {
        "name": "Malcolm Ave",
        "tier": "local",
        "min_zoom": 15,
        "bearing": 34.1
      },
      "geometry": {
        "type": "Point",
        "coordinates": [
          -78.85947979307736,
          38.070926406199625
        ]
      }
    },
    {
      "type": "Feature",
      "properties": {
        "name": "N Oak Ln",
        "tier": "local",
        "min_zoom": 15,
        "bearing": -40.1
      },
      "geometry": {
        "type": "Point",
        "coordinates": [
          -78.92229707544595,
          38.04942376428017
        ]
      }
    },
    {
      "type": "Feature",
      "properties": {
        "name": "N Oak Ln",
        "tier": "local",
        "min_zoom": 15,
        "bearing": -39.1
      },
      "geometry": {
        "type": "Point",
        "coordinates": [
          -78.92106197286456,
          38.04794093016318
        ]
      }
    },
    {
      "type": "Feature",
      "properties": {
        "name": "Shore Rd",
        "tier": "major",
        "min_zoom": 13,
        "bearing": -23.8
      },
      "geometry": {
        "type": "Point",
        "coordinates": [
          -78.90972865933581,
          38.0598435104121
        ]
      }
    },
    {
      "type": "Feature",
      "properties": {
        "name": "Shore Rd",
        "tier": "local",
        "min_zoom": 15,
        "bearing": -36.5
      },
      "geometry": {
        "type": "Point",
        "coordinates": [
          -78.91053851814874,
          38.06116681399699
        ]
      }
    },
    {
      "type": "Feature",
      "properties": {
        "name": "Shore Rd",
        "tier": "local",
        "min_zoom": 15,
        "bearing": -49.8
      },
      "geometry": {
        "type": "Point",
        "coordinates": [
          -78.91117919764143,
          38.06198834435333
        ]
      }
    },
    {
      "type": "Feature",
      "properties": {
        "name": "Shore Rd",
        "tier": "local",
        "min_zoom": 15,
        "bearing": -42.6
      },
      "geometry": {
        "type": "Point",
        "coordinates": [
          -78.90896734542525,
          38.05895279162025
        ]
      }
    },
    {
      "type": "Feature",
      "properties": {
        "name": "Windsor Rd",
        "tier": "major",
        "min_zoom": 13,
        "bearing": -34.2
      },
      "geometry": {
        "type": "Point",
        "coordinates": [
          -78.8964096758599,
          38.05411226132378
        ]
      }
    },
    {
      "type": "Feature",
      "properties": {
        "name": "Windsor Rd",
        "tier": "major",
        "min_zoom": 13,
        "bearing": -37.2
      },
      "geometry": {
        "type": "Point",
        "coordinates": [
          -78.89745340635223,
          38.05552279202893
        ]
      }
    },
    {
      "type": "Feature",
      "properties": {
        "name": "Windsor Rd",
        "tier": "local",
        "min_zoom": 15,
        "bearing": -37.9
      },
      "geometry": {
        "type": "Point",
        "coordinates": [
          -78.89891441348816,
          38.057478841329726
        ]
      }
    },
    {
      "type": "Feature",
      "properties": {
        "name": "Windsor Rd",
        "tier": "local",
        "min_zoom": 15,
        "bearing": -33.6
      },
      "geometry": {
        "type": "Point",
        "coordinates": [
          -78.89960370573498,
          38.05833936257771
        ]
      }
    },
    {
      "type": "Feature",
      "properties": {
        "name": "E 11Th St",
        "tier": "local",
        "min_zoom": 15,
        "bearing": 111.7
      },
      "geometry": {
        "type": "Point",
        "coordinates": [
          -78.87778662895894,
          38.06188890475701
        ]
      }
    },
    {
      "type": "Feature",
      "properties": {
        "name": "E 11Th St",
        "tier": "local",
        "min_zoom": 15,
        "bearing": 111.6
      },
      "geometry": {
        "type": "Point",
        "coordinates": [
          -78.8757439066257,
          38.06108097683391
        ]
      }
    },
    {
      "type": "Feature",
      "properties": {
        "name": "Landes St",
        "tier": "local",
        "min_zoom": 15,
        "bearing": -24.1
      },
      "geometry": {
        "type": "Point",
        "coordinates": [
          -78.8701866896968,
          38.06025613807381
        ]
      }
    },
    {
      "type": "Feature",
      "properties": {
        "name": "3Rd St",
        "tier": "local",
        "min_zoom": 15,
        "bearing": 117.7
      },
      "geometry": {
        "type": "Point",
        "coordinates": [
          -78.87034709716941,
          38.074487602228054
        ]
      }
    },
    {
      "type": "Feature",
      "properties": {
        "name": "3Rd St",
        "tier": "local",
        "min_zoom": 15,
        "bearing": 110.7
      },
      "geometry": {
        "type": "Point",
        "coordinates": [
          -78.85923090996398,
          38.07009493789688
        ]
      }
    },
    {
      "type": "Feature",
      "properties": {
        "name": "Woodside Ln",
        "tier": "local",
        "min_zoom": 15,
        "bearing": -142.9
      },
      "geometry": {
        "type": "Point",
        "coordinates": [
          -78.91835043929632,
          38.06981511713888
        ]
      }
    },
    {
      "type": "Feature",
      "properties": {
        "name": "Woodside Ln",
        "tier": "local",
        "min_zoom": 15,
        "bearing": -147.6
      },
      "geometry": {
        "type": "Point",
        "coordinates": [
          -78.91760761832998,
          38.07095597915603
        ]
      }
    },
    {
      "type": "Feature",
      "properties": {
        "name": "Sherwood Ave",
        "tier": "major",
        "min_zoom": 13,
        "bearing": 52.4
      },
      "geometry": {
        "type": "Point",
        "coordinates": [
          -78.87753773753126,
          38.08383589235952
        ]
      }
    },
    {
      "type": "Feature",
      "properties": {
        "name": "Sherwood Ave",
        "tier": "major",
        "min_zoom": 13,
        "bearing": 52.6
      },
      "geometry": {
        "type": "Point",
        "coordinates": [
          -78.87804099761185,
          38.08757928211694
        ]
      }
    },
    {
      "type": "Feature",
      "properties": {
        "name": "Sherwood Ave",
        "tier": "major",
        "min_zoom": 13,
        "bearing": -24.0
      },
      "geometry": {
        "type": "Point",
        "coordinates": [
          -78.87808076069432,
          38.09008683209634
        ]
      }
    },
    {
      "type": "Feature",
      "properties": {
        "name": "Sherwood Ave",
        "tier": "major",
        "min_zoom": 13,
        "bearing": 43.0
      },
      "geometry": {
        "type": "Point",
        "coordinates": [
          -78.8833711089691,
          38.078540217433996
        ]
      }
    },
    {
      "type": "Feature",
      "properties": {
        "name": "Sherwood Ave",
        "tier": "major",
        "min_zoom": 13,
        "bearing": 42.4
      },
      "geometry": {
        "type": "Point",
        "coordinates": [
          -78.88201531460344,
          38.080019390352305
        ]
      }
    },
    {
      "type": "Feature",
      "properties": {
        "name": "W Broad St",
        "tier": "local",
        "min_zoom": 15,
        "bearing": -80.6
      },
      "geometry": {
        "type": "Point",
        "coordinates": [
          -78.8918890676739,
          38.070273320816966
        ]
      }
    },
    {
      "type": "Feature",
      "properties": {
        "name": "W Broad St",
        "tier": "local",
        "min_zoom": 15,
        "bearing": -62.7
      },
      "geometry": {
        "type": "Point",
        "coordinates": [
          -78.89608560201833,
          38.07177401867092
        ]
      }
    },
    {
      "type": "Feature",
      "properties": {
        "name": "Dewitt St",
        "tier": "local",
        "min_zoom": 15,
        "bearing": -80.9
      },
      "geometry": {
        "type": "Point",
        "coordinates": [
          -78.89019632962277,
          38.071991570078794
        ]
      }
    },
    {
      "type": "Feature",
      "properties": {
        "name": "Dewitt St",
        "tier": "local",
        "min_zoom": 15,
        "bearing": -67.1
      },
      "geometry": {
        "type": "Point",
        "coordinates": [
          -78.88919776315869,
          38.07181806635647
        ]
      }
    },
    {
      "type": "Feature",
      "properties": {
        "name": "14Th St",
        "tier": "local",
        "min_zoom": 15,
        "bearing": -63.1
      },
      "geometry": {
        "type": "Point",
        "coordinates": [
          -78.90193827277876,
          38.066506389131405
        ]
      }
    },
    {
      "type": "Feature",
      "properties": {
        "name": "14Th St",
        "tier": "local",
        "min_zoom": 15,
        "bearing": -62.7
      },
      "geometry": {
        "type": "Point",
        "coordinates": [
          -78.9041313130224,
          38.0676353990291
        ]
      }
    },
    {
      "type": "Feature",
      "properties": {
        "name": "Hawthorne Ln",
        "tier": "local",
        "min_zoom": 15,
        "bearing": 135.7
      },
      "geometry": {
        "type": "Point",
        "coordinates": [
          -78.92561679311135,
          38.062413445091344
        ]
      }
    },
    {
      "type": "Feature",
      "properties": {
        "name": "Hawthorne Ln",
        "tier": "local",
        "min_zoom": 15,
        "bearing": 95.4
      },
      "geometry": {
        "type": "Point",
        "coordinates": [
          -78.9264684602692,
          38.06490119442971
        ]
      }
    },
    {
      "type": "Feature",
      "properties": {
        "name": "Evershire St",
        "tier": "local",
        "min_zoom": 15,
        "bearing": -39.5
      },
      "geometry": {
        "type": "Point",
        "coordinates": [
          -78.89550987004252,
          38.08381157258495
        ]
      }
    },
    {
      "type": "Feature",
      "properties": {
        "name": "Evershire St",
        "tier": "local",
        "min_zoom": 15,
        "bearing": -41.5
      },
      "geometry": {
        "type": "Point",
        "coordinates": [
          -78.89614688681229,
          38.08452139022552
        ]
      }
    },
    {
      "type": "Feature",
      "properties": {
        "name": "Stonewall Dr",
        "tier": "local",
        "min_zoom": 15,
        "bearing": 112.8
      },
      "geometry": {
        "type": "Point",
        "coordinates": [
          -78.9193889803985,
          38.0834070613579
        ]
      }
    },
    {
      "type": "Feature",
      "properties": {
        "name": "Stonewall Dr",
        "tier": "local",
        "min_zoom": 15,
        "bearing": 37.9
      },
      "geometry": {
        "type": "Point",
        "coordinates": [
          -78.92190367878067,
          38.08295977100038
        ]
      }
    },
    {
      "type": "Feature",
      "properties": {
        "name": "Fireglow Ave",
        "tier": "major",
        "min_zoom": 13,
        "bearing": -68.3
      },
      "geometry": {
        "type": "Point",
        "coordinates": [
          -78.92653915340705,
          38.07726017975497
        ]
      }
    },
    {
      "type": "Feature",
      "properties": {
        "name": "Fireglow Ave",
        "tier": "local",
        "min_zoom": 15,
        "bearing": -146.5
      },
      "geometry": {
        "type": "Point",
        "coordinates": [
          -78.92426707205762,
          38.07767045181515
        ]
      }
    },
    {
      "type": "Feature",
      "properties": {
        "name": "Fireglow Ave",
        "tier": "local",
        "min_zoom": 15,
        "bearing": -105.0
      },
      "geometry": {
        "type": "Point",
        "coordinates": [
          -78.92497829673242,
          38.07664941011825
        ]
      }
    },
    {
      "type": "Feature",
      "properties": {
        "name": "Bader Ave",
        "tier": "major",
        "min_zoom": 13,
        "bearing": 179.7
      },
      "geometry": {
        "type": "Point",
        "coordinates": [
          -78.914046892104,
          38.07057727997356
        ]
      }
    },
    {
      "type": "Feature",
      "properties": {
        "name": "Bader Ave",
        "tier": "major",
        "min_zoom": 13,
        "bearing": -159.4
      },
      "geometry": {
        "type": "Point",
        "coordinates": [
          -78.91355859048583,
          38.07208819271883
        ]
      }
    },
    {
      "type": "Feature",
      "properties": {
        "name": "Bader Ave",
        "tier": "local",
        "min_zoom": 15,
        "bearing": -162.4
      },
      "geometry": {
        "type": "Point",
        "coordinates": [
          -78.91308612486526,
          38.07341163852927
        ]
      }
    },
    {
      "type": "Feature",
      "properties": {
        "name": "Bader Ave",
        "tier": "local",
        "min_zoom": 15,
        "bearing": -154.3
      },
      "geometry": {
        "type": "Point",
        "coordinates": [
          -78.91209761454024,
          38.075388206268016
        ]
      }
    },
    {
      "type": "Feature",
      "properties": {
        "name": "Bader Ave",
        "tier": "local",
        "min_zoom": 15,
        "bearing": -152.5
      },
      "geometry": {
        "type": "Point",
        "coordinates": [
          -78.91255364485002,
          38.07447545173473
        ]
      }
    },
    {
      "type": "Feature",
      "properties": {
        "name": "Gardner St",
        "tier": "local",
        "min_zoom": 15,
        "bearing": 115.7
      },
      "geometry": {
        "type": "Point",
        "coordinates": [
          -78.86622950675964,
          38.080859680173994
        ]
      }
    },
    {
      "type": "Feature",
      "properties": {
        "name": "Gardner St",
        "tier": "local",
        "min_zoom": 15,
        "bearing": 116.9
      },
      "geometry": {
        "type": "Point",
        "coordinates": [
          -78.86297882821015,
          38.079337721702124
        ]
      }
    },
    {
      "type": "Feature",
      "properties": {
        "name": "Winchester Rd",
        "tier": "major",
        "min_zoom": 13,
        "bearing": 165.2
      },
      "geometry": {
        "type": "Point",
        "coordinates": [
          -78.87369056032176,
          38.06685117931224
        ]
      }
    },
    {
      "type": "Feature",
      "properties": {
        "name": "Winchester Rd",
        "tier": "local",
        "min_zoom": 15,
        "bearing": -141.8
      },
      "geometry": {
        "type": "Point",
        "coordinates": [
          -78.87340265769652,
          38.06478800469534
        ]
      }
    },
    {
      "type": "Feature",
      "properties": {
        "name": "Winchester Rd",
        "tier": "local",
        "min_zoom": 15,
        "bearing": 152.3
      },
      "geometry": {
        "type": "Point",
        "coordinates": [
          -78.8729477513864,
          38.06483546501145
        ]
      }
    },
    {
      "type": "Feature",
      "properties": {
        "name": "Peach St",
        "tier": "local",
        "min_zoom": 15,
        "bearing": 21.0
      },
      "geometry": {
        "type": "Point",
        "coordinates": [
          -78.86662020071334,
          38.08525189173074
        ]
      }
    },
    {
      "type": "Feature",
      "properties": {
        "name": "Delaware Ave",
        "tier": "local",
        "min_zoom": 15,
        "bearing": 96.6
      },
      "geometry": {
        "type": "Point",
        "coordinates": [
          -78.86570080399991,
          38.09145972686807
        ]
      }
    },
    {
      "type": "Feature",
      "properties": {
        "name": "Delaware Ave",
        "tier": "local",
        "min_zoom": 15,
        "bearing": 95.7
      },
      "geometry": {
        "type": "Point",
        "coordinates": [
          -78.86669797792415,
          38.09157345336123
        ]
      }
    },
    {
      "type": "Feature",
      "properties": {
        "name": "Seybert Ave",
        "tier": "major",
        "min_zoom": 13,
        "bearing": 27.8
      },
      "geometry": {
        "type": "Point",
        "coordinates": [
          -78.9137874535405,
          38.08012690796084
        ]
      }
    },
    {
      "type": "Feature",
      "properties": {
        "name": "Seybert Ave",
        "tier": "local",
        "min_zoom": 15,
        "bearing": 28.3
      },
      "geometry": {
        "type": "Point",
        "coordinates": [
          -78.9151627364753,
          38.07747150001472
        ]
      }
    },
    {
      "type": "Feature",
      "properties": {
        "name": "Seybert Ave",
        "tier": "local",
        "min_zoom": 15,
        "bearing": 26.9
      },
      "geometry": {
        "type": "Point",
        "coordinates": [
          -78.91468708223665,
          38.07838744150467
        ]
      }
    },
    {
      "type": "Feature",
      "properties": {
        "name": "E Main St",
        "tier": "local",
        "min_zoom": 15,
        "bearing": 152.9
      },
      "geometry": {
        "type": "Point",
        "coordinates": [
          -78.8681534831039,
          38.04885188044894
        ]
      }
    },
    {
      "type": "Feature",
      "properties": {
        "name": "E Main St",
        "tier": "local",
        "min_zoom": 15,
        "bearing": 177.0
      },
      "geometry": {
        "type": "Point",
        "coordinates": [
          -78.86894475451422,
          38.052170585984136
        ]
      }
    },
    {
      "type": "Feature",
      "properties": {
        "name": "Northgate Ave",
        "tier": "major",
        "min_zoom": 13,
        "bearing": -118.3
      },
      "geometry": {
        "type": "Point",
        "coordinates": [
          -78.91499829109549,
          38.066300478677974
        ]
      }
    },
    {
      "type": "Feature",
      "properties": {
        "name": "Northgate Ave",
        "tier": "major",
        "min_zoom": 13,
        "bearing": -95.7
      },
      "geometry": {
        "type": "Point",
        "coordinates": [
          -78.91160483499763,
          38.06779245160508
        ]
      }
    },
    {
      "type": "Feature",
      "properties": {
        "name": "Northgate Ave",
        "tier": "major",
        "min_zoom": 13,
        "bearing": -39.6
      },
      "geometry": {
        "type": "Point",
        "coordinates": [
          -78.91927450653539,
          38.06579174126596
        ]
      }
    },
    {
      "type": "Feature",
      "properties": {
        "name": "Northgate Ave",
        "tier": "local",
        "min_zoom": 15,
        "bearing": 164.4
      },
      "geometry": {
        "type": "Point",
        "coordinates": [
          -78.92192554693538,
          38.06859678899871
        ]
      }
    },
    {
      "type": "Feature",
      "properties": {
        "name": "Northgate Ave",
        "tier": "local",
        "min_zoom": 15,
        "bearing": -91.8
      },
      "geometry": {
        "type": "Point",
        "coordinates": [
          -78.91821061067304,
          38.06514374286618
        ]
      }
    },
    {
      "type": "Feature",
      "properties": {
        "name": "Mulberry St",
        "tier": "local",
        "min_zoom": 15,
        "bearing": -73.5
      },
      "geometry": {
        "type": "Point",
        "coordinates": [
          -78.90286849899611,
          38.075301871996146
        ]
      }
    },
    {
      "type": "Feature",
      "properties": {
        "name": "Mulberry St",
        "tier": "local",
        "min_zoom": 15,
        "bearing": -73.2
      },
      "geometry": {
        "type": "Point",
        "coordinates": [
          -78.89964556059702,
          38.07432014921622
        ]
      }
    },
    {
      "type": "Feature",
      "properties": {
        "name": "Lake View Cir",
        "tier": "local",
        "min_zoom": 15,
        "bearing": 61.0
      },
      "geometry": {
        "type": "Point",
        "coordinates": [
          -78.90604537360788,
          38.095150525113446
        ]
      }
    },
    {
      "type": "Feature",
      "properties": {
        "name": "Madison St",
        "tier": "local",
        "min_zoom": 15,
        "bearing": -73.7
      },
      "geometry": {
        "type": "Point",
        "coordinates": [
          -78.90197923175147,
          38.07713394601311
        ]
      }
    },
    {
      "type": "Feature",
      "properties": {
        "name": "Madison St",
        "tier": "local",
        "min_zoom": 15,
        "bearing": -73.7
      },
      "geometry": {
        "type": "Point",
        "coordinates": [
          -78.89875900765371,
          38.076170089336344
        ]
      }
    },
    {
      "type": "Feature",
      "properties": {
        "name": "Morgan Ct",
        "tier": "local",
        "min_zoom": 15,
        "bearing": -117.6
      },
      "geometry": {
        "type": "Point",
        "coordinates": [
          -78.94084820078908,
          38.07043747009878
        ]
      }
    },
    {
      "type": "Feature",
      "properties": {
        "name": "Haley Dr",
        "tier": "local",
        "min_zoom": 15,
        "bearing": -60.6
      },
      "geometry": {
        "type": "Point",
        "coordinates": [
          -78.91478248411228,
          38.08179357545244
        ]
      }
    },
    {
      "type": "Feature",
      "properties": {
        "name": "Haley Dr",
        "tier": "local",
        "min_zoom": 15,
        "bearing": -71.8
      },
      "geometry": {
        "type": "Point",
        "coordinates": [
          -78.9155637244305,
          38.082106449890425
        ]
      }
    },
    {
      "type": "Feature",
      "properties": {
        "name": "Alston Ct",
        "tier": "local",
        "min_zoom": 15,
        "bearing": -114.8
      },
      "geometry": {
        "type": "Point",
        "coordinates": [
          -78.9291984969197,
          38.0633430931786
        ]
      }
    },
    {
      "type": "Feature",
      "properties": {
        "name": "Alston Ct",
        "tier": "local",
        "min_zoom": 15,
        "bearing": -141.9
      },
      "geometry": {
        "type": "Point",
        "coordinates": [
          -78.92855797157168,
          38.06399974939479
        ]
      }
    },
    {
      "type": "Feature",
      "properties": {
        "name": "Taylor St",
        "tier": "local",
        "min_zoom": 15,
        "bearing": 48.5
      },
      "geometry": {
        "type": "Point",
        "coordinates": [
          -78.91333956911474,
          38.082238189426654
        ]
      }
    },
    {
      "type": "Feature",
      "properties": {
        "name": "Taylor St",
        "tier": "local",
        "min_zoom": 15,
        "bearing": 27.1
      },
      "geometry": {
        "type": "Point",
        "coordinates": [
          -78.91528931021324,
          38.07973025338738
        ]
      }
    },
    {
      "type": "Feature",
      "properties": {
        "name": "Shamrock Ln",
        "tier": "local",
        "min_zoom": 15,
        "bearing": -143.1
      },
      "geometry": {
        "type": "Point",
        "coordinates": [
          -78.91176923144207,
          38.05932546310836
        ]
      }
    },
    {
      "type": "Feature",
      "properties": {
        "name": "Shamrock Ln",
        "tier": "local",
        "min_zoom": 15,
        "bearing": 138.7
      },
      "geometry": {
        "type": "Point",
        "coordinates": [
          -78.91135635901419,
          38.057972914751595
        ]
      }
    },
    {
      "type": "Feature",
      "properties": {
        "name": "Yale Dr",
        "tier": "local",
        "min_zoom": 15,
        "bearing": -33.2
      },
      "geometry": {
        "type": "Point",
        "coordinates": [
          -78.92768305044794,
          38.048261627571016
        ]
      }
    },
    {
      "type": "Feature",
      "properties": {
        "name": "Yale Dr",
        "tier": "local",
        "min_zoom": 15,
        "bearing": -28.9
      },
      "geometry": {
        "type": "Point",
        "coordinates": [
          -78.92816040203148,
          38.04959692126647
        ]
      }
    },
    {
      "type": "Feature",
      "properties": {
        "name": "Greenbrier Rd",
        "tier": "major",
        "min_zoom": 13,
        "bearing": -179.4
      },
      "geometry": {
        "type": "Point",
        "coordinates": [
          -78.92182121186825,
          38.06063385114572
        ]
      }
    },
    {
      "type": "Feature",
      "properties": {
        "name": "Greenbrier Rd",
        "tier": "local",
        "min_zoom": 15,
        "bearing": 156.7
      },
      "geometry": {
        "type": "Point",
        "coordinates": [
          -78.920827707157,
          38.058644404651446
        ]
      }
    },
    {
      "type": "Feature",
      "properties": {
        "name": "Albemarle Ave",
        "tier": "major",
        "min_zoom": 13,
        "bearing": -108.1
      },
      "geometry": {
        "type": "Point",
        "coordinates": [
          -78.90066149793174,
          38.05284305848634
        ]
      }
    },
    {
      "type": "Feature",
      "properties": {
        "name": "Albemarle Ave",
        "tier": "major",
        "min_zoom": 13,
        "bearing": -124.6
      },
      "geometry": {
        "type": "Point",
        "coordinates": [
          -78.90373154952626,
          38.05139400765835
        ]
      }
    },
    {
      "type": "Feature",
      "properties": {
        "name": "Albemarle Ave",
        "tier": "local",
        "min_zoom": 15,
        "bearing": -105.4
      },
      "geometry": {
        "type": "Point",
        "coordinates": [
          -78.89736451156139,
          38.05391350489239
        ]
      }
    },
    {
      "type": "Feature",
      "properties": {
        "name": "Rife Rd",
        "tier": "major",
        "min_zoom": 13,
        "bearing": -91.7
      },
      "geometry": {
        "type": "Point",
        "coordinates": [
          -78.8975542779913,
          38.06104908461222
        ]
      }
    },
    {
      "type": "Feature",
      "properties": {
        "name": "Rife Rd",
        "tier": "major",
        "min_zoom": 13,
        "bearing": -90.2
      },
      "geometry": {
        "type": "Point",
        "coordinates": [
          -78.8954108140433,
          38.061006832643095
        ]
      }
    },
    {
      "type": "Feature",
      "properties": {
        "name": "Clover Ln",
        "tier": "local",
        "min_zoom": 15,
        "bearing": 74.2
      },
      "geometry": {
        "type": "Point",
        "coordinates": [
          -78.90552291902128,
          38.05913492447131
        ]
      }
    },
    {
      "type": "Feature",
      "properties": {
        "name": "Clover Ln",
        "tier": "local",
        "min_zoom": 15,
        "bearing": 74.3
      },
      "geometry": {
        "type": "Point",
        "coordinates": [
          -78.90442715804772,
          38.05943678004382
        ]
      }
    },
    {
      "type": "Feature",
      "properties": {
        "name": "Pelham Knolls Dr",
        "tier": "local",
        "min_zoom": 15,
        "bearing": 33.1
      },
      "geometry": {
        "type": "Point",
        "coordinates": [
          -78.91728911661414,
          38.08649009645253
        ]
      }
    },
    {
      "type": "Feature",
      "properties": {
        "name": "Pelham Knolls Dr",
        "tier": "local",
        "min_zoom": 15,
        "bearing": 33.4
      },
      "geometry": {
        "type": "Point",
        "coordinates": [
          -78.91786398100938,
          38.08563249886531
        ]
      }
    },
    {
      "type": "Feature",
      "properties": {
        "name": "Plantation Ln",
        "tier": "local",
        "min_zoom": 15,
        "bearing": -58.3
      },
      "geometry": {
        "type": "Point",
        "coordinates": [
          -78.92658940664874,
          38.08668463459763
        ]
      }
    },
    {
      "type": "Feature",
      "properties": {
        "name": "Plantation Ln",
        "tier": "local",
        "min_zoom": 15,
        "bearing": -67.9
      },
      "geometry": {
        "type": "Point",
        "coordinates": [
          -78.9240156555794,
          38.08441330866958
        ]
      }
    },
    {
      "type": "Feature",
      "properties": {
        "name": "Pelham Woods Cir",
        "tier": "local",
        "min_zoom": 15,
        "bearing": -76.3
      },
      "geometry": {
        "type": "Point",
        "coordinates": [
          -78.92079716525926,
          38.08773727181634
        ]
      }
    },
    {
      "type": "Feature",
      "properties": {
        "name": "Pelham Woods Cir",
        "tier": "local",
        "min_zoom": 15,
        "bearing": 10.0
      },
      "geometry": {
        "type": "Point",
        "coordinates": [
          -78.92109285899596,
          38.08661794019794
        ]
      }
    },
    {
      "type": "Feature",
      "properties": {
        "name": "Lanchester Ct",
        "tier": "local",
        "min_zoom": 15,
        "bearing": 65.8
      },
      "geometry": {
        "type": "Point",
        "coordinates": [
          -78.9235212507393,
          38.08674851310091
        ]
      }
    },
    {
      "type": "Feature",
      "properties": {
        "name": "Howard Ave",
        "tier": "major",
        "min_zoom": 13,
        "bearing": 69.0
      },
      "geometry": {
        "type": "Point",
        "coordinates": [
          -78.89298403850992,
          38.07928380113268
        ]
      }
    },
    {
      "type": "Feature",
      "properties": {
        "name": "Howard Ave",
        "tier": "local",
        "min_zoom": 15,
        "bearing": 69.2
      },
      "geometry": {
        "type": "Point",
        "coordinates": [
          -78.89449034348232,
          38.078707590195485
        ]
      }
    },
    {
      "type": "Feature",
      "properties": {
        "name": "Princess Anne Rd",
        "tier": "local",
        "min_zoom": 15,
        "bearing": 44.1
      },
      "geometry": {
        "type": "Point",
        "coordinates": [
          -78.92911028028637,
          38.0858934399637
        ]
      }
    },
    {
      "type": "Feature",
      "properties": {
        "name": "Princess Anne Rd",
        "tier": "local",
        "min_zoom": 15,
        "bearing": 10.1
      },
      "geometry": {
        "type": "Point",
        "coordinates": [
          -78.92859351820883,
          38.086822101294196
        ]
      }
    },
    {
      "type": "Feature",
      "properties": {
        "name": "N Augusta Ave",
        "tier": "major",
        "min_zoom": 13,
        "bearing": 33.0
      },
      "geometry": {
        "type": "Point",
        "coordinates": [
          -78.87503374145908,
          38.075352807987485
        ]
      }
    },
    {
      "type": "Feature",
      "properties": {
        "name": "N Augusta Ave",
        "tier": "major",
        "min_zoom": 13,
        "bearing": 32.6
      },
      "geometry": {
        "type": "Point",
        "coordinates": [
          -78.87398794079736,
          38.07697493151471
        ]
      }
    },
    {
      "type": "Feature",
      "properties": {
        "name": "N Augusta Ave",
        "tier": "major",
        "min_zoom": 13,
        "bearing": 32.6
      },
      "geometry": {
        "type": "Point",
        "coordinates": [
          -78.87606389764099,
          38.07372153905094
        ]
      }
    },
    {
      "type": "Feature",
      "properties": {
        "name": "N Augusta Ave",
        "tier": "major",
        "min_zoom": 13,
        "bearing": 32.3
      },
      "geometry": {
        "type": "Point",
        "coordinates": [
          -78.87708983323155,
          38.07209886631377
        ]
      }
    },
    {
      "type": "Feature",
      "properties": {
        "name": "N Augusta Ave",
        "tier": "major",
        "min_zoom": 13,
        "bearing": 71.1
      },
      "geometry": {
        "type": "Point",
        "coordinates": [
          -78.8791539659377,
          38.06927461202896
        ]
      }
    },
    {
      "type": "Feature",
      "properties": {
        "name": "Shenandoah Village Dr",
        "tier": "local",
        "min_zoom": 15,
        "bearing": 104.1
      },
      "geometry": {
        "type": "Point",
        "coordinates": [
          -78.9388777497839,
          38.05489052106473
        ]
      }
    },
    {
      "type": "Feature",
      "properties": {
        "name": "Shenandoah Village Dr",
        "tier": "local",
        "min_zoom": 15,
        "bearing": 118.9
      },
      "geometry": {
        "type": "Point",
        "coordinates": [
          -78.94478155990156,
          38.05813299295324
        ]
      }
    },
    {
      "type": "Feature",
      "properties": {
        "name": "Tuckahoe Rd",
        "tier": "local",
        "min_zoom": 15,
        "bearing": -122.4
      },
      "geometry": {
        "type": "Point",
        "coordinates": [
          -78.91173935398979,
          38.05675000064442
        ]
      }
    },
    {
      "type": "Feature",
      "properties": {
        "name": "Tuckahoe Rd",
        "tier": "local",
        "min_zoom": 15,
        "bearing": -120.1
      },
      "geometry": {
        "type": "Point",
        "coordinates": [
          -78.91261568659354,
          38.05621436771716
        ]
      }
    },
    {
      "type": "Feature",
      "properties": {
        "name": "Brunswick Rd",
        "tier": "major",
        "min_zoom": 13,
        "bearing": -121.3
      },
      "geometry": {
        "type": "Point",
        "coordinates": [
          -78.91298844171051,
          38.05792215192186
        ]
      }
    },
    {
      "type": "Feature",
      "properties": {
        "name": "Brunswick Rd",
        "tier": "major",
        "min_zoom": 13,
        "bearing": -134.1
      },
      "geometry": {
        "type": "Point",
        "coordinates": [
          -78.91468787337685,
          38.056835362743655
        ]
      }
    },
    {
      "type": "Feature",
      "properties": {
        "name": "Brunswick Rd",
        "tier": "local",
        "min_zoom": 15,
        "bearing": -130.5
      },
      "geometry": {
        "type": "Point",
        "coordinates": [
          -78.91533570813145,
          38.05582017145401
        ]
      }
    },
    {
      "type": "Feature",
      "properties": {
        "name": "Hewitt Ln",
        "tier": "local",
        "min_zoom": 15,
        "bearing": 143.4
      },
      "geometry": {
        "type": "Point",
        "coordinates": [
          -78.91659461065814,
          38.05667801601801
        ]
      }
    },
    {
      "type": "Feature",
      "properties": {
        "name": "Hewitt Ln",
        "tier": "local",
        "min_zoom": 15,
        "bearing": 142.1
      },
      "geometry": {
        "type": "Point",
        "coordinates": [
          -78.91533225127262,
          38.055112085355205
        ]
      }
    },
    {
      "type": "Feature",
      "properties": {
        "name": "W 11Th St",
        "tier": "local",
        "min_zoom": 15,
        "bearing": -62.2
      },
      "geometry": {
        "type": "Point",
        "coordinates": [
          -78.89332309007033,
          38.06759311056006
        ]
      }
    },
    {
      "type": "Feature",
      "properties": {
        "name": "W 11Th St",
        "tier": "local",
        "min_zoom": 15,
        "bearing": -62.9
      },
      "geometry": {
        "type": "Point",
        "coordinates": [
          -78.88990137624864,
          38.065830473707365
        ]
      }
    },
    {
      "type": "Feature",
      "properties": {
        "name": "Alpha St",
        "tier": "local",
        "min_zoom": 15,
        "bearing": -78.7
      },
      "geometry": {
        "type": "Point",
        "coordinates": [
          -78.88728139423912,
          38.072726887473976
        ]
      }
    },
    {
      "type": "Feature",
      "properties": {
        "name": "Alpha St",
        "tier": "local",
        "min_zoom": 15,
        "bearing": -81.5
      },
      "geometry": {
        "type": "Point",
        "coordinates": [
          -78.88959887117947,
          38.0731960463108
        ]
      }
    },
    {
      "type": "Feature",
      "properties": {
        "name": "Stanford Ave",
        "tier": "major",
        "min_zoom": 13,
        "bearing": -117.9
      },
      "geometry": {
        "type": "Point",
        "coordinates": [
          -78.92287218318074,
          38.047963717770806
        ]
      }
    },
    {
      "type": "Feature",
      "properties": {
        "name": "Orchard Ave",
        "tier": "major",
        "min_zoom": 13,
        "bearing": 141.9
      },
      "geometry": {
        "type": "Point",
        "coordinates": [
          -78.91072333273465,
          38.05639074781716
        ]
      }
    },
    {
      "type": "Feature",
      "properties": {
        "name": "Brandon Rd",
        "tier": "local",
        "min_zoom": 15,
        "bearing": 133.6
      },
      "geometry": {
        "type": "Point",
        "coordinates": [
          -78.89779836543484,
          38.05835453504059
        ]
      }
    },
    {
      "type": "Feature",
      "properties": {
        "name": "Brandon Rd",
        "tier": "local",
        "min_zoom": 15,
        "bearing": 130.1
      },
      "geometry": {
        "type": "Point",
        "coordinates": [
          -78.89694622507636,
          38.05765402523328
        ]
      }
    },
    {
      "type": "Feature",
      "properties": {
        "name": "Circular Ct",
        "tier": "local",
        "min_zoom": 15,
        "bearing": -112.9
      },
      "geometry": {
        "type": "Point",
        "coordinates": [
          -78.90495309105916,
          38.056140770583646
        ]
      }
    },
    {
      "type": "Feature",
      "properties": {
        "name": "Circular Ct",
        "tier": "local",
        "min_zoom": 15,
        "bearing": 156.8
      },
      "geometry": {
        "type": "Point",
        "coordinates": [
          -78.90486814456126,
          38.05710699907359
        ]
      }
    },
    {
      "type": "Feature",
      "properties": {
        "name": "River Rd",
        "tier": "major",
        "min_zoom": 13,
        "bearing": -22.6
      },
      "geometry": {
        "type": "Point",
        "coordinates": [
          -78.90479340633193,
          38.06163915010439
        ]
      }
    },
    {
      "type": "Feature",
      "properties": {
        "name": "River Rd",
        "tier": "major",
        "min_zoom": 13,
        "bearing": -25.3
      },
      "geometry": {
        "type": "Point",
        "coordinates": [
          -78.90351425577572,
          38.05873192622985
        ]
      }
    },
    {
      "type": "Feature",
      "properties": {
        "name": "River Rd",
        "tier": "local",
        "min_zoom": 15,
        "bearing": -21.4
      },
      "geometry": {
        "type": "Point",
        "coordinates": [
          -78.9040667689745,
          38.059973787857245
        ]
      }
    },
    {
      "type": "Feature",
      "properties": {
        "name": "Mason St",
        "tier": "local",
        "min_zoom": 15,
        "bearing": 73.5
      },
      "geometry": {
        "type": "Point",
        "coordinates": [
          -78.86973321619729,
          38.0589529846893
        ]
      }
    },
    {
      "type": "Feature",
      "properties": {
        "name": "Mason St",
        "tier": "local",
        "min_zoom": 15,
        "bearing": 166.3
      },
      "geometry": {
        "type": "Point",
        "coordinates": [
          -78.86927702719727,
          38.05888708581084
        ]
      }
    },
    {
      "type": "Feature",
      "properties": {
        "name": "Sidney St",
        "tier": "local",
        "min_zoom": 15,
        "bearing": 133.2
      },
      "geometry": {
        "type": "Point",
        "coordinates": [
          -78.90280126143547,
          38.051084363882104
        ]
      }
    },
    {
      "type": "Feature",
      "properties": {
        "name": "Parker Heights Rd",
        "tier": "major",
        "min_zoom": 13,
        "bearing": -97.7
      },
      "geometry": {
        "type": "Point",
        "coordinates": [
          -78.92706870669903,
          38.07523099299711
        ]
      }
    },
    {
      "type": "Feature",
      "properties": {
        "name": "Cherokee Rd",
        "tier": "major",
        "min_zoom": 13,
        "bearing": -91.5
      },
      "geometry": {
        "type": "Point",
        "coordinates": [
          -78.91025869855467,
          38.07104950728646
        ]
      }
    },
    {
      "type": "Feature",
      "properties": {
        "name": "Cherokee Rd",
        "tier": "major",
        "min_zoom": 13,
        "bearing": -50.3
      },
      "geometry": {
        "type": "Point",
        "coordinates": [
          -78.91249197100584,
          38.07214485214986
        ]
      }
    },
    {
      "type": "Feature",
      "properties": {
        "name": "Cherokee Rd",
        "tier": "major",
        "min_zoom": 13,
        "bearing": -81.0
      },
      "geometry": {
        "type": "Point",
        "coordinates": [
          -78.91427819221065,
          38.07292071361367
        ]
      }
    },
    {
      "type": "Feature",
      "properties": {
        "name": "Ashby Dr",
        "tier": "local",
        "min_zoom": 15,
        "bearing": -108.9
      },
      "geometry": {
        "type": "Point",
        "coordinates": [
          -78.9145172285445,
          38.06830212674356
        ]
      }
    },
    {
      "type": "Feature",
      "properties": {
        "name": "Ashby Dr",
        "tier": "local",
        "min_zoom": 15,
        "bearing": -101.3
      },
      "geometry": {
        "type": "Point",
        "coordinates": [
          -78.91258729637599,
          38.06884207056934
        ]
      }
    },
    {
      "type": "Feature",
      "properties": {
        "name": "Cliffside Rd",
        "tier": "major",
        "min_zoom": 13,
        "bearing": 170.0
      },
      "geometry": {
        "type": "Point",
        "coordinates": [
          -78.90335640931497,
          38.06377189209738
        ]
      }
    },
    {
      "type": "Feature",
      "properties": {
        "name": "Woodlyn Ct",
        "tier": "local",
        "min_zoom": 15,
        "bearing": 139.6
      },
      "geometry": {
        "type": "Point",
        "coordinates": [
          -78.92964105256951,
          38.06592919636698
        ]
      }
    },
    {
      "type": "Feature",
      "properties": {
        "name": "6Th St",
        "tier": "local",
        "min_zoom": 15,
        "bearing": -68.5
      },
      "geometry": {
        "type": "Point",
        "coordinates": [
          -78.87814977625817,
          38.07150482924427
        ]
      }
    },
    {
      "type": "Feature",
      "properties": {
        "name": "6Th St",
        "tier": "local",
        "min_zoom": 15,
        "bearing": -68.6
      },
      "geometry": {
        "type": "Point",
        "coordinates": [
          -78.88133494463284,
          38.072763731540164
        ]
      }
    },
    {
      "type": "Feature",
      "properties": {
        "name": "Tiffany Dr",
        "tier": "local",
        "min_zoom": 15,
        "bearing": -39.7
      },
      "geometry": {
        "type": "Point",
        "coordinates": [
          -78.92838103155239,
          38.06206487897523
        ]
      }
    },
    {
      "type": "Feature",
      "properties": {
        "name": "Tiffany Dr",
        "tier": "local",
        "min_zoom": 15,
        "bearing": 45.1
      },
      "geometry": {
        "type": "Point",
        "coordinates": [
          -78.9307829793911,
          38.067824181950435
        ]
      }
    },
    {
      "type": "Feature",
      "properties": {
        "name": "Ridge Cir",
        "tier": "local",
        "min_zoom": 15,
        "bearing": -20.8
      },
      "geometry": {
        "type": "Point",
        "coordinates": [
          -78.90607263661026,
          38.061680976026025
        ]
      }
    },
    {
      "type": "Feature",
      "properties": {
        "name": "Ridge Cir",
        "tier": "local",
        "min_zoom": 15,
        "bearing": -114.7
      },
      "geometry": {
        "type": "Point",
        "coordinates": [
          -78.9074227983874,
          38.06016813471795
        ]
      }
    },
    {
      "type": "Feature",
      "properties": {
        "name": "River Run Cir",
        "tier": "local",
        "min_zoom": 15,
        "bearing": 172.3
      },
      "geometry": {
        "type": "Point",
        "coordinates": [
          -78.87937215932732,
          38.08627824485803
        ]
      }
    },
    {
      "type": "Feature",
      "properties": {
        "name": "Riverside Dr",
        "tier": "local",
        "min_zoom": 15,
        "bearing": 33.7
      },
      "geometry": {
        "type": "Point",
        "coordinates": [
          -78.8851408969588,
          38.07261759558344
        ]
      }
    },
    {
      "type": "Feature",
      "properties": {
        "name": "Elizabeth Ave",
        "tier": "local",
        "min_zoom": 15,
        "bearing": 22.8
      },
      "geometry": {
        "type": "Point",
        "coordinates": [
          -78.89049965328677,
          38.07268456807917
        ]
      }
    },
    {
      "type": "Feature",
      "properties": {
        "name": "Elizabeth Ave",
        "tier": "local",
        "min_zoom": 15,
        "bearing": 21.6
      },
      "geometry": {
        "type": "Point",
        "coordinates": [
          -78.88992113979522,
          38.07417493384373
        ]
      }
    },
    {
      "type": "Feature",
      "properties": {
        "name": "Wickham Ln",
        "tier": "local",
        "min_zoom": 15,
        "bearing": -39.8
      },
      "geometry": {
        "type": "Point",
        "coordinates": [
          -78.89756439638123,
          38.080411134183585
        ]
      }
    },
    {
      "type": "Feature",
      "properties": {
        "name": "Alexander Ln",
        "tier": "local",
        "min_zoom": 15,
        "bearing": 121.4
      },
      "geometry": {
        "type": "Point",
        "coordinates": [
          -78.89410420808078,
          38.06993926742713
        ]
      }
    },
    {
      "type": "Feature",
      "properties": {
        "name": "Walnut Ave",
        "tier": "major",
        "min_zoom": 13,
        "bearing": -140.4
      },
      "geometry": {
        "type": "Point",
        "coordinates": [
          -78.89373344612521,
          38.06596413403508
        ]
      }
    },
    {
      "type": "Feature",
      "properties": {
        "name": "Walnut Ave",
        "tier": "major",
        "min_zoom": 13,
        "bearing": -141.7
      },
      "geometry": {
        "type": "Point",
        "coordinates": [
          -78.89529975291357,
          38.06401615047267
        ]
      }
    },
    {
      "type": "Feature",
      "properties": {
        "name": "Walnut Ave",
        "tier": "major",
        "min_zoom": 13,
        "bearing": -141.5
      },
      "geometry": {
        "type": "Point",
        "coordinates": [
          -78.89634266111254,
          38.06276950805917
        ]
      }
    },
    {
      "type": "Feature",
      "properties": {
        "name": "Walnut Ave",
        "tier": "local",
        "min_zoom": 15,
        "bearing": -141.6
      },
      "geometry": {
        "type": "Point",
        "coordinates": [
          -78.89704514832809,
          38.06189035565015
        ]
      }
    },
    {
      "type": "Feature",
      "properties": {
        "name": "Bookerdale Rd",
        "tier": "major",
        "min_zoom": 13,
        "bearing": -129.6
      },
      "geometry": {
        "type": "Point",
        "coordinates": [
          -78.93232697714006,
          38.07368036012283
        ]
      }
    },
    {
      "type": "Feature",
      "properties": {
        "name": "Bookerdale Rd",
        "tier": "major",
        "min_zoom": 13,
        "bearing": -128.4
      },
      "geometry": {
        "type": "Point",
        "coordinates": [
          -78.9258859772175,
          38.078936547129956
        ]
      }
    },
    {
      "type": "Feature",
      "properties": {
        "name": "Bookerdale Rd",
        "tier": "major",
        "min_zoom": 13,
        "bearing": -128.5
      },
      "geometry": {
        "type": "Point",
        "coordinates": [
          -78.92868718684439,
          38.0767103295901
        ]
      }
    },
    {
      "type": "Feature",
      "properties": {
        "name": "White Bridge Rd",
        "tier": "major",
        "min_zoom": 13,
        "bearing": -54.9
      },
      "geometry": {
        "type": "Point",
        "coordinates": [
          -78.9048418984681,
          38.08405224921607
        ]
      }
    },
    {
      "type": "Feature",
      "properties": {
        "name": "White Bridge Rd",
        "tier": "major",
        "min_zoom": 13,
        "bearing": -54.6
      },
      "geometry": {
        "type": "Point",
        "coordinates": [
          -78.91307378966475,
          38.08970070353422
        ]
      }
    },
    {
      "type": "Feature",
      "properties": {
        "name": "White Bridge Rd",
        "tier": "major",
        "min_zoom": 13,
        "bearing": -54.0
      },
      "geometry": {
        "type": "Point",
        "coordinates": [
          -78.90917232513192,
          38.08699752255072
        ]
      }
    },
    {
      "type": "Feature",
      "properties": {
        "name": "S Talbott Pl",
        "tier": "local",
        "min_zoom": 15,
        "bearing": -73.1
      },
      "geometry": {
        "type": "Point",
        "coordinates": [
          -78.90830845624721,
          38.075869829785866
        ]
      }
    },
    {
      "type": "Feature",
      "properties": {
        "name": "S Talbott Pl",
        "tier": "local",
        "min_zoom": 15,
        "bearing": -74.9
      },
      "geometry": {
        "type": "Point",
        "coordinates": [
          -78.90687779649835,
          38.075438136409616
        ]
      }
    },
    {
      "type": "Feature",
      "properties": {
        "name": "Glenwood Blvd",
        "tier": "major",
        "min_zoom": 13,
        "bearing": -36.2
      },
      "geometry": {
        "type": "Point",
        "coordinates": [
          -78.9206112908932,
          38.06593592001938
        ]
      }
    },
    {
      "type": "Feature",
      "properties": {
        "name": "Glenwood Blvd",
        "tier": "major",
        "min_zoom": 13,
        "bearing": -143.1
      },
      "geometry": {
        "type": "Point",
        "coordinates": [
          -78.91807516972739,
          38.06411934638459
        ]
      }
    },
    {
      "type": "Feature",
      "properties": {
        "name": "E Broad St",
        "tier": "local",
        "min_zoom": 15,
        "bearing": 98.6
      },
      "geometry": {
        "type": "Point",
        "coordinates": [
          -78.88391620370948,
          38.06911399006313
        ]
      }
    },
    {
      "type": "Feature",
      "properties": {
        "name": "E Broad St",
        "tier": "local",
        "min_zoom": 15,
        "bearing": 139.6
      },
      "geometry": {
        "type": "Point",
        "coordinates": [
          -78.88076142866959,
          38.06742165506524
        ]
      }
    },
    {
      "type": "Feature",
      "properties": {
        "name": "Harvard Rd",
        "tier": "major",
        "min_zoom": 13,
        "bearing": -130.5
      },
      "geometry": {
        "type": "Point",
        "coordinates": [
          -78.94317702373834,
          38.06720808951289
        ]
      }
    },
    {
      "type": "Feature",
      "properties": {
        "name": "Country Lodge Rd",
        "tier": "major",
        "min_zoom": 13,
        "bearing": 59.1
      },
      "geometry": {
        "type": "Point",
        "coordinates": [
          -78.92865299780904,
          38.06486194107644
        ]
      }
    },
    {
      "type": "Feature",
      "properties": {
        "name": "Fairway Dr",
        "tier": "local",
        "min_zoom": 15,
        "bearing": 26.5
      },
      "geometry": {
        "type": "Point",
        "coordinates": [
          -78.92409009769352,
          38.06653874615236
        ]
      }
    },
    {
      "type": "Feature",
      "properties": {
        "name": "Fairway Dr",
        "tier": "local",
        "min_zoom": 15,
        "bearing": 138.5
      },
      "geometry": {
        "type": "Point",
        "coordinates": [
          -78.9210758813733,
          38.064160432757994
        ]
      }
    },
    {
      "type": "Feature",
      "properties": {
        "name": "S Magnolia Ave",
        "tier": "major",
        "min_zoom": 13,
        "bearing": -108.7
      },
      "geometry": {
        "type": "Point",
        "coordinates": [
          -78.90534300886007,
          38.065741546637646
        ]
      }
    },
    {
      "type": "Feature",
      "properties": {
        "name": "S Magnolia Ave",
        "tier": "major",
        "min_zoom": 13,
        "bearing": -140.4
      },
      "geometry": {
        "type": "Point",
        "coordinates": [
          -78.90094142766618,
          38.07058099183419
        ]
      }
    },
    {
      "type": "Feature",
      "properties": {
        "name": "S Magnolia Ave",
        "tier": "major",
        "min_zoom": 13,
        "bearing": -141.0
      },
      "geometry": {
        "type": "Point",
        "coordinates": [
          -78.9030529257454,
          38.06799169970465
        ]
      }
    },
    {
      "type": "Feature",
      "properties": {
        "name": "S Magnolia Ave",
        "tier": "major",
        "min_zoom": 13,
        "bearing": -140.3
      },
      "geometry": {
        "type": "Point",
        "coordinates": [
          -78.90199431965007,
          38.06927889837604
        ]
      }
    },
    {
      "type": "Feature",
      "properties": {
        "name": "S Magnolia Ave",
        "tier": "local",
        "min_zoom": 15,
        "bearing": -140.4
      },
      "geometry": {
        "type": "Point",
        "coordinates": [
          -78.9039656209597,
          38.066874713180326
        ]
      }
    },
    {
      "type": "Feature",
      "properties": {
        "name": "Church St",
        "tier": "local",
        "min_zoom": 15,
        "bearing": -164.3
      },
      "geometry": {
        "type": "Point",
        "coordinates": [
          -78.89132351000801,
          38.068497050026366
        ]
      }
    },
    {
      "type": "Feature",
      "properties": {
        "name": "Spring Run Ln",
        "tier": "local",
        "min_zoom": 15,
        "bearing": 61.0
      },
      "geometry": {
        "type": "Point",
        "coordinates": [
          -78.90652427263112,
          38.09583862310405
        ]
      }
    },
    {
      "type": "Feature",
      "properties": {
        "name": "N Wayne Ave",
        "tier": "local",
        "min_zoom": 15,
        "bearing": 12.0
      },
      "geometry": {
        "type": "Point",
        "coordinates": [
          -78.88911734024491,
          38.070237284249856
        ]
      }
    },
    {
      "type": "Feature",
      "properties": {
        "name": "N Wayne Ave",
        "tier": "local",
        "min_zoom": 15,
        "bearing": 11.4
      },
      "geometry": {
        "type": "Point",
        "coordinates": [
          -78.88938058446617,
          38.06890082909908
        ]
      }
    },
    {
      "type": "Feature",
      "properties": {
        "name": "Brook Ct",
        "tier": "local",
        "min_zoom": 15,
        "bearing": -46.8
      },
      "geometry": {
        "type": "Point",
        "coordinates": [
          -78.9073224359417,
          38.05776136586843
        ]
      }
    },
    {
      "type": "Feature",
      "properties": {
        "name": "Stayman Ave",
        "tier": "major",
        "min_zoom": 13,
        "bearing": -109.2
      },
      "geometry": {
        "type": "Point",
        "coordinates": [
          -78.89778399824475,
          38.05181259382505
        ]
      }
    },
    {
      "type": "Feature",
      "properties": {
        "name": "Stayman Ave",
        "tier": "local",
        "min_zoom": 15,
        "bearing": -108.5
      },
      "geometry": {
        "type": "Point",
        "coordinates": [
          -78.89628754152294,
          38.052325158755515
        ]
      }
    },
    {
      "type": "Feature",
      "properties": {
        "name": "19Th St",
        "tier": "local",
        "min_zoom": 15,
        "bearing": 155.2
      },
      "geometry": {
        "type": "Point",
        "coordinates": [
          -78.8939067946894,
          38.05361362973575
        ]
      }
    },
    {
      "type": "Feature",
      "properties": {
        "name": "Frederick St",
        "tier": "local",
        "min_zoom": 15,
        "bearing": -97.7
      },
      "geometry": {
        "type": "Point",
        "coordinates": [
          -78.90570217089856,
          38.05657204654185
        ]
      }
    },
    {
      "type": "Feature",
      "properties": {
        "name": "Henry Ave",
        "tier": "major",
        "min_zoom": 13,
        "bearing": 68.2
      },
      "geometry": {
        "type": "Point",
        "coordinates": [
          -78.89175342047136,
          38.07377893191015
        ]
      }
    },
    {
      "type": "Feature",
      "properties": {
        "name": "Henry Ave",
        "tier": "local",
        "min_zoom": 15,
        "bearing": 69.2
      },
      "geometry": {
        "type": "Point",
        "coordinates": [
          -78.89039091618604,
          38.07429505843611
        ]
      }
    },
    {
      "type": "Feature",
      "properties": {
        "name": "Woosley Cir",
        "tier": "local",
        "min_zoom": 15,
        "bearing": -141.3
      },
      "geometry": {
        "type": "Point",
        "coordinates": [
          -78.86806360131494,
          38.07341909803818
        ]
      }
    },
    {
      "type": "Feature",
      "properties": {
        "name": "8Th St",
        "tier": "local",
        "min_zoom": 15,
        "bearing": 108.5
      },
      "geometry": {
        "type": "Point",
        "coordinates": [
          -78.88309807119086,
          38.07007962477608
        ]
      }
    },
    {
      "type": "Feature",
      "properties": {
        "name": "8Th St",
        "tier": "local",
        "min_zoom": 15,
        "bearing": 112.8
      },
      "geometry": {
        "type": "Point",
        "coordinates": [
          -78.8809398087298,
          38.06920453087639
        ]
      }
    },
    {
      "type": "Feature",
      "properties": {
        "name": "Mountain Rd",
        "tier": "local",
        "min_zoom": 15,
        "bearing": 151.8
      },
      "geometry": {
        "type": "Point",
        "coordinates": [
          -78.8957438708484,
          38.052908886713446
        ]
      }
    },
    {
      "type": "Feature",
      "properties": {
        "name": "Mountain Rd",
        "tier": "local",
        "min_zoom": 15,
        "bearing": 157.0
      },
      "geometry": {
        "type": "Point",
        "coordinates": [
          -78.8953533296554,
          38.05214906201588
        ]
      }
    },
    {
      "type": "Feature",
      "properties": {
        "name": "Reservoir St",
        "tier": "local",
        "min_zoom": 15,
        "bearing": 116.2
      },
      "geometry": {
        "type": "Point",
        "coordinates": [
          -78.87087708994756,
          38.069631060715786
        ]
      }
    },
    {
      "type": "Feature",
      "properties": {
        "name": "Reservoir St",
        "tier": "local",
        "min_zoom": 15,
        "bearing": 114.1
      },
      "geometry": {
        "type": "Point",
        "coordinates": [
          -78.86852165062264,
          38.0685185608711
        ]
      }
    },
    {
      "type": "Feature",
      "properties": {
        "name": "7Th St",
        "tier": "local",
        "min_zoom": 15,
        "bearing": 110.9
      },
      "geometry": {
        "type": "Point",
        "coordinates": [
          -78.87482703093056,
          38.068576302984226
        ]
      }
    },
    {
      "type": "Feature",
      "properties": {
        "name": "7Th St",
        "tier": "local",
        "min_zoom": 15,
        "bearing": 111.4
      },
      "geometry": {
        "type": "Point",
        "coordinates": [
          -78.88101196627171,
          38.071148008248564
        ]
      }
    },
    {
      "type": "Feature",
      "properties": {
        "name": "Meadowbrook Rd",
        "tier": "major",
        "min_zoom": 13,
        "bearing": 124.0
      },
      "geometry": {
        "type": "Point",
        "coordinates": [
          -78.91319070976651,
          38.06137796865898
        ]
      }
    },
    {
      "type": "Feature",
      "properties": {
        "name": "Meadowbrook Rd",
        "tier": "major",
        "min_zoom": 13,
        "bearing": 131.4
      },
      "geometry": {
        "type": "Point",
        "coordinates": [
          -78.90955489772301,
          38.058495689098294
        ]
      }
    },
    {
      "type": "Feature",
      "properties": {
        "name": "Meadowbrook Rd",
        "tier": "major",
        "min_zoom": 13,
        "bearing": 132.4
      },
      "geometry": {
        "type": "Point",
        "coordinates": [
          -78.91639380940002,
          38.06423870191779
        ]
      }
    },
    {
      "type": "Feature",
      "properties": {
        "name": "Meadowbrook Rd",
        "tier": "local",
        "min_zoom": 15,
        "bearing": 138.7
      },
      "geometry": {
        "type": "Point",
        "coordinates": [
          -78.91544779958237,
          38.06280868423189
        ]
      }
    },
    {
      "type": "Feature",
      "properties": {
        "name": "Market Ave",
        "tier": "major",
        "min_zoom": 13,
        "bearing": -167.3
      },
      "geometry": {
        "type": "Point",
        "coordinates": [
          -78.8889287096966,
          38.06660686654116
        ]
      }
    },
    {
      "type": "Feature",
      "properties": {
        "name": "Market Ave",
        "tier": "major",
        "min_zoom": 13,
        "bearing": -139.9
      },
      "geometry": {
        "type": "Point",
        "coordinates": [
          -78.89199294688125,
          38.06232230760848
        ]
      }
    },
    {
      "type": "Feature",
      "properties": {
        "name": "Market Ave",
        "tier": "major",
        "min_zoom": 13,
        "bearing": -140.2
      },
      "geometry": {
        "type": "Point",
        "coordinates": [
          -78.89092330333003,
          38.06360896072463
        ]
      }
    },
    {
      "type": "Feature",
      "properties": {
        "name": "Hollins Rd",
        "tier": "major",
        "min_zoom": 13,
        "bearing": -125.4
      },
      "geometry": {
        "type": "Point",
        "coordinates": [
          -78.92095049290639,
          38.06201222675534
        ]
      }
    },
    {
      "type": "Feature",
      "properties": {
        "name": "Hollins Rd",
        "tier": "major",
        "min_zoom": 13,
        "bearing": -142.8
      },
      "geometry": {
        "type": "Point",
        "coordinates": [
          -78.92433748922781,
          38.059735420797324
        ]
      }
    },
    {
      "type": "Feature",
      "properties": {
        "name": "Hollins Rd",
        "tier": "major",
        "min_zoom": 13,
        "bearing": -117.2
      },
      "geometry": {
        "type": "Point",
        "coordinates": [
          -78.92290957683826,
          38.060892389521776
        ]
      }
    },
    {
      "type": "Feature",
      "properties": {
        "name": "Hollins Rd",
        "tier": "local",
        "min_zoom": 15,
        "bearing": -140.3
      },
      "geometry": {
        "type": "Point",
        "coordinates": [
          -78.9251435394711,
          38.05873719775632
        ]
      }
    },
    {
      "type": "Feature",
      "properties": {
        "name": "Kiser Ct",
        "tier": "local",
        "min_zoom": 15,
        "bearing": 31.6
      },
      "geometry": {
        "type": "Point",
        "coordinates": [
          -78.94694653535043,
          38.068122097084036
        ]
      }
    },
    {
      "type": "Feature",
      "properties": {
        "name": "Windigrove Dr",
        "tier": "local",
        "min_zoom": 15,
        "bearing": 90.3
      },
      "geometry": {
        "type": "Point",
        "coordinates": [
          -78.9334741388863,
          38.061240982768545
        ]
      }
    },
    {
      "type": "Feature",
      "properties": {
        "name": "Windigrove Dr",
        "tier": "local",
        "min_zoom": 15,
        "bearing": 116.3
      },
      "geometry": {
        "type": "Point",
        "coordinates": [
          -78.92973739070118,
          38.060024396078475
        ]
      }
    },
    {
      "type": "Feature",
      "properties": {
        "name": "Apple Tree Ln",
        "tier": "local",
        "min_zoom": 15,
        "bearing": -93.0
      },
      "geometry": {
        "type": "Point",
        "coordinates": [
          -78.94020566987112,
          38.06241598832847
        ]
      }
    },
    {
      "type": "Feature",
      "properties": {
        "name": "Apple Tree Ln",
        "tier": "local",
        "min_zoom": 15,
        "bearing": -118.9
      },
      "geometry": {
        "type": "Point",
        "coordinates": [
          -78.93880311903378,
          38.064323353960724
        ]
      }
    },
    {
      "type": "Feature",
      "properties": {
        "name": "Pelham Green West",
        "tier": "local",
        "min_zoom": 15,
        "bearing": -48.7
      },
      "geometry": {
        "type": "Point",
        "coordinates": [
          -78.92908982156985,
          38.08418150173149
        ]
      }
    },
    {
      "type": "Feature",
      "properties": {
        "name": "High Point Ct",
        "tier": "local",
        "min_zoom": 15,
        "bearing": -15.7
      },
      "geometry": {
        "type": "Point",
        "coordinates": [
          -78.9233863259438,
          38.07533951886945
        ]
      }
    },
    {
      "type": "Feature",
      "properties": {
        "name": "Stoney Creek Cir",
        "tier": "local",
        "min_zoom": 15,
        "bearing": -44.6
      },
      "geometry": {
        "type": "Point",
        "coordinates": [
          -78.90009976164788,
          38.0929407501491
        ]
      }
    },
    {
      "type": "Feature",
      "properties": {
        "name": "Chateau Ln",
        "tier": "local",
        "min_zoom": 15,
        "bearing": -150.5
      },
      "geometry": {
        "type": "Point",
        "coordinates": [
          -78.92017307553499,
          38.08931051235262
        ]
      }
    },
    {
      "type": "Feature",
      "properties": {
        "name": "Forever Ct",
        "tier": "local",
        "min_zoom": 15,
        "bearing": -115.1
      },
      "geometry": {
        "type": "Point",
        "coordinates": [
          -78.897296436269,
          38.08444097725483
        ]
      }
    },
    {
      "type": "Feature",
      "properties": {
        "name": "Belvue Rd",
        "tier": "major",
        "min_zoom": 13,
        "bearing": -67.7
      },
      "geometry": {
        "type": "Point",
        "coordinates": [
          -78.92022493460841,
          38.07270311627793
        ]
      }
    },
    {
      "type": "Feature",
      "properties": {
        "name": "Belvue Rd",
        "tier": "major",
        "min_zoom": 13,
        "bearing": -68.1
      },
      "geometry": {
        "type": "Point",
        "coordinates": [
          -78.9182321349469,
          38.071888523408234
        ]
      }
    },
    {
      "type": "Feature",
      "properties": {
        "name": "Belvue Rd",
        "tier": "major",
        "min_zoom": 13,
        "bearing": -68.3
      },
      "geometry": {
        "type": "Point",
        "coordinates": [
          -78.92211472650607,
          38.07346550025519
        ]
      }
    },
    {
      "type": "Feature",
      "properties": {
        "name": "Belvue Rd",
        "tier": "major",
        "min_zoom": 13,
        "bearing": -18.1
      },
      "geometry": {
        "type": "Point",
        "coordinates": [
          -78.92453440176487,
          38.075327751880906
        ]
      }
    },
    {
      "type": "Feature",
      "properties": {
        "name": "Belvue Rd",
        "tier": "major",
        "min_zoom": 13,
        "bearing": -66.8
      },
      "geometry": {
        "type": "Point",
        "coordinates": [
          -78.9237743954275,
          38.07413094897062
        ]
      }
    },
    {
      "type": "Feature",
      "properties": {
        "name": "Brandon Ladd Cir",
        "tier": "local",
        "min_zoom": 15,
        "bearing": -37.3
      },
      "geometry": {
        "type": "Point",
        "coordinates": [
          -78.93008829380254,
          38.06366446261992
        ]
      }
    },
    {
      "type": "Feature",
      "properties": {
        "name": "Brandon Ladd Cir",
        "tier": "local",
        "min_zoom": 15,
        "bearing": -166.1
      },
      "geometry": {
        "type": "Point",
        "coordinates": [
          -78.93105046550335,
          38.065747299714594
        ]
      }
    },
    {
      "type": "Feature",
      "properties": {
        "name": "INTERSTATE 64",
        "tier": "local",
        "min_zoom": 15,
        "bearing": 106.8
      },
      "geometry": {
        "type": "Point",
        "coordinates": [
          -78.92658317927645,
          38.05636477105732
        ]
      }
    },
    {
      "type": "Feature",
      "properties": {
        "name": "INTERSTATE 64",
        "tier": "local",
        "min_zoom": 15,
        "bearing": 117.5
      },
      "geometry": {
        "type": "Point",
        "coordinates": [
          -78.91383377268605,
          38.050971796818004
        ]
      }
    },
    {
      "type": "Feature",
      "properties": {
        "name": "Overview St",
        "tier": "local",
        "min_zoom": 15,
        "bearing": 64.8
      },
      "geometry": {
        "type": "Point",
        "coordinates": [
          -78.89693719812428,
          38.08369220742967
        ]
      }
    },
    {
      "type": "Feature",
      "properties": {
        "name": "Overview St",
        "tier": "local",
        "min_zoom": 15,
        "bearing": 127.5
      },
      "geometry": {
        "type": "Point",
        "coordinates": [
          -78.89899831613269,
          38.08355107292531
        ]
      }
    },
    {
      "type": "Feature",
      "properties": {
        "name": "S Ellison Ln",
        "tier": "local",
        "min_zoom": 15,
        "bearing": -167.0
      },
      "geometry": {
        "type": "Point",
        "coordinates": [
          -78.91592276938691,
          38.070394398352065
        ]
      }
    },
    {
      "type": "Feature",
      "properties": {
        "name": "S Ellison Ln",
        "tier": "local",
        "min_zoom": 15,
        "bearing": -178.3
      },
      "geometry": {
        "type": "Point",
        "coordinates": [
          -78.91633526097135,
          38.06803624524587
        ]
      }
    },
    {
      "type": "Feature",
      "properties": {
        "name": "A St",
        "tier": "local",
        "min_zoom": 15,
        "bearing": -63.2
      },
      "geometry": {
        "type": "Point",
        "coordinates": [
          -78.86763021782244,
          38.07693454320783
        ]
      }
    },
    {
      "type": "Feature",
      "properties": {
        "name": "A St",
        "tier": "local",
        "min_zoom": 15,
        "bearing": 111.4
      },
      "geometry": {
        "type": "Point",
        "coordinates": [
          -78.8590911154997,
          38.07302363850449
        ]
      }
    },
    {
      "type": "Feature",
      "properties": {
        "name": "S Oak Ln",
        "tier": "local",
        "min_zoom": 15,
        "bearing": 167.4
      },
      "geometry": {
        "type": "Point",
        "coordinates": [
          -78.92422280550659,
          38.03785865063016
        ]
      }
    },
    {
      "type": "Feature",
      "properties": {
        "name": "S Oak Ln",
        "tier": "local",
        "min_zoom": 15,
        "bearing": -129.1
      },
      "geometry": {
        "type": "Point",
        "coordinates": [
          -78.92343621854374,
          38.044784297691415
        ]
      }
    },
    {
      "type": "Feature",
      "properties": {
        "name": "Petros Dr",
        "tier": "local",
        "min_zoom": 15,
        "bearing": -62.3
      },
      "geometry": {
        "type": "Point",
        "coordinates": [
          -78.90582724800134,
          38.09399428442201
        ]
      }
    },
    {
      "type": "Feature",
      "properties": {
        "name": "Petros Dr",
        "tier": "local",
        "min_zoom": 15,
        "bearing": -61.7
      },
      "geometry": {
        "type": "Point",
        "coordinates": [
          -78.90861528844383,
          38.09547484623842
        ]
      }
    },
    {
      "type": "Feature",
      "properties": {
        "name": "Davis Rd",
        "tier": "major",
        "min_zoom": 13,
        "bearing": -85.0
      },
      "geometry": {
        "type": "Point",
        "coordinates": [
          -78.92295552085292,
          38.06926837855883
        ]
      }
    },
    {
      "type": "Feature",
      "properties": {
        "name": "Davis Rd",
        "tier": "major",
        "min_zoom": 13,
        "bearing": -87.6
      },
      "geometry": {
        "type": "Point",
        "coordinates": [
          -78.91969635562961,
          38.06938986196437
        ]
      }
    },
    {
      "type": "Feature",
      "properties": {
        "name": "Davis Rd",
        "tier": "local",
        "min_zoom": 15,
        "bearing": -65.4
      },
      "geometry": {
        "type": "Point",
        "coordinates": [
          -78.92544599736846,
          38.07054746590484
        ]
      }
    },
    {
      "type": "Feature",
      "properties": {
        "name": "Davis Rd",
        "tier": "local",
        "min_zoom": 15,
        "bearing": -71.6
      },
      "geometry": {
        "type": "Point",
        "coordinates": [
          -78.9244228307413,
          38.069918829574604
        ]
      }
    },
    {
      "type": "Feature",
      "properties": {
        "name": "Goodstay Ln",
        "tier": "local",
        "min_zoom": 15,
        "bearing": 39.5
      },
      "geometry": {
        "type": "Point",
        "coordinates": [
          -78.92700659547397,
          38.06987415110302
        ]
      }
    },
    {
      "type": "Feature",
      "properties": {
        "name": "Goodstay Ln",
        "tier": "local",
        "min_zoom": 15,
        "bearing": 37.6
      },
      "geometry": {
        "type": "Point",
        "coordinates": [
          -78.92749472067102,
          38.06924189996973
        ]
      }
    },
    {
      "type": "Feature",
      "properties": {
        "name": "Summercrest Ave",
        "tier": "major",
        "min_zoom": 13,
        "bearing": -148.4
      },
      "geometry": {
        "type": "Point",
        "coordinates": [
          -78.92044484333779,
          38.07774142467737
        ]
      }
    },
    {
      "type": "Feature",
      "properties": {
        "name": "Summercrest Ave",
        "tier": "local",
        "min_zoom": 15,
        "bearing": -120.0
      },
      "geometry": {
        "type": "Point",
        "coordinates": [
          -78.922412417602,
          38.07421615732285
        ]
      }
    },
    {
      "type": "Feature",
      "properties": {
        "name": "Summercrest Ave",
        "tier": "local",
        "min_zoom": 15,
        "bearing": -146.8
      },
      "geometry": {
        "type": "Point",
        "coordinates": [
          -78.92163276175806,
          38.07529687781097
        ]
      }
    },
    {
      "type": "Feature",
      "properties": {
        "name": "Summercrest Ave",
        "tier": "local",
        "min_zoom": 15,
        "bearing": 115.3
      },
      "geometry": {
        "type": "Point",
        "coordinates": [
          -78.92417627659607,
          38.070919376234556
        ]
      }
    },
    {
      "type": "Feature",
      "properties": {
        "name": "Summercrest Ave",
        "tier": "local",
        "min_zoom": 15,
        "bearing": -146.7
      },
      "geometry": {
        "type": "Point",
        "coordinates": [
          -78.9231744896149,
          38.07352259989416
        ]
      }
    },
    {
      "type": "Feature",
      "properties": {
        "name": "Willowshire Ct",
        "tier": "local",
        "min_zoom": 15,
        "bearing": 105.8
      },
      "geometry": {
        "type": "Point",
        "coordinates": [
          -78.8930396997007,
          38.08643199531603
        ]
      }
    },
    {
      "type": "Feature",
      "properties": {
        "name": "Willowshire Ct",
        "tier": "local",
        "min_zoom": 15,
        "bearing": 106.4
      },
      "geometry": {
        "type": "Point",
        "coordinates": [
          -78.8918275425932,
          38.086083560899084
        ]
      }
    },
    {
      "type": "Feature",
      "properties": {
        "name": "Lilly Ln",
        "tier": "local",
        "min_zoom": 15,
        "bearing": -158.8
      },
      "geometry": {
        "type": "Point",
        "coordinates": [
          -78.89064815431122,
          38.08951606008418
        ]
      }
    },
    {
      "type": "Feature",
      "properties": {
        "name": "Lilly Ln",
        "tier": "local",
        "min_zoom": 15,
        "bearing": -147.1
      },
      "geometry": {
        "type": "Point",
        "coordinates": [
          -78.89112597449846,
          38.08841007463821
        ]
      }
    },
    {
      "type": "Feature",
      "properties": {
        "name": "Walsh Ln",
        "tier": "local",
        "min_zoom": 15,
        "bearing": 103.6
      },
      "geometry": {
        "type": "Point",
        "coordinates": [
          -78.89364972158926,
          38.090633099835216
        ]
      }
    },
    {
      "type": "Feature",
      "properties": {
        "name": "Walsh Ln",
        "tier": "local",
        "min_zoom": 15,
        "bearing": 123.6
      },
      "geometry": {
        "type": "Point",
        "coordinates": [
          -78.8974951556975,
          38.09240568784652
        ]
      }
    },
    {
      "type": "Feature",
      "properties": {
        "name": "Sunbird Ln",
        "tier": "local",
        "min_zoom": 15,
        "bearing": 161.3
      },
      "geometry": {
        "type": "Point",
        "coordinates": [
          -78.93261318936345,
          38.069704470703385
        ]
      }
    },
    {
      "type": "Feature",
      "properties": {
        "name": "Sunbird Ln",
        "tier": "local",
        "min_zoom": 15,
        "bearing": 161.3
      },
      "geometry": {
        "type": "Point",
        "coordinates": [
          -78.932395729754,
          38.06906096621705
        ]
      }
    },
    {
      "type": "Feature",
      "properties": {
        "name": "Greenway Trl",
        "tier": "local",
        "min_zoom": 15,
        "bearing": 30.5
      },
      "geometry": {
        "type": "Point",
        "coordinates": [
          -78.88543460378543,
          38.062309766113145
        ]
      }
    },
    {
      "type": "Feature",
      "properties": {
        "name": "Access Rd",
        "tier": "local",
        "min_zoom": 15,
        "bearing": 149.5
      },
      "geometry": {
        "type": "Point",
        "coordinates": [
          -78.87166176761646,
          38.064659624390245
        ]
      }
    },
    {
      "type": "Feature",
      "properties": {
        "name": "Ridgeline Dr",
        "tier": "local",
        "min_zoom": 15,
        "bearing": -102.1
      },
      "geometry": {
        "type": "Point",
        "coordinates": [
          -78.93331009656,
          38.0700480053976
        ]
      }
    },
    {
      "type": "Feature",
      "properties": {
        "name": "Ridgeline Dr",
        "tier": "local",
        "min_zoom": 15,
        "bearing": -56.7
      },
      "geometry": {
        "type": "Point",
        "coordinates": [
          -78.930227809636,
          38.069439509956425
        ]
      }
    },
    {
      "type": "Feature",
      "properties": {
        "name": "Springdale Rd",
        "tier": "major",
        "min_zoom": 13,
        "bearing": -73.2
      },
      "geometry": {
        "type": "Point",
        "coordinates": [
          -78.93329640753028,
          38.06935575538244
        ]
      }
    },
    {
      "type": "Feature",
      "properties": {
        "name": "Springdale Rd",
        "tier": "major",
        "min_zoom": 13,
        "bearing": 71.7
      },
      "geometry": {
        "type": "Point",
        "coordinates": [
          -78.93208354953855,
          38.06933192031905
        ]
      }
    },
    {
      "type": "Feature",
      "properties": {
        "name": "Duke Rd",
        "tier": "major",
        "min_zoom": 13,
        "bearing": -98.7
      },
      "geometry": {
        "type": "Point",
        "coordinates": [
          -78.88380979834096,
          38.09453537200271
        ]
      }
    },
    {
      "type": "Feature",
      "properties": {
        "name": "White Birch Rd",
        "tier": "local",
        "min_zoom": 15,
        "bearing": 103.8
      },
      "geometry": {
        "type": "Point",
        "coordinates": [
          -78.89032768506513,
          38.08904792146374
        ]
      }
    },
    {
      "type": "Feature",
      "properties": {
        "name": "White Birch Rd",
        "tier": "local",
        "min_zoom": 15,
        "bearing": 103.6
      },
      "geometry": {
        "type": "Point",
        "coordinates": [
          -78.89410333464203,
          38.08995981307059
        ]
      }
    },
    {
      "type": "Feature",
      "properties": {
        "name": "Berry St",
        "tier": "local",
        "min_zoom": 15,
        "bearing": -137.7
      },
      "geometry": {
        "type": "Point",
        "coordinates": [
          -78.89787676569505,
          38.090540978876064
        ]
      }
    },
    {
      "type": "Feature",
      "properties": {
        "name": "Berry St",
        "tier": "local",
        "min_zoom": 15,
        "bearing": -133.3
      },
      "geometry": {
        "type": "Point",
        "coordinates": [
          -78.89690952526243,
          38.09152878489519
        ]
      }
    },
    {
      "type": "Feature",
      "properties": {
        "name": "Raleigh Ct",
        "tier": "local",
        "min_zoom": 15,
        "bearing": -4.3
      },
      "geometry": {
        "type": "Point",
        "coordinates": [
          -78.92861638839814,
          38.09101339596083
        ]
      }
    },
    {
      "type": "Feature",
      "properties": {
        "name": "Everett St",
        "tier": "local",
        "min_zoom": 15,
        "bearing": 136.0
      },
      "geometry": {
        "type": "Point",
        "coordinates": [
          -78.9271659830835,
          38.0706339286959
        ]
      }
    },
    {
      "type": "Feature",
      "properties": {
        "name": "Sunset Trl",
        "tier": "local",
        "min_zoom": 15,
        "bearing": -129.3
      },
      "geometry": {
        "type": "Point",
        "coordinates": [
          -78.86659576156967,
          38.06225945875517
        ]
      }
    },
    {
      "type": "Feature",
      "properties": {
        "name": "Mount Cuba Dr",
        "tier": "local",
        "min_zoom": 15,
        "bearing": 123.8
      },
      "geometry": {
        "type": "Point",
        "coordinates": [
          -78.92816510757503,
          38.06915999876521
        ]
      }
    },
    {
      "type": "Feature",
      "properties": {
        "name": "Gibraltar Dr",
        "tier": "local",
        "min_zoom": 15,
        "bearing": 110.4
      },
      "geometry": {
        "type": "Point",
        "coordinates": [
          -78.92769740017789,
          38.06976360724496
        ]
      }
    },
    {
      "type": "Feature",
      "properties": {
        "name": "Gibraltar Dr",
        "tier": "local",
        "min_zoom": 15,
        "bearing": 110.4
      },
      "geometry": {
        "type": "Point",
        "coordinates": [
          -78.92841029965753,
          38.07002938621513
        ]
      }
    },
    {
      "type": "Feature",
      "properties": {
        "name": "Crowninshield Ct",
        "tier": "local",
        "min_zoom": 15,
        "bearing": -133.0
      },
      "geometry": {
        "type": "Point",
        "coordinates": [
          -78.92870635730563,
          38.06929742136944
        ]
      }
    },
    {
      "type": "Feature",
      "properties": {
        "name": "Crowninshield Ct",
        "tier": "local",
        "min_zoom": 15,
        "bearing": -146.0
      },
      "geometry": {
        "type": "Point",
        "coordinates": [
          -78.92834112431734,
          38.06966296953377
        ]
      }
    },
    {
      "type": "Feature",
      "properties": {
        "name": "Telford Dr",
        "tier": "local",
        "min_zoom": 15,
        "bearing": -58.6
      },
      "geometry": {
        "type": "Point",
        "coordinates": [
          -78.8847369280864,
          38.086920222845215
        ]
      }
    },
    {
      "type": "Feature",
      "properties": {
        "name": "Minisink Dr",
        "tier": "local",
        "min_zoom": 15,
        "bearing": -12.2
      },
      "geometry": {
        "type": "Point",
        "coordinates": [
          -78.88744117488386,
          38.086935893259735
        ]
      }
    },
    {
      "type": "Feature",
      "properties": {
        "name": "Berrets Ln",
        "tier": "local",
        "min_zoom": 15,
        "bearing": 73.2
      },
      "geometry": {
        "type": "Point",
        "coordinates": [
          -78.8875393330169,
          38.08649817697552
        ]
      }
    },
    {
      "type": "Feature",
      "properties": {
        "name": "Berrets Ln",
        "tier": "local",
        "min_zoom": 15,
        "bearing": 76.7
      },
      "geometry": {
        "type": "Point",
        "coordinates": [
          -78.88613878882794,
          38.08685501417297
        ]
      }
    },
    {
      "type": "Feature",
      "properties": {
        "name": "Scotchtown Ln",
        "tier": "local",
        "min_zoom": 15,
        "bearing": 80.0
      },
      "geometry": {
        "type": "Point",
        "coordinates": [
          -78.8877395028637,
          38.08726277502374
        ]
      }
    },
    {
      "type": "Feature",
      "properties": {
        "name": "Camden Dr",
        "tier": "local",
        "min_zoom": 15,
        "bearing": -5.1
      },
      "geometry": {
        "type": "Point",
        "coordinates": [
          -78.88803139512677,
          38.087470201223994
        ]
      }
    },
    {
      "type": "Feature",
      "properties": {
        "name": "Camden Dr",
        "tier": "local",
        "min_zoom": 15,
        "bearing": -20.9
      },
      "geometry": {
        "type": "Point",
        "coordinates": [
          -78.8879235077159,
          38.086799740134644
        ]
      }
    },
    {
      "type": "Feature",
      "properties": {
        "name": "Jackson Ave",
        "tier": "local",
        "min_zoom": 15,
        "bearing": 31.4
      },
      "geometry": {
        "type": "Point",
        "coordinates": [
          -78.86126399939984,
          38.07644429317409
        ]
      }
    },
    {
      "type": "Feature",
      "properties": {
        "name": "Jackson Ave",
        "tier": "local",
        "min_zoom": 15,
        "bearing": 30.6
      },
      "geometry": {
        "type": "Point",
        "coordinates": [
          -78.86430813573196,
          38.07159437526705
        ]
      }
    },
    {
      "type": "Feature",
      "properties": {
        "name": "B St",
        "tier": "local",
        "min_zoom": 15,
        "bearing": 112.2
      },
      "geometry": {
        "type": "Point",
        "coordinates": [
          -78.86864492675572,
          38.07483248028342
        ]
      }
    },
    {
      "type": "Feature",
      "properties": {
        "name": "B St",
        "tier": "local",
        "min_zoom": 15,
        "bearing": 110.6
      },
      "geometry": {
        "type": "Point",
        "coordinates": [
          -78.86564763937182,
          38.0736457413497
        ]
      }
    },
    {
      "type": "Feature",
      "properties": {
        "name": "Short St",
        "tier": "local",
        "min_zoom": 15,
        "bearing": -81.9
      },
      "geometry": {
        "type": "Point",
        "coordinates": [
          -78.88686130413511,
          38.06618869574893
        ]
      }
    },
    {
      "type": "Feature",
      "properties": {
        "name": "Short St",
        "tier": "local",
        "min_zoom": 15,
        "bearing": -81.9
      },
      "geometry": {
        "type": "Point",
        "coordinates": [
          -78.88574903840163,
          38.06601932001754
        ]
      }
    },
    {
      "type": "Feature",
      "properties": {
        "name": "Race Ave",
        "tier": "major",
        "min_zoom": 13,
        "bearing": 178.6
      },
      "geometry": {
        "type": "Point",
        "coordinates": [
          -78.88604012347102,
          38.06709208773386
        ]
      }
    },
    {
      "type": "Feature",
      "properties": {
        "name": "Race Ave",
        "tier": "local",
        "min_zoom": 15,
        "bearing": -155.6
      },
      "geometry": {
        "type": "Point",
        "coordinates": [
          -78.8900038430044,
          38.06102427113991
        ]
      }
    },
    {
      "type": "Feature",
      "properties": {
        "name": "Race Ave",
        "tier": "local",
        "min_zoom": 15,
        "bearing": -140.1
      },
      "geometry": {
        "type": "Point",
        "coordinates": [
          -78.8905877685848,
          38.060282520112565
        ]
      }
    },
    {
      "type": "Feature",
      "properties": {
        "name": "Ana Marie Blvd",
        "tier": "major",
        "min_zoom": 13,
        "bearing": -92.7
      },
      "geometry": {
        "type": "Point",
        "coordinates": [
          -78.9040627551379,
          38.0938535429349
        ]
      }
    },
    {
      "type": "Feature",
      "properties": {
        "name": "Ana Marie Blvd",
        "tier": "major",
        "min_zoom": 13,
        "bearing": -42.8
      },
      "geometry": {
        "type": "Point",
        "coordinates": [
          -78.90069935284178,
          38.090964006412634
        ]
      }
    },
    {
      "type": "Feature",
      "properties": {
        "name": "Ana Marie Blvd",
        "tier": "major",
        "min_zoom": 13,
        "bearing": -41.3
      },
      "geometry": {
        "type": "Point",
        "coordinates": [
          -78.90147460458766,
          38.09206306662588
        ]
      }
    },
    {
      "type": "Feature",
      "properties": {
        "name": "Ana Marie Blvd",
        "tier": "major",
        "min_zoom": 13,
        "bearing": -143.4
      },
      "geometry": {
        "type": "Point",
        "coordinates": [
          -78.90529315597593,
          38.093126625815536
        ]
      }
    },
    {
      "type": "Feature",
      "properties": {
        "name": "Ana Marie Blvd",
        "tier": "major",
        "min_zoom": 13,
        "bearing": -46.1
      },
      "geometry": {
        "type": "Point",
        "coordinates": [
          -78.9028828337715,
          38.09345054507961
        ]
      }
    },
    {
      "type": "Feature",
      "properties": {
        "name": "Peterson Ln",
        "tier": "local",
        "min_zoom": 15,
        "bearing": -126.4
      },
      "geometry": {
        "type": "Point",
        "coordinates": [
          -78.90827929032864,
          38.093829653265566
        ]
      }
    },
    {
      "type": "Feature",
      "properties": {
        "name": "Peterson Ln",
        "tier": "local",
        "min_zoom": 15,
        "bearing": -61.7
      },
      "geometry": {
        "type": "Point",
        "coordinates": [
          -78.90644537131615,
          38.093120419228484
        ]
      }
    },
    {
      "type": "Feature",
      "properties": {
        "name": "Rosewood Ct",
        "tier": "local",
        "min_zoom": 15,
        "bearing": -141.2
      },
      "geometry": {
        "type": "Point",
        "coordinates": [
          -78.90748711546459,
          38.09329924045623
        ]
      }
    },
    {
      "type": "Feature",
      "properties": {
        "name": "Cheshire Ln",
        "tier": "local",
        "min_zoom": 15,
        "bearing": 56.6
      },
      "geometry": {
        "type": "Point",
        "coordinates": [
          -78.8940382072556,
          38.08496062572777
        ]
      }
    },
    {
      "type": "Feature",
      "properties": {
        "name": "Cheshire Ln",
        "tier": "local",
        "min_zoom": 15,
        "bearing": 56.4
      },
      "geometry": {
        "type": "Point",
        "coordinates": [
          -78.89303970895288,
          38.085621859845055
        ]
      }
    },
    {
      "type": "Feature",
      "properties": {
        "name": "Crosskeys Way",
        "tier": "local",
        "min_zoom": 15,
        "bearing": -123.8
      },
      "geometry": {
        "type": "Point",
        "coordinates": [
          -78.8947960022262,
          38.08650990167079
        ]
      }
    },
    {
      "type": "Feature",
      "properties": {
        "name": "Crosskeys Way",
        "tier": "local",
        "min_zoom": 15,
        "bearing": 66.2
      },
      "geometry": {
        "type": "Point",
        "coordinates": [
          -78.8991641538086,
          38.0874875361969
        ]
      }
    },
    {
      "type": "Feature",
      "properties": {
        "name": "Tomasville Dr",
        "tier": "local",
        "min_zoom": 15,
        "bearing": 177.4
      },
      "geometry": {
        "type": "Point",
        "coordinates": [
          -78.90599738898135,
          38.089060327287804
        ]
      }
    },
    {
      "type": "Feature",
      "properties": {
        "name": "Tomasville Dr",
        "tier": "local",
        "min_zoom": 15,
        "bearing": 50.7
      },
      "geometry": {
        "type": "Point",
        "coordinates": [
          -78.90851443785895,
          38.0895121897267
        ]
      }
    },
    {
      "type": "Feature",
      "properties": {
        "name": "Oakbridge Dr",
        "tier": "local",
        "min_zoom": 15,
        "bearing": 158.9
      },
      "geometry": {
        "type": "Point",
        "coordinates": [
          -78.93886097314363,
          38.075112835427795
        ]
      }
    },
    {
      "type": "Feature",
      "properties": {
        "name": "Oakbridge Dr",
        "tier": "local",
        "min_zoom": 15,
        "bearing": 145.9
      },
      "geometry": {
        "type": "Point",
        "coordinates": [
          -78.93924479337542,
          38.07578078254839
        ]
      }
    },
    {
      "type": "Feature",
      "properties": {
        "name": "Boyington Blvd",
        "tier": "major",
        "min_zoom": 13,
        "bearing": -121.8
      },
      "geometry": {
        "type": "Point",
        "coordinates": [
          -78.93885001904343,
          38.07574564855974
        ]
      }
    },
    {
      "type": "Feature",
      "properties": {
        "name": "Sheppard Ct",
        "tier": "local",
        "min_zoom": 15,
        "bearing": -102.6
      },
      "geometry": {
        "type": "Point",
        "coordinates": [
          -78.9371558140657,
          38.0749530685039
        ]
      }
    },
    {
      "type": "Feature",
      "properties": {
        "name": "Sheppard Ct",
        "tier": "local",
        "min_zoom": 15,
        "bearing": -76.6
      },
      "geometry": {
        "type": "Point",
        "coordinates": [
          -78.93502968746787,
          38.07489162005493
        ]
      }
    },
    {
      "type": "Feature",
      "properties": {
        "name": "Vine St",
        "tier": "local",
        "min_zoom": 15,
        "bearing": 69.0
      },
      "geometry": {
        "type": "Point",
        "coordinates": [
          -78.89894279645851,
          38.08557211985542
        ]
      }
    },
    {
      "type": "Feature",
      "properties": {
        "name": "Vine St",
        "tier": "local",
        "min_zoom": 15,
        "bearing": 67.2
      },
      "geometry": {
        "type": "Point",
        "coordinates": [
          -78.90053245768652,
          38.084909109455936
        ]
      }
    },
    {
      "type": "Feature",
      "properties": {
        "name": "Hunter St",
        "tier": "local",
        "min_zoom": 15,
        "bearing": -146.7
      },
      "geometry": {
        "type": "Point",
        "coordinates": [
          -78.8727100472283,
          38.062818307096364
        ]
      }
    },
    {
      "type": "Feature",
      "properties": {
        "name": "Hunter St",
        "tier": "local",
        "min_zoom": 15,
        "bearing": -69.2
      },
      "geometry": {
        "type": "Point",
        "coordinates": [
          -78.87369024028953,
          38.06179246319291
        ]
      }
    },
    {
      "type": "Feature",
      "properties": {
        "name": "Shady Ct",
        "tier": "local",
        "min_zoom": 15,
        "bearing": 66.8
      },
      "geometry": {
        "type": "Point",
        "coordinates": [
          -78.89911043115188,
          38.084611074474125
        ]
      }
    },
    {
      "type": "Feature",
      "properties": {
        "name": "Mapleshire Ct",
        "tier": "local",
        "min_zoom": 15,
        "bearing": -47.5
      },
      "geometry": {
        "type": "Point",
        "coordinates": [
          -78.89300780864053,
          38.08506309807186
        ]
      }
    },
    {
      "type": "Feature",
      "properties": {
        "name": "Oakshire Ct",
        "tier": "local",
        "min_zoom": 15,
        "bearing": -47.2
      },
      "geometry": {
        "type": "Point",
        "coordinates": [
          -78.8923429823309,
          38.08550858559779
        ]
      }
    },
    {
      "type": "Feature",
      "properties": {
        "name": "Locust Ave",
        "tier": "major",
        "min_zoom": 13,
        "bearing": -116.9
      },
      "geometry": {
        "type": "Point",
        "coordinates": [
          -78.90095396924987,
          38.06303006795323
        ]
      }
    },
    {
      "type": "Feature",
      "properties": {
        "name": "Locust Ave",
        "tier": "major",
        "min_zoom": 13,
        "bearing": -140.4
      },
      "geometry": {
        "type": "Point",
        "coordinates": [
          -78.89862172496755,
          38.0657246576236
        ]
      }
    },
    {
      "type": "Feature",
      "properties": {
        "name": "Locust Ave",
        "tier": "major",
        "min_zoom": 13,
        "bearing": -140.1
      },
      "geometry": {
        "type": "Point",
        "coordinates": [
          -78.89756871949724,
          38.067016499858774
        ]
      }
    },
    {
      "type": "Feature",
      "properties": {
        "name": "Locust Ave",
        "tier": "major",
        "min_zoom": 13,
        "bearing": 44.7
      },
      "geometry": {
        "type": "Point",
        "coordinates": [
          -78.89518474886306,
          38.069349878437635
        ]
      }
    },
    {
      "type": "Feature",
      "properties": {
        "name": "Locust Ave",
        "tier": "major",
        "min_zoom": 13,
        "bearing": -58.0
      },
      "geometry": {
        "type": "Point",
        "coordinates": [
          -78.89513113899679,
          38.068829461381696
        ]
      }
    },
    {
      "type": "Feature",
      "properties": {
        "name": "Piney Point Rd",
        "tier": "major",
        "min_zoom": 13,
        "bearing": 44.2
      },
      "geometry": {
        "type": "Point",
        "coordinates": [
          -78.93067502765862,
          38.07008465920169
        ]
      }
    },
    {
      "type": "Feature",
      "properties": {
        "name": "Horace Ave",
        "tier": "local",
        "min_zoom": 15,
        "bearing": 35.9
      },
      "geometry": {
        "type": "Point",
        "coordinates": [
          -78.87014031942873,
          38.06860056002238
        ]
      }
    },
    {
      "type": "Feature",
      "properties": {
        "name": "N Elkin Ave",
        "tier": "major",
        "min_zoom": 13,
        "bearing": 30.1
      },
      "geometry": {
        "type": "Point",
        "coordinates": [
          -78.87495077149075,
          38.06586423946598
        ]
      }
    },
    {
      "type": "Feature",
      "properties": {
        "name": "N Forest Ave",
        "tier": "major",
        "min_zoom": 13,
        "bearing": 36.1
      },
      "geometry": {
        "type": "Point",
        "coordinates": [
          -78.86560563519208,
          38.07871685662047
        ]
      }
    },
    {
      "type": "Feature",
      "properties": {
        "name": "N Forest Ave",
        "tier": "local",
        "min_zoom": 15,
        "bearing": 35.7
      },
      "geometry": {
        "type": "Point",
        "coordinates": [
          -78.86478780446342,
          38.07982824951449
        ]
      }
    },
    {
      "type": "Feature",
      "properties": {
        "name": "S Elkin Ave",
        "tier": "major",
        "min_zoom": 13,
        "bearing": -147.6
      },
      "geometry": {
        "type": "Point",
        "coordinates": [
          -78.87754266324002,
          38.06126160898141
        ]
      }
    },
    {
      "type": "Feature",
      "properties": {
        "name": "S Elkin Ave",
        "tier": "local",
        "min_zoom": 15,
        "bearing": -147.7
      },
      "geometry": {
        "type": "Point",
        "coordinates": [
          -78.87614244150754,
          38.06357399347813
        ]
      }
    },
    {
      "type": "Feature",
      "properties": {
        "name": "Chatham Rd",
        "tier": "major",
        "min_zoom": 13,
        "bearing": -143.8
      },
      "geometry": {
        "type": "Point",
        "coordinates": [
          -78.92315689526174,
          38.05888888877981
        ]
      }
    },
    {
      "type": "Feature",
      "properties": {
        "name": "Chatham Rd",
        "tier": "major",
        "min_zoom": 13,
        "bearing": -42.9
      },
      "geometry": {
        "type": "Point",
        "coordinates": [
          -78.92950943313433,
          38.06159613796976
        ]
      }
    },
    {
      "type": "Feature",
      "properties": {
        "name": "Chatham Rd",
        "tier": "major",
        "min_zoom": 13,
        "bearing": -124.0
      },
      "geometry": {
        "type": "Point",
        "coordinates": [
          -78.92025663749887,
          38.06092336541361
        ]
      }
    },
    {
      "type": "Feature",
      "properties": {
        "name": "Chatham Rd",
        "tier": "major",
        "min_zoom": 13,
        "bearing": -65.6
      },
      "geometry": {
        "type": "Point",
        "coordinates": [
          -78.92644493976113,
          38.05972359664048
        ]
      }
    },
    {
      "type": "Feature",
      "properties": {
        "name": "Chatham Rd",
        "tier": "local",
        "min_zoom": 15,
        "bearing": -64.9
      },
      "geometry": {
        "type": "Point",
        "coordinates": [
          -78.92777188643697,
          38.060351760336935
        ]
      }
    },
    {
      "type": "Feature",
      "properties": {
        "name": "Sunset Ln",
        "tier": "local",
        "min_zoom": 15,
        "bearing": 139.4
      },
      "geometry": {
        "type": "Point",
        "coordinates": [
          -78.92224375300889,
          38.06362052312752
        ]
      }
    },
    {
      "type": "Feature",
      "properties": {
        "name": "Sunset Ln",
        "tier": "local",
        "min_zoom": 15,
        "bearing": -160.1
      },
      "geometry": {
        "type": "Point",
        "coordinates": [
          -78.92525916624581,
          38.06046328588497
        ]
      }
    },
    {
      "type": "Feature",
      "properties": {
        "name": "Harmon Ave",
        "tier": "local",
        "min_zoom": 15,
        "bearing": 119.2
      },
      "geometry": {
        "type": "Point",
        "coordinates": [
          -78.8685297485991,
          38.07991893531971
        ]
      }
    },
    {
      "type": "Feature",
      "properties": {
        "name": "Harmon Ave",
        "tier": "local",
        "min_zoom": 15,
        "bearing": 114.6
      },
      "geometry": {
        "type": "Point",
        "coordinates": [
          -78.86739588287779,
          38.079377007610724
        ]
      }
    },
    {
      "type": "Feature",
      "properties": {
        "name": "Purdue St",
        "tier": "local",
        "min_zoom": 15,
        "bearing": 140.0
      },
      "geometry": {
        "type": "Point",
        "coordinates": [
          -78.92082176703954,
          38.052167479637134
        ]
      }
    },
    {
      "type": "Feature",
      "properties": {
        "name": "Greendale Rd",
        "tier": "major",
        "min_zoom": 13,
        "bearing": -115.2
      },
      "geometry": {
        "type": "Point",
        "coordinates": [
          -78.9075279716922,
          38.061947424829
        ]
      }
    },
    {
      "type": "Feature",
      "properties": {
        "name": "Greendale Rd",
        "tier": "major",
        "min_zoom": 13,
        "bearing": -112.8
      },
      "geometry": {
        "type": "Point",
        "coordinates": [
          -78.9094563184361,
          38.06106159873033
        ]
      }
    },
    {
      "type": "Feature",
      "properties": {
        "name": "Grayson Ave",
        "tier": "major",
        "min_zoom": 13,
        "bearing": 43.6
      },
      "geometry": {
        "type": "Point",
        "coordinates": [
          -78.87860843127623,
          38.080569330581014
        ]
      }
    },
    {
      "type": "Feature",
      "properties": {
        "name": "Gravel Ridge Rd",
        "tier": "major",
        "min_zoom": 13,
        "bearing": 88.3
      },
      "geometry": {
        "type": "Point",
        "coordinates": [
          -78.86250390469803,
          38.07968144612662
        ]
      }
    },
    {
      "type": "Feature",
      "properties": {
        "name": "Frye St",
        "tier": "local",
        "min_zoom": 15,
        "bearing": 115.8
      },
      "geometry": {
        "type": "Point",
        "coordinates": [
          -78.8665494336187,
          38.08029159164188
        ]
      }
    },
    {
      "type": "Feature",
      "properties": {
        "name": "Frye St",
        "tier": "local",
        "min_zoom": 15,
        "bearing": 116.2
      },
      "geometry": {
        "type": "Point",
        "coordinates": [
          -78.86379465708572,
          38.078998017922316
        ]
      }
    },
    {
      "type": "Feature",
      "properties": {
        "name": "Glencoe Ave",
        "tier": "local",
        "min_zoom": 15,
        "bearing": 36.8
      },
      "geometry": {
        "type": "Point",
        "coordinates": [
          -78.86553870989837,
          38.07703441161752
        ]
      }
    },
    {
      "type": "Feature",
      "properties": {
        "name": "C St",
        "tier": "local",
        "min_zoom": 15,
        "bearing": 111.5
      },
      "geometry": {
        "type": "Point",
        "coordinates": [
          -78.86526023651365,
          38.07146908727408
        ]
      }
    },
    {
      "type": "Feature",
      "properties": {
        "name": "C St",
        "tier": "local",
        "min_zoom": 15,
        "bearing": 112.0
      },
      "geometry": {
        "type": "Point",
        "coordinates": [
          -78.86666901267385,
          38.07202877523346
        ]
      }
    },
    {
      "type": "Feature",
      "properties": {
        "name": "May Ave",
        "tier": "major",
        "min_zoom": 13,
        "bearing": 31.6
      },
      "geometry": {
        "type": "Point",
        "coordinates": [
          -78.86457215526806,
          38.06410208625798
        ]
      }
    },
    {
      "type": "Feature",
      "properties": {
        "name": "May Ave",
        "tier": "major",
        "min_zoom": 13,
        "bearing": 10.7
      },
      "geometry": {
        "type": "Point",
        "coordinates": [
          -78.86282943668418,
          38.067032494644224
        ]
      }
    },
    {
      "type": "Feature",
      "properties": {
        "name": "Bryant Dr",
        "tier": "local",
        "min_zoom": 15,
        "bearing": -11.0
      },
      "geometry": {
        "type": "Point",
        "coordinates": [
          -78.93938000294118,
          38.06854194286956
        ]
      }
    },
    {
      "type": "Feature",
      "properties": {
        "name": "Bryant Dr",
        "tier": "local",
        "min_zoom": 15,
        "bearing": -35.0
      },
      "geometry": {
        "type": "Point",
        "coordinates": [
          -78.94060994050204,
          38.07115822888205
        ]
      }
    },
    {
      "type": "Feature",
      "properties": {
        "name": "Fannie Lee Dr",
        "tier": "local",
        "min_zoom": 15,
        "bearing": 30.5
      },
      "geometry": {
        "type": "Point",
        "coordinates": [
          -78.92149811081985,
          38.078757614459526
        ]
      }
    },
    {
      "type": "Feature",
      "properties": {
        "name": "Faber Ave",
        "tier": "major",
        "min_zoom": 13,
        "bearing": 107.1
      },
      "geometry": {
        "type": "Point",
        "coordinates": [
          -78.86756475623739,
          38.080015537016195
        ]
      }
    },
    {
      "type": "Feature",
      "properties": {
        "name": "Faber Ave",
        "tier": "local",
        "min_zoom": 15,
        "bearing": -64.9
      },
      "geometry": {
        "type": "Point",
        "coordinates": [
          -78.86383362160517,
          38.07829789294056
        ]
      }
    },
    {
      "type": "Feature",
      "properties": {
        "name": "Village Dr",
        "tier": "local",
        "min_zoom": 15,
        "bearing": -123.6
      },
      "geometry": {
        "type": "Point",
        "coordinates": [
          -78.91893188569266,
          38.08150427132639
        ]
      }
    },
    {
      "type": "Feature",
      "properties": {
        "name": "Village Dr",
        "tier": "local",
        "min_zoom": 15,
        "bearing": 146.7
      },
      "geometry": {
        "type": "Point",
        "coordinates": [
          -78.91787848103274,
          38.08380735860101
        ]
      }
    },
    {
      "type": "Feature",
      "properties": {
        "name": "Cortland St",
        "tier": "local",
        "min_zoom": 15,
        "bearing": -67.6
      },
      "geometry": {
        "type": "Point",
        "coordinates": [
          -78.92309679264085,
          38.076553750915345
        ]
      }
    },
    {
      "type": "Feature",
      "properties": {
        "name": "Cortland St",
        "tier": "local",
        "min_zoom": 15,
        "bearing": -67.6
      },
      "geometry": {
        "type": "Point",
        "coordinates": [
          -78.9164934723395,
          38.073882297348916
        ]
      }
    },
    {
      "type": "Feature",
      "properties": {
        "name": "Kingsport Rd",
        "tier": "local",
        "min_zoom": 15,
        "bearing": 42.0
      },
      "geometry": {
        "type": "Point",
        "coordinates": [
          -78.9058001474545,
          38.082953837584284
        ]
      }
    },
    {
      "type": "Feature",
      "properties": {
        "name": "Caraway Ct",
        "tier": "local",
        "min_zoom": 15,
        "bearing": -20.0
      },
      "geometry": {
        "type": "Point",
        "coordinates": [
          -78.8880997300204,
          38.084197941467906
        ]
      }
    },
    {
      "type": "Feature",
      "properties": {
        "name": "Mc Bryde St",
        "tier": "local",
        "min_zoom": 15,
        "bearing": -71.7
      },
      "geometry": {
        "type": "Point",
        "coordinates": [
          -78.91383961071479,
          38.07864786798581
        ]
      }
    },
    {
      "type": "Feature",
      "properties": {
        "name": "Alphin Ave",
        "tier": "major",
        "min_zoom": 13,
        "bearing": 53.0
      },
      "geometry": {
        "type": "Point",
        "coordinates": [
          -78.91000905027163,
          38.08115754798884
        ]
      }
    },
    {
      "type": "Feature",
      "properties": {
        "name": "Alphin Ave",
        "tier": "major",
        "min_zoom": 13,
        "bearing": 27.2
      },
      "geometry": {
        "type": "Point",
        "coordinates": [
          -78.9127484864,
          38.07938937956162
        ]
      }
    },
    {
      "type": "Feature",
      "properties": {
        "name": "Alphin Ave",
        "tier": "local",
        "min_zoom": 15,
        "bearing": 28.4
      },
      "geometry": {
        "type": "Point",
        "coordinates": [
          -78.91393507110884,
          38.07707676532
        ]
      }
    },
    {
      "type": "Feature",
      "properties": {
        "name": "Barksdale Rd",
        "tier": "major",
        "min_zoom": 13,
        "bearing": 35.4
      },
      "geometry": {
        "type": "Point",
        "coordinates": [
          -78.92197900038171,
          38.08008763859044
        ]
      }
    },
    {
      "type": "Feature",
      "properties": {
        "name": "Chestnut Ave",
        "tier": "major",
        "min_zoom": 13,
        "bearing": -140.5
      },
      "geometry": {
        "type": "Point",
        "coordinates": [
          -78.89542963733354,
          38.06195465470516
        ]
      }
    },
    {
      "type": "Feature",
      "properties": {
        "name": "Chestnut Ave",
        "tier": "major",
        "min_zoom": 13,
        "bearing": -140.5
      },
      "geometry": {
        "type": "Point",
        "coordinates": [
          -78.8931382972132,
          38.06474334000898
        ]
      }
    },
    {
      "type": "Feature",
      "properties": {
        "name": "Chestnut Ave",
        "tier": "major",
        "min_zoom": 13,
        "bearing": -141.4
      },
      "geometry": {
        "type": "Point",
        "coordinates": [
          -78.89208085147277,
          38.06603568024692
        ]
      }
    },
    {
      "type": "Feature",
      "properties": {
        "name": "Mt Vernon St",
        "tier": "local",
        "min_zoom": 15,
        "bearing": -67.9
      },
      "geometry": {
        "type": "Point",
        "coordinates": [
          -78.92243197513876,
          38.07757562380139
        ]
      }
    },
    {
      "type": "Feature",
      "properties": {
        "name": "Mt Vernon St",
        "tier": "local",
        "min_zoom": 15,
        "bearing": -73.2
      },
      "geometry": {
        "type": "Point",
        "coordinates": [
          -78.9094155791574,
          38.073014211941214
        ]
      }
    },
    {
      "type": "Feature",
      "properties": {
        "name": "Mayfield Ln",
        "tier": "local",
        "min_zoom": 15,
        "bearing": 42.9
      },
      "geometry": {
        "type": "Point",
        "coordinates": [
          -78.90820637896711,
          38.08453729653924
        ]
      }
    },
    {
      "type": "Feature",
      "properties": {
        "name": "15Th St",
        "tier": "local",
        "min_zoom": 15,
        "bearing": -63.5
      },
      "geometry": {
        "type": "Point",
        "coordinates": [
          -78.8996504227359,
          38.0635212742505
        ]
      }
    },
    {
      "type": "Feature",
      "properties": {
        "name": "15Th St",
        "tier": "local",
        "min_zoom": 15,
        "bearing": -63.0
      },
      "geometry": {
        "type": "Point",
        "coordinates": [
          -78.901869186418,
          38.064639638708165
        ]
      }
    },
    {
      "type": "Feature",
      "properties": {
        "name": "Richardson Ave",
        "tier": "local",
        "min_zoom": 15,
        "bearing": 88.3
      },
      "geometry": {
        "type": "Point",
        "coordinates": [
          -78.86959501516176,
          38.05987238013379
        ]
      }
    },
    {
      "type": "Feature",
      "properties": {
        "name": "Richardson Ave",
        "tier": "local",
        "min_zoom": 15,
        "bearing": 78.1
      },
      "geometry": {
        "type": "Point",
        "coordinates": [
          -78.87026460722018,
          38.05974175575102
        ]
      }
    },
    {
      "type": "Feature",
      "properties": {
        "name": "Lennox Pl",
        "tier": "local",
        "min_zoom": 15,
        "bearing": -44.3
      },
      "geometry": {
        "type": "Point",
        "coordinates": [
          -78.93276363357077,
          38.06583645526795
        ]
      }
    },
    {
      "type": "Feature",
      "properties": {
        "name": "Gray Dr",
        "tier": "local",
        "min_zoom": 15,
        "bearing": -120.8
      },
      "geometry": {
        "type": "Point",
        "coordinates": [
          -78.93897340508833,
          38.07189328177404
        ]
      }
    },
    {
      "type": "Feature",
      "properties": {
        "name": "Lombardy Cir",
        "tier": "local",
        "min_zoom": 15,
        "bearing": 90.4
      },
      "geometry": {
        "type": "Point",
        "coordinates": [
          -78.89061987277015,
          38.0830709089763
        ]
      }
    },
    {
      "type": "Feature",
      "properties": {
        "name": "Bluff Ave",
        "tier": "local",
        "min_zoom": 15,
        "bearing": 45.3
      },
      "geometry": {
        "type": "Point",
        "coordinates": [
          -78.88257521025236,
          38.076439981078295
        ]
      }
    },
    {
      "type": "Feature",
      "properties": {
        "name": "Bluff Ave",
        "tier": "local",
        "min_zoom": 15,
        "bearing": 42.8
      },
      "geometry": {
        "type": "Point",
        "coordinates": [
          -78.88213081296425,
          38.07752580715493
        ]
      }
    },
    {
      "type": "Feature",
      "properties": {
        "name": "Rutledge Dr",
        "tier": "local",
        "min_zoom": 15,
        "bearing": 43.0
      },
      "geometry": {
        "type": "Point",
        "coordinates": [
          -78.90738146037718,
          38.08401635353654
        ]
      }
    },
    {
      "type": "Feature",
      "properties": {
        "name": "Devon Ct",
        "tier": "local",
        "min_zoom": 15,
        "bearing": -117.1
      },
      "geometry": {
        "type": "Point",
        "coordinates": [
          -78.92280031835502,
          38.052620525843494
        ]
      }
    },
    {
      "type": "Feature",
      "properties": {
        "name": "Devon Ct",
        "tier": "local",
        "min_zoom": 15,
        "bearing": 62.0
      },
      "geometry": {
        "type": "Point",
        "coordinates": [
          -78.92216667219358,
          38.05294950934485
        ]
      }
    },
    {
      "type": "Feature",
      "properties": {
        "name": "Crofton Ave",
        "tier": "major",
        "min_zoom": 13,
        "bearing": 154.3
      },
      "geometry": {
        "type": "Point",
        "coordinates": [
          -78.91433145416151,
          38.05565433724595
        ]
      }
    },
    {
      "type": "Feature",
      "properties": {
        "name": "Crofton Ave",
        "tier": "major",
        "min_zoom": 13,
        "bearing": 140.7
      },
      "geometry": {
        "type": "Point",
        "coordinates": [
          -78.91380766837321,
          38.05406063291251
        ]
      }
    },
    {
      "type": "Feature",
      "properties": {
        "name": "Crofton Ave",
        "tier": "local",
        "min_zoom": 15,
        "bearing": 143.2
      },
      "geometry": {
        "type": "Point",
        "coordinates": [
          -78.9164630030775,
          38.05755818501501
        ]
      }
    },
    {
      "type": "Feature",
      "properties": {
        "name": "Crofton Ave",
        "tier": "local",
        "min_zoom": 15,
        "bearing": 125.5
      },
      "geometry": {
        "type": "Point",
        "coordinates": [
          -78.91569843938393,
          38.0564449484715
        ]
      }
    },
    {
      "type": "Feature",
      "properties": {
        "name": "Brandon Cir",
        "tier": "local",
        "min_zoom": 15,
        "bearing": -66.3
      },
      "geometry": {
        "type": "Point",
        "coordinates": [
          -78.93168219312682,
          38.06205970745656
        ]
      }
    },
    {
      "type": "Feature",
      "properties": {
        "name": "Brandon Cir",
        "tier": "local",
        "min_zoom": 15,
        "bearing": -77.3
      },
      "geometry": {
        "type": "Point",
        "coordinates": [
          -78.9316392125802,
          38.06257016221563
        ]
      }
    },
    {
      "type": "Feature",
      "properties": {
        "name": "Nova Dr",
        "tier": "local",
        "min_zoom": 15,
        "bearing": -127.2
      },
      "geometry": {
        "type": "Point",
        "coordinates": [
          -78.9200606188223,
          38.0593492286257
        ]
      }
    },
    {
      "type": "Feature",
      "properties": {
        "name": "S Forest Ave",
        "tier": "major",
        "min_zoom": 13,
        "bearing": -147.7
      },
      "geometry": {
        "type": "Point",
        "coordinates": [
          -78.87674329739717,
          38.060501158021594
        ]
      }
    },
    {
      "type": "Feature",
      "properties": {
        "name": "S Forest Ave",
        "tier": "local",
        "min_zoom": 15,
        "bearing": -147.6
      },
      "geometry": {
        "type": "Point",
        "coordinates": [
          -78.8759471053555,
          38.06175905337956
        ]
      }
    },
    {
      "type": "Feature",
      "properties": {
        "name": "N Talbott Pl",
        "tier": "local",
        "min_zoom": 15,
        "bearing": -95.6
      },
      "geometry": {
        "type": "Point",
        "coordinates": [
          -78.90750296163367,
          38.07687750258251
        ]
      }
    },
    {
      "type": "Feature",
      "properties": {
        "name": "N Talbott Pl",
        "tier": "local",
        "min_zoom": 15,
        "bearing": -91.2
      },
      "geometry": {
        "type": "Point",
        "coordinates": [
          -78.90560921967263,
          38.07578524824703
        ]
      }
    },
    {
      "type": "Feature",
      "properties": {
        "name": "Sumter Rd",
        "tier": "major",
        "min_zoom": 13,
        "bearing": -111.8
      },
      "geometry": {
        "type": "Point",
        "coordinates": [
          -78.92249242950845,
          38.07051518154129
        ]
      }
    },
    {
      "type": "Feature",
      "properties": {
        "name": "Link Rd",
        "tier": "major",
        "min_zoom": 13,
        "bearing": 69.4
      },
      "geometry": {
        "type": "Point",
        "coordinates": [
          -78.8891007654104,
          38.081766560546434
        ]
      }
    },
    {
      "type": "Feature",
      "properties": {
        "name": "Link Rd",
        "tier": "major",
        "min_zoom": 13,
        "bearing": 68.9
      },
      "geometry": {
        "type": "Point",
        "coordinates": [
          -78.89175904385824,
          38.08075555045399
        ]
      }
    },
    {
      "type": "Feature",
      "properties": {
        "name": "Link Rd",
        "tier": "major",
        "min_zoom": 13,
        "bearing": 69.4
      },
      "geometry": {
        "type": "Point",
        "coordinates": [
          -78.89348150053877,
          38.080102146949635
        ]
      }
    },
    {
      "type": "Feature",
      "properties": {
        "name": "Link Rd",
        "tier": "major",
        "min_zoom": 13,
        "bearing": 69.4
      },
      "geometry": {
        "type": "Point",
        "coordinates": [
          -78.89647440914442,
          38.078963801796256
        ]
      }
    },
    {
      "type": "Feature",
      "properties": {
        "name": "East Ave",
        "tier": "local",
        "min_zoom": 15,
        "bearing": 27.8
      },
      "geometry": {
        "type": "Point",
        "coordinates": [
          -78.88329501317247,
          38.068471455426845
        ]
      }
    },
    {
      "type": "Feature",
      "properties": {
        "name": "Brookwood Ln",
        "tier": "local",
        "min_zoom": 15,
        "bearing": -114.4
      },
      "geometry": {
        "type": "Point",
        "coordinates": [
          -78.91046421850488,
          38.06298374830903
        ]
      }
    },
    {
      "type": "Feature",
      "properties": {
        "name": "Brookwood Ln",
        "tier": "local",
        "min_zoom": 15,
        "bearing": -115.0
      },
      "geometry": {
        "type": "Point",
        "coordinates": [
          -78.90956262964967,
          38.063384778834376
        ]
      }
    },
    {
      "type": "Feature",
      "properties": {
        "name": "Iris Dr",
        "tier": "local",
        "min_zoom": 15,
        "bearing": 73.4
      },
      "geometry": {
        "type": "Point",
        "coordinates": [
          -78.90559291061217,
          38.08663038327299
        ]
      }
    },
    {
      "type": "Feature",
      "properties": {
        "name": "Pratts Woods Ln",
        "tier": "local",
        "min_zoom": 15,
        "bearing": 49.2
      },
      "geometry": {
        "type": "Point",
        "coordinates": [
          -78.92474905346299,
          38.066743721596076
        ]
      }
    },
    {
      "type": "Feature",
      "properties": {
        "name": "Gwynne Ave",
        "tier": "major",
        "min_zoom": 13,
        "bearing": -77.5
      },
      "geometry": {
        "type": "Point",
        "coordinates": [
          -78.92343087397892,
          38.06300193112241
        ]
      }
    },
    {
      "type": "Feature",
      "properties": {
        "name": "Gwynne Ave",
        "tier": "major",
        "min_zoom": 13,
        "bearing": -77.3
      },
      "geometry": {
        "type": "Point",
        "coordinates": [
          -78.92523286151454,
          38.063393522540736
        ]
      }
    },
    {
      "type": "Feature",
      "properties": {
        "name": "Gwynne Ave",
        "tier": "local",
        "min_zoom": 15,
        "bearing": -63.9
      },
      "geometry": {
        "type": "Point",
        "coordinates": [
          -78.92779257836192,
          38.06414850049718
        ]
      }
    },
    {
      "type": "Feature",
      "properties": {
        "name": "Crompton Rd",
        "tier": "major",
        "min_zoom": 13,
        "bearing": -72.8
      },
      "geometry": {
        "type": "Point",
        "coordinates": [
          -78.90592173219939,
          38.072990090018855
        ]
      }
    },
    {
      "type": "Feature",
      "properties": {
        "name": "Crompton Rd",
        "tier": "major",
        "min_zoom": 13,
        "bearing": -168.0
      },
      "geometry": {
        "type": "Point",
        "coordinates": [
          -78.90729469403932,
          38.07153494696835
        ]
      }
    },
    {
      "type": "Feature",
      "properties": {
        "name": "11 1/2 St",
        "tier": "local",
        "min_zoom": 15,
        "bearing": 115.4
      },
      "geometry": {
        "type": "Point",
        "coordinates": [
          -78.89483043857584,
          38.067651500866816
        ]
      }
    },
    {
      "type": "Feature",
      "properties": {
        "name": "Old Charleston Rd",
        "tier": "major",
        "min_zoom": 13,
        "bearing": 48.8
      },
      "geometry": {
        "type": "Point",
        "coordinates": [
          -78.91246990145858,
          38.08353139665092
        ]
      }
    },
    {
      "type": "Feature",
      "properties": {
        "name": "S Bath Ave",
        "tier": "major",
        "min_zoom": 13,
        "bearing": -147.3
      },
      "geometry": {
        "type": "Point",
        "coordinates": [
          -78.88198088287373,
          38.066533744633816
        ]
      }
    },
    {
      "type": "Feature",
      "properties": {
        "name": "Compass Dr",
        "tier": "local",
        "min_zoom": 15,
        "bearing": -138.2
      },
      "geometry": {
        "type": "Point",
        "coordinates": [
          -78.89559052967083,
          38.0875935634804
        ]
      }
    },
    {
      "type": "Feature",
      "properties": {
        "name": "Compass Dr",
        "tier": "local",
        "min_zoom": 15,
        "bearing": -157.6
      },
      "geometry": {
        "type": "Point",
        "coordinates": [
          -78.89630256030709,
          38.086766216989474
        ]
      }
    },
    {
      "type": "Feature",
      "properties": {
        "name": "Robert E Lee Ave",
        "tier": "local",
        "min_zoom": 15,
        "bearing": 115.2
      },
      "geometry": {
        "type": "Point",
        "coordinates": [
          -78.92072693845634,
          38.070562975924815
        ]
      }
    },
    {
      "type": "Feature",
      "properties": {
        "name": "Ophelia Ave",
        "tier": "major",
        "min_zoom": 13,
        "bearing": -147.9
      },
      "geometry": {
        "type": "Point",
        "coordinates": [
          -78.85785621320815,
          38.06858812234288
        ]
      }
    },
    {
      "type": "Feature",
      "properties": {
        "name": "Smith St",
        "tier": "local",
        "min_zoom": 15,
        "bearing": -78.5
      },
      "geometry": {
        "type": "Point",
        "coordinates": [
          -78.88662172393279,
          38.074650855540916
        ]
      }
    },
    {
      "type": "Feature",
      "properties": {
        "name": "Lee Ave",
        "tier": "local",
        "min_zoom": 15,
        "bearing": 34.7
      },
      "geometry": {
        "type": "Point",
        "coordinates": [
          -78.86098123274209,
          38.07134111137832
        ]
      }
    },
    {
      "type": "Feature",
      "properties": {
        "name": "Lee Ave",
        "tier": "local",
        "min_zoom": 15,
        "bearing": 32.5
      },
      "geometry": {
        "type": "Point",
        "coordinates": [
          -78.86303537954763,
          38.068096828850905
        ]
      }
    },
    {
      "type": "Feature",
      "properties": {
        "name": "Brookside Cv",
        "tier": "local",
        "min_zoom": 15,
        "bearing": -37.9
      },
      "geometry": {
        "type": "Point",
        "coordinates": [
          -78.91104411831564,
          38.06294548902296
        ]
      }
    },
    {
      "type": "Feature",
      "properties": {
        "name": "Greenway Cir",
        "tier": "local",
        "min_zoom": 15,
        "bearing": -122.5
      },
      "geometry": {
        "type": "Point",
        "coordinates": [
          -78.91437041326694,
          38.06471389270922
        ]
      }
    },
    {
      "type": "Feature",
      "properties": {
        "name": "Greenway Cir",
        "tier": "local",
        "min_zoom": 15,
        "bearing": -131.7
      },
      "geometry": {
        "type": "Point",
        "coordinates": [
          -78.91366123111483,
          38.06390687892512
        ]
      }
    },
    {
      "type": "Feature",
      "properties": {
        "name": "Chesapeake St",
        "tier": "local",
        "min_zoom": 15,
        "bearing": 108.5
      },
      "geometry": {
        "type": "Point",
        "coordinates": [
          -78.8896313347749,
          38.07112418912946
        ]
      }
    },
    {
      "type": "Feature",
      "properties": {
        "name": "Wilson Ave",
        "tier": "local",
        "min_zoom": 15,
        "bearing": 35.2
      },
      "geometry": {
        "type": "Point",
        "coordinates": [
          -78.88897875526177,
          38.0713574083374
        ]
      }
    },
    {
      "type": "Feature",
      "properties": {
        "name": "Isle Ave",
        "tier": "major",
        "min_zoom": 13,
        "bearing": 69.1
      },
      "geometry": {
        "type": "Point",
        "coordinates": [
          -78.88876891167342,
          38.07588736182612
        ]
      }
    },
    {
      "type": "Feature",
      "properties": {
        "name": "Isle Ave",
        "tier": "major",
        "min_zoom": 13,
        "bearing": 70.5
      },
      "geometry": {
        "type": "Point",
        "coordinates": [
          -78.89225215701416,
          38.0745742318607
        ]
      }
    },
    {
      "type": "Feature",
      "properties": {
        "name": "Isle Ave",
        "tier": "major",
        "min_zoom": 13,
        "bearing": 69.4
      },
      "geometry": {
        "type": "Point",
        "coordinates": [
          -78.89052165452509,
          38.0752334508484
        ]
      }
    },
    {
      "type": "Feature",
      "properties": {
        "name": "Battlefield Blvd",
        "tier": "major",
        "min_zoom": 13,
        "bearing": 23.8
      },
      "geometry": {
        "type": "Point",
        "coordinates": [
          -78.90962202233459,
          38.075704745706894
        ]
      }
    },
    {
      "type": "Feature",
      "properties": {
        "name": "N Magnolia Ave",
        "tier": "local",
        "min_zoom": 15,
        "bearing": 24.2
      },
      "geometry": {
        "type": "Point",
        "coordinates": [
          -78.8994763614998,
          38.07262148597489
        ]
      }
    },
    {
      "type": "Feature",
      "properties": {
        "name": "N Magnolia Ave",
        "tier": "local",
        "min_zoom": 15,
        "bearing": 25.4
      },
      "geometry": {
        "type": "Point",
        "coordinates": [
          -78.89767080497437,
          38.07640683646433
        ]
      }
    },
    {
      "type": "Feature",
      "properties": {
        "name": "Florida Ave",
        "tier": "local",
        "min_zoom": 15,
        "bearing": 100.6
      },
      "geometry": {
        "type": "Point",
        "coordinates": [
          -78.86672094222826,
          38.089518600264704
        ]
      }
    },
    {
      "type": "Feature",
      "properties": {
        "name": "Gun St",
        "tier": "local",
        "min_zoom": 15,
        "bearing": -150.4
      },
      "geometry": {
        "type": "Point",
        "coordinates": [
          -78.87540644633148,
          38.06059249934193
        ]
      }
    },
    {
      "type": "Feature",
      "properties": {
        "name": "Gun St",
        "tier": "local",
        "min_zoom": 15,
        "bearing": -143.7
      },
      "geometry": {
        "type": "Point",
        "coordinates": [
          -78.87408095106741,
          38.0626699328108
        ]
      }
    },
    {
      "type": "Feature",
      "properties": {
        "name": "Paige St",
        "tier": "local",
        "min_zoom": 15,
        "bearing": -2.1
      },
      "geometry": {
        "type": "Point",
        "coordinates": [
          -78.9389862276074,
          38.07069422415971
        ]
      }
    },
    {
      "type": "Feature",
      "properties": {
        "name": "Fontaine St",
        "tier": "local",
        "min_zoom": 15,
        "bearing": 108.7
      },
      "geometry": {
        "type": "Point",
        "coordinates": [
          -78.88637484861053,
          38.0756692223735
        ]
      }
    },
    {
      "type": "Feature",
      "properties": {
        "name": "Fontaine St",
        "tier": "local",
        "min_zoom": 15,
        "bearing": 112.7
      },
      "geometry": {
        "type": "Point",
        "coordinates": [
          -78.88759912306858,
          38.07616705240443
        ]
      }
    },
    {
      "type": "Feature",
      "properties": {
        "name": "Beta St",
        "tier": "local",
        "min_zoom": 15,
        "bearing": -78.2
      },
      "geometry": {
        "type": "Point",
        "coordinates": [
          -78.88736810230326,
          38.07379979868226
        ]
      }
    },
    {
      "type": "Feature",
      "properties": {
        "name": "Beta St",
        "tier": "local",
        "min_zoom": 15,
        "bearing": -80.1
      },
      "geometry": {
        "type": "Point",
        "coordinates": [
          -78.88937554868221,
          38.0737698862801
        ]
      }
    },
    {
      "type": "Feature",
      "properties": {
        "name": "Warwick Cir",
        "tier": "local",
        "min_zoom": 15,
        "bearing": 29.2
      },
      "geometry": {
        "type": "Point",
        "coordinates": [
          -78.91848129434652,
          38.06545336039002
        ]
      }
    },
    {
      "type": "Feature",
      "properties": {
        "name": "Dupont Cir",
        "tier": "local",
        "min_zoom": 15,
        "bearing": -131.3
      },
      "geometry": {
        "type": "Point",
        "coordinates": [
          -78.90569878793427,
          38.072101904138115
        ]
      }
    },
    {
      "type": "Feature",
      "properties": {
        "name": "Dupont Cir",
        "tier": "local",
        "min_zoom": 15,
        "bearing": -108.2
      },
      "geometry": {
        "type": "Point",
        "coordinates": [
          -78.90397066166987,
          38.07281167137269
        ]
      }
    },
    {
      "type": "Feature",
      "properties": {
        "name": "Jasper Ln",
        "tier": "local",
        "min_zoom": 15,
        "bearing": -123.1
      },
      "geometry": {
        "type": "Point",
        "coordinates": [
          -78.94016884922722,
          38.069555110233956
        ]
      }
    },
    {
      "type": "Feature",
      "properties": {
        "name": "Laurel Wood Run",
        "tier": "local",
        "min_zoom": 15,
        "bearing": -116.9
      },
      "geometry": {
        "type": "Point",
        "coordinates": [
          -78.941450938245,
          38.071322309274294
        ]
      }
    },
    {
      "type": "Feature",
      "properties": {
        "name": "Anthony Cir",
        "tier": "local",
        "min_zoom": 15,
        "bearing": 69.4
      },
      "geometry": {
        "type": "Point",
        "coordinates": [
          -78.89661550143477,
          38.0799143529895
        ]
      }
    },
    {
      "type": "Feature",
      "properties": {
        "name": "Anthony Cir",
        "tier": "local",
        "min_zoom": 15,
        "bearing": 68.8
      },
      "geometry": {
        "type": "Point",
        "coordinates": [
          -78.89748156714036,
          38.07958309071713
        ]
      }
    },
    {
      "type": "Feature",
      "properties": {
        "name": "Nimrod Ave",
        "tier": "major",
        "min_zoom": 13,
        "bearing": -147.5
      },
      "geometry": {
        "type": "Point",
        "coordinates": [
          -78.85910034462957,
          38.06908177586766
        ]
      }
    },
    {
      "type": "Feature",
      "properties": {
        "name": "Elkin Cir",
        "tier": "local",
        "min_zoom": 15,
        "bearing": -113.5
      },
      "geometry": {
        "type": "Point",
        "coordinates": [
          -78.876570335544,
          38.06259866639227
        ]
      }
    },
    {
      "type": "Feature",
      "properties": {
        "name": "Elkin Cir",
        "tier": "local",
        "min_zoom": 15,
        "bearing": -29.6
      },
      "geometry": {
        "type": "Point",
        "coordinates": [
          -78.87503484011586,
          38.06159290660776
        ]
      }
    },
    {
      "type": "Feature",
      "properties": {
        "name": "Elm St",
        "tier": "local",
        "min_zoom": 15,
        "bearing": 148.1
      },
      "geometry": {
        "type": "Point",
        "coordinates": [
          -78.88792793095513,
          38.07872076223985
        ]
      }
    },
    {
      "type": "Feature",
      "properties": {
        "name": "Rice Ave",
        "tier": "local",
        "min_zoom": 15,
        "bearing": -102.2
      },
      "geometry": {
        "type": "Point",
        "coordinates": [
          -78.92877661469694,
          38.04859125076682
        ]
      }
    },
    {
      "type": "Feature",
      "properties": {
        "name": "Miami Ave",
        "tier": "major",
        "min_zoom": 13,
        "bearing": -114.2
      },
      "geometry": {
        "type": "Point",
        "coordinates": [
          -78.92689520372679,
          38.04969406766356
        ]
      }
    },
    {
      "type": "Feature",
      "properties": {
        "name": "Colony Cir",
        "tier": "local",
        "min_zoom": 15,
        "bearing": 96.7
      },
      "geometry": {
        "type": "Point",
        "coordinates": [
          -78.9254724647836,
          38.06447579354995
        ]
      }
    },
    {
      "type": "Feature",
      "properties": {
        "name": "Lovers Ln",
        "tier": "local",
        "min_zoom": 15,
        "bearing": 164.0
      },
      "geometry": {
        "type": "Point",
        "coordinates": [
          -78.91270202451099,
          38.066508097716266
        ]
      }
    },
    {
      "type": "Feature",
      "properties": {
        "name": "Lovers Ln",
        "tier": "local",
        "min_zoom": 15,
        "bearing": 155.3
      },
      "geometry": {
        "type": "Point",
        "coordinates": [
          -78.91339819349788,
          38.06928734718788
        ]
      }
    },
    {
      "type": "Feature",
      "properties": {
        "name": "North Ave",
        "tier": "major",
        "min_zoom": 13,
        "bearing": -59.3
      },
      "geometry": {
        "type": "Point",
        "coordinates": [
          -78.89685006172621,
          38.07462459970983
        ]
      }
    },
    {
      "type": "Feature",
      "properties": {
        "name": "Legrande Ave",
        "tier": "major",
        "min_zoom": 13,
        "bearing": 113.2
      },
      "geometry": {
        "type": "Point",
        "coordinates": [
          -78.91741803828745,
          38.08876576281496
        ]
      }
    },
    {
      "type": "Feature",
      "properties": {
        "name": "Legrande Ave",
        "tier": "local",
        "min_zoom": 15,
        "bearing": 113.9
      },
      "geometry": {
        "type": "Point",
        "coordinates": [
          -78.91920407654608,
          38.08954162453152
        ]
      }
    },
    {
      "type": "Feature",
      "properties": {
        "name": "Huntington Pl",
        "tier": "local",
        "min_zoom": 15,
        "bearing": -61.3
      },
      "geometry": {
        "type": "Point",
        "coordinates": [
          -78.92501382507508,
          38.088502484134686
        ]
      }
    },
    {
      "type": "Feature",
      "properties": {
        "name": "Huntington Pl",
        "tier": "local",
        "min_zoom": 15,
        "bearing": -15.9
      },
      "geometry": {
        "type": "Point",
        "coordinates": [
          -78.92392721584426,
          38.086044827195984
        ]
      }
    },
    {
      "type": "Feature",
      "properties": {
        "name": "Pelham Cv",
        "tier": "local",
        "min_zoom": 15,
        "bearing": 156.3
      },
      "geometry": {
        "type": "Point",
        "coordinates": [
          -78.92182059123658,
          38.08600634292991
        ]
      }
    },
    {
      "type": "Feature",
      "properties": {
        "name": "Jefferson Ln",
        "tier": "local",
        "min_zoom": 15,
        "bearing": -101.2
      },
      "geometry": {
        "type": "Point",
        "coordinates": [
          -78.92582348338753,
          38.08386995935877
        ]
      }
    },
    {
      "type": "Feature",
      "properties": {
        "name": "Jefferson Ln",
        "tier": "local",
        "min_zoom": 15,
        "bearing": -43.2
      },
      "geometry": {
        "type": "Point",
        "coordinates": [
          -78.92328480617326,
          38.08264790522384
        ]
      }
    },
    {
      "type": "Feature",
      "properties": {
        "name": "Hall Ln",
        "tier": "local",
        "min_zoom": 15,
        "bearing": 26.9
      },
      "geometry": {
        "type": "Point",
        "coordinates": [
          -78.90748076998068,
          38.075050966238926
        ]
      }
    },
    {
      "type": "Feature",
      "properties": {
        "name": "S Charlotte Ave",
        "tier": "major",
        "min_zoom": 13,
        "bearing": -147.4
      },
      "geometry": {
        "type": "Point",
        "coordinates": [
          -78.88303726513634,
          38.066915472057126
        ]
      }
    },
    {
      "type": "Feature",
      "properties": {
        "name": "Bush St",
        "tier": "local",
        "min_zoom": 15,
        "bearing": 75.5
      },
      "geometry": {
        "type": "Point",
        "coordinates": [
          -78.88545564992305,
          38.080430001238106
        ]
      }
    },
    {
      "type": "Feature",
      "properties": {
        "name": "Bush St",
        "tier": "local",
        "min_zoom": 15,
        "bearing": 76.7
      },
      "geometry": {
        "type": "Point",
        "coordinates": [
          -78.88654522811395,
          38.080152929044765
        ]
      }
    },
    {
      "type": "Feature",
      "properties": {
        "name": "Osage Ln",
        "tier": "local",
        "min_zoom": 15,
        "bearing": -162.3
      },
      "geometry": {
        "type": "Point",
        "coordinates": [
          -78.93578995998061,
          38.07453542137618
        ]
      }
    },
    {
      "type": "Feature",
      "properties": {
        "name": "Fairview Ave",
        "tier": "major",
        "min_zoom": 13,
        "bearing": 44.7
      },
      "geometry": {
        "type": "Point",
        "coordinates": [
          -78.88454370627828,
          38.07504414840636
        ]
      }
    },
    {
      "type": "Feature",
      "properties": {
        "name": "Yorkshire Ave",
        "tier": "major",
        "min_zoom": 13,
        "bearing": -24.2
      },
      "geometry": {
        "type": "Point",
        "coordinates": [
          -78.92997745280688,
          38.087938631586994
        ]
      }
    },
    {
      "type": "Feature",
      "properties": {
        "name": "Queens Ct",
        "tier": "local",
        "min_zoom": 15,
        "bearing": 179.7
      },
      "geometry": {
        "type": "Point",
        "coordinates": [
          -78.91432800268755,
          38.084664289964046
        ]
      }
    },
    {
      "type": "Feature",
      "properties": {
        "name": "Holland Cir",
        "tier": "local",
        "min_zoom": 15,
        "bearing": 39.7
      },
      "geometry": {
        "type": "Point",
        "coordinates": [
          -78.90990461721307,
          38.085537426687566
        ]
      }
    },
    {
      "type": "Feature",
      "properties": {
        "name": "Holland Cir",
        "tier": "local",
        "min_zoom": 15,
        "bearing": 39.6
      },
      "geometry": {
        "type": "Point",
        "coordinates": [
          -78.91064511867089,
          38.08464395252024
        ]
      }
    },
    {
      "type": "Feature",
      "properties": {
        "name": "Stonecrest Ave",
        "tier": "major",
        "min_zoom": 13,
        "bearing": 110.8
      },
      "geometry": {
        "type": "Point",
        "coordinates": [
          -78.90163974441815,
          38.09476219252271
        ]
      }
    },
    {
      "type": "Feature",
      "properties": {
        "name": "Pelham Inlet",
        "tier": "local",
        "min_zoom": 15,
        "bearing": -157.0
      },
      "geometry": {
        "type": "Point",
        "coordinates": [
          -78.9161446868498,
          38.08352034284883
        ]
      }
    },
    {
      "type": "Feature",
      "properties": {
        "name": "Gloucester Ct",
        "tier": "local",
        "min_zoom": 15,
        "bearing": -96.7
      },
      "geometry": {
        "type": "Point",
        "coordinates": [
          -78.92435215275798,
          38.086467429028986
        ]
      }
    },
    {
      "type": "Feature",
      "properties": {
        "name": "S Poplar Ave",
        "tier": "major",
        "min_zoom": 13,
        "bearing": -139.5
      },
      "geometry": {
        "type": "Point",
        "coordinates": [
          -78.90088581873668,
          38.068714072891076
        ]
      }
    },
    {
      "type": "Feature",
      "properties": {
        "name": "S Poplar Ave",
        "tier": "major",
        "min_zoom": 13,
        "bearing": -141.8
      },
      "geometry": {
        "type": "Point",
        "coordinates": [
          -78.89983716779972,
          38.07000321263751
        ]
      }
    },
    {
      "type": "Feature",
      "properties": {
        "name": "S Poplar Ave",
        "tier": "local",
        "min_zoom": 15,
        "bearing": -140.0
      },
      "geometry": {
        "type": "Point",
        "coordinates": [
          -78.89888540937596,
          38.07116650370242
        ]
      }
    },
    {
      "type": "Feature",
      "properties": {
        "name": "S Poplar Ave",
        "tier": "local",
        "min_zoom": 15,
        "bearing": -142.4
      },
      "geometry": {
        "type": "Point",
        "coordinates": [
          -78.90280680791753,
          38.06635550865281
        ]
      }
    },
    {
      "type": "Feature",
      "properties": {
        "name": "Town Center Dr",
        "tier": "local",
        "min_zoom": 15,
        "bearing": 112.5
      },
      "geometry": {
        "type": "Point",
        "coordinates": [
          -78.94533404927132,
          38.057479023612544
        ]
      }
    },
    {
      "type": "Feature",
      "properties": {
        "name": "S Bayard Ave",
        "tier": "major",
        "min_zoom": 13,
        "bearing": -145.5
      },
      "geometry": {
        "type": "Point",
        "coordinates": [
          -78.88018116080367,
          38.06507544195056
        ]
      }
    },
    {
      "type": "Feature",
      "properties": {
        "name": "Dinwiddie Ave",
        "tier": "major",
        "min_zoom": 13,
        "bearing": 33.7
      },
      "geometry": {
        "type": "Point",
        "coordinates": [
          -78.88028295926526,
          38.07336405899141
        ]
      }
    },
    {
      "type": "Feature",
      "properties": {
        "name": "Dinwiddie Ave",
        "tier": "local",
        "min_zoom": 15,
        "bearing": 33.2
      },
      "geometry": {
        "type": "Point",
        "coordinates": [
          -78.8811774300157,
          38.07195626824516
        ]
      }
    },
    {
      "type": "Feature",
      "properties": {
        "name": "St Davids Ln",
        "tier": "local",
        "min_zoom": 15,
        "bearing": -118.3
      },
      "geometry": {
        "type": "Point",
        "coordinates": [
          -78.92262556941792,
          38.064749521344304
        ]
      }
    },
    {
      "type": "Feature",
      "properties": {
        "name": "Whetstone Dr",
        "tier": "local",
        "min_zoom": 15,
        "bearing": 31.4
      },
      "geometry": {
        "type": "Point",
        "coordinates": [
          -78.94464394038371,
          38.06748254262188
        ]
      }
    },
    {
      "type": "Feature",
      "properties": {
        "name": "Shawnee Rd",
        "tier": "major",
        "min_zoom": 13,
        "bearing": -88.3
      },
      "geometry": {
        "type": "Point",
        "coordinates": [
          -78.91802379356415,
          38.066705125770405
        ]
      }
    },
    {
      "type": "Feature",
      "properties": {
        "name": "Kent Rd",
        "tier": "major",
        "min_zoom": 13,
        "bearing": -100.0
      },
      "geometry": {
        "type": "Point",
        "coordinates": [
          -78.919280577395,
          38.067702297517435
        ]
      }
    },
    {
      "type": "Feature",
      "properties": {
        "name": "Washington Ave",
        "tier": "major",
        "min_zoom": 13,
        "bearing": -126.9
      },
      "geometry": {
        "type": "Point",
        "coordinates": [
          -78.89558992315588,
          38.058017878098156
        ]
      }
    },
    {
      "type": "Feature",
      "properties": {
        "name": "Washington Ave",
        "tier": "major",
        "min_zoom": 13,
        "bearing": -127.4
      },
      "geometry": {
        "type": "Point",
        "coordinates": [
          -78.89724958784782,
          38.05675908928713
        ]
      }
    },
    {
      "type": "Feature",
      "properties": {
        "name": "Chantilly Dr",
        "tier": "local",
        "min_zoom": 15,
        "bearing": 41.3
      },
      "geometry": {
        "type": "Point",
        "coordinates": [
          -78.90657498578845,
          38.083496579141574
        ]
      }
    },
    {
      "type": "Feature",
      "properties": {
        "name": "Bedford Rd",
        "tier": "local",
        "min_zoom": 15,
        "bearing": 42.3
      },
      "geometry": {
        "type": "Point",
        "coordinates": [
          -78.90562659480376,
          38.081724644993656
        ]
      }
    },
    {
      "type": "Feature",
      "properties": {
        "name": "Bedford Rd",
        "tier": "local",
        "min_zoom": 15,
        "bearing": 43.0
      },
      "geometry": {
        "type": "Point",
        "coordinates": [
          -78.90505309904668,
          38.08235090302666
        ]
      }
    },
    {
      "type": "Feature",
      "properties": {
        "name": "Meadowview Cv",
        "tier": "local",
        "min_zoom": 15,
        "bearing": -36.3
      },
      "geometry": {
        "type": "Point",
        "coordinates": [
          -78.90924485085128,
          38.06376708336974
        ]
      }
    },
    {
      "type": "Feature",
      "properties": {
        "name": "E 12Th St",
        "tier": "local",
        "min_zoom": 15,
        "bearing": 110.4
      },
      "geometry": {
        "type": "Point",
        "coordinates": [
          -78.8798752993034,
          38.06062633315428
        ]
      }
    },
    {
      "type": "Feature",
      "properties": {
        "name": "18Th St",
        "tier": "local",
        "min_zoom": 15,
        "bearing": -24.5
      },
      "geometry": {
        "type": "Point",
        "coordinates": [
          -78.89176708332005,
          38.05427250623981
        ]
      }
    },
    {
      "type": "Feature",
      "properties": {
        "name": "Pendleton Dr",
        "tier": "local",
        "min_zoom": 15,
        "bearing": -148.7
      },
      "geometry": {
        "type": "Point",
        "coordinates": [
          -78.91664950835218,
          38.081091455470435
        ]
      }
    },
    {
      "type": "Feature",
      "properties": {
        "name": "Waverley Dr",
        "tier": "local",
        "min_zoom": 15,
        "bearing": -39.8
      },
      "geometry": {
        "type": "Point",
        "coordinates": [
          -78.92227383486701,
          38.05256198220214
        ]
      }
    },
    {
      "type": "Feature",
      "properties": {
        "name": "Waverley Dr",
        "tier": "local",
        "min_zoom": 15,
        "bearing": -39.6
      },
      "geometry": {
        "type": "Point",
        "coordinates": [
          -78.92264731910171,
          38.05301295317162
        ]
      }
    },
    {
      "type": "Feature",
      "properties": {
        "name": "Edgehill Rd",
        "tier": "major",
        "min_zoom": 13,
        "bearing": -133.2
      },
      "geometry": {
        "type": "Point",
        "coordinates": [
          -78.91556824140862,
          38.05753261913398
        ]
      }
    },
    {
      "type": "Feature",
      "properties": {
        "name": "Chicurel Ln",
        "tier": "local",
        "min_zoom": 15,
        "bearing": -125.5
      },
      "geometry": {
        "type": "Point",
        "coordinates": [
          -78.93591176090624,
          38.06157690915509
        ]
      }
    },
    {
      "type": "Feature",
      "properties": {
        "name": "Baker Rd",
        "tier": "local",
        "min_zoom": 15,
        "bearing": 118.3
      },
      "geometry": {
        "type": "Point",
        "coordinates": [
          -78.89519652018225,
          38.05897847338714
        ]
      }
    },
    {
      "type": "Feature",
      "properties": {
        "name": "Poland St",
        "tier": "local",
        "min_zoom": 15,
        "bearing": -45.6
      },
      "geometry": {
        "type": "Point",
        "coordinates": [
          -78.9267841021672,
          38.06195647388277
        ]
      }
    },
    {
      "type": "Feature",
      "properties": {
        "name": "Armistead Rd",
        "tier": "major",
        "min_zoom": 13,
        "bearing": -118.3
      },
      "geometry": {
        "type": "Point",
        "coordinates": [
          -78.91625020370775,
          38.05843030165292
        ]
      }
    },
    {
      "type": "Feature",
      "properties": {
        "name": "Armistead Rd",
        "tier": "local",
        "min_zoom": 15,
        "bearing": -117.5
      },
      "geometry": {
        "type": "Point",
        "coordinates": [
          -78.9171549660163,
          38.05794497729518
        ]
      }
    },
    {
      "type": "Feature",
      "properties": {
        "name": "Boxwood Cir",
        "tier": "local",
        "min_zoom": 15,
        "bearing": 141.2
      },
      "geometry": {
        "type": "Point",
        "coordinates": [
          -78.90969000684794,
          38.05637348453997
        ]
      }
    },
    {
      "type": "Feature",
      "properties": {
        "name": "Lowry Ln",
        "tier": "local",
        "min_zoom": 15,
        "bearing": -109.0
      },
      "geometry": {
        "type": "Point",
        "coordinates": [
          -78.90995239912608,
          38.055261985297605
        ]
      }
    },
    {
      "type": "Feature",
      "properties": {
        "name": "Cedar Ave",
        "tier": "local",
        "min_zoom": 15,
        "bearing": 40.3
      },
      "geometry": {
        "type": "Point",
        "coordinates": [
          -78.9054077732611,
          38.07088194240672
        ]
      }
    },
    {
      "type": "Feature",
      "properties": {
        "name": "Valley Rd",
        "tier": "major",
        "min_zoom": 13,
        "bearing": -24.0
      },
      "geometry": {
        "type": "Point",
        "coordinates": [
          -78.90286786373827,
          38.05972039855382
        ]
      }
    },
    {
      "type": "Feature",
      "properties": {
        "name": "Guilford Ln",
        "tier": "local",
        "min_zoom": 15,
        "bearing": 57.7
      },
      "geometry": {
        "type": "Point",
        "coordinates": [
          -78.90070568316332,
          38.08324253101223
        ]
      }
    },
    {
      "type": "Feature",
      "properties": {
        "name": "Guilford Ln",
        "tier": "local",
        "min_zoom": 15,
        "bearing": 29.6
      },
      "geometry": {
        "type": "Point",
        "coordinates": [
          -78.90157931341011,
          38.082393610473865
        ]
      }
    },
    {
      "type": "Feature",
      "properties": {
        "name": "Elkton St",
        "tier": "local",
        "min_zoom": 15,
        "bearing": 32.1
      },
      "geometry": {
        "type": "Point",
        "coordinates": [
          -78.88740670859534,
          38.0716397540043
        ]
      }
    },
    {
      "type": "Feature",
      "properties": {
        "name": "Community Dr",
        "tier": "local",
        "min_zoom": 15,
        "bearing": -5.2
      },
      "geometry": {
        "type": "Point",
        "coordinates": [
          -78.9309100030374,
          38.08388419590838
        ]
      }
    },
    {
      "type": "Feature",
      "properties": {
        "name": "Ashlar Ct",
        "tier": "local",
        "min_zoom": 15,
        "bearing": -60.6
      },
      "geometry": {
        "type": "Point",
        "coordinates": [
          -78.89641510313086,
          38.08721993535236
        ]
      }
    },
    {
      "type": "Feature",
      "properties": {
        "name": "Governors Way",
        "tier": "local",
        "min_zoom": 15,
        "bearing": 144.2
      },
      "geometry": {
        "type": "Point",
        "coordinates": [
          -78.91544173329099,
          38.08543113111244
        ]
      }
    },
    {
      "type": "Feature",
      "properties": {
        "name": "Governors Way",
        "tier": "local",
        "min_zoom": 15,
        "bearing": 116.1
      },
      "geometry": {
        "type": "Point",
        "coordinates": [
          -78.91355854503784,
          38.084828232823334
        ]
      }
    },
    {
      "type": "Feature",
      "properties": {
        "name": "Inglecress Rd",
        "tier": "major",
        "min_zoom": 13,
        "bearing": 39.8
      },
      "geometry": {
        "type": "Point",
        "coordinates": [
          -78.90906350617402,
          38.085050315839354
        ]
      }
    },
    {
      "type": "Feature",
      "properties": {
        "name": "N Ellison Cir",
        "tier": "local",
        "min_zoom": 15,
        "bearing": 29.7
      },
      "geometry": {
        "type": "Point",
        "coordinates": [
          -78.90641097451591,
          38.07567700495572
        ]
      }
    },
    {
      "type": "Feature",
      "properties": {
        "name": "Industry Rd",
        "tier": "major",
        "min_zoom": 13,
        "bearing": 9.7
      },
      "geometry": {
        "type": "Point",
        "coordinates": [
          -78.87428593231554,
          38.08955573631075
        ]
      }
    },
    {
      "type": "Feature",
      "properties": {
        "name": "Dominion Dr",
        "tier": "local",
        "min_zoom": 15,
        "bearing": 41.0
      },
      "geometry": {
        "type": "Point",
        "coordinates": [
          -78.92232117313861,
          38.08411742547951
        ]
      }
    },
    {
      "type": "Feature",
      "properties": {
        "name": "Dominion Dr",
        "tier": "local",
        "min_zoom": 15,
        "bearing": 53.7
      },
      "geometry": {
        "type": "Point",
        "coordinates": [
          -78.92315906871961,
          38.08334279811436
        ]
      }
    },
    {
      "type": "Feature",
      "properties": {
        "name": "Baylor Ave",
        "tier": "local",
        "min_zoom": 15,
        "bearing": -103.1
      },
      "geometry": {
        "type": "Point",
        "coordinates": [
          -78.92812540638654,
          38.04754424134187
        ]
      }
    },
    {
      "type": "Feature",
      "properties": {
        "name": "Lucy Ln",
        "tier": "local",
        "min_zoom": 15,
        "bearing": -89.2
      },
      "geometry": {
        "type": "Point",
        "coordinates": [
          -78.93606240326552,
          38.06621990324978
        ]
      }
    },
    {
      "type": "Feature",
      "properties": {
        "name": "Sterling Dr",
        "tier": "local",
        "min_zoom": 15,
        "bearing": 124.6
      },
      "geometry": {
        "type": "Point",
        "coordinates": [
          -78.9292522973063,
          38.075346089799986
        ]
      }
    },
    {
      "type": "Feature",
      "properties": {
        "name": "Adventure Trl",
        "tier": "local",
        "min_zoom": 15,
        "bearing": 47.9
      },
      "geometry": {
        "type": "Point",
        "coordinates": [
          -78.9200983260304,
          38.08171657114201
        ]
      }
    },
    {
      "type": "Feature",
      "properties": {
        "name": "Kings Ct",
        "tier": "local",
        "min_zoom": 15,
        "bearing": -6.9
      },
      "geometry": {
        "type": "Point",
        "coordinates": [
          -78.9166126532659,
          38.086189092650486
        ]
      }
    },
    {
      "type": "Feature",
      "properties": {
        "name": "Quenton Pl",
        "tier": "local",
        "min_zoom": 15,
        "bearing": -55.4
      },
      "geometry": {
        "type": "Point",
        "coordinates": [
          -78.9275120977088,
          38.08579803363461
        ]
      }
    },
    {
      "type": "Feature",
      "properties": {
        "name": "Lighthorse Ln",
        "tier": "local",
        "min_zoom": 15,
        "bearing": -144.4
      },
      "geometry": {
        "type": "Point",
        "coordinates": [
          -78.92048055994243,
          38.08554231619005
        ]
      }
    },
    {
      "type": "Feature",
      "properties": {
        "name": "17Th St",
        "tier": "local",
        "min_zoom": 15,
        "bearing": -26.4
      },
      "geometry": {
        "type": "Point",
        "coordinates": [
          -78.88965084021557,
          38.05495224827467
        ]
      }
    },
    {
      "type": "Feature",
      "properties": {
        "name": "Camden Coyner Ln",
        "tier": "local",
        "min_zoom": 15,
        "bearing": -37.5
      },
      "geometry": {
        "type": "Point",
        "coordinates": [
          -78.94406331852525,
          38.058649224742005
        ]
      }
    },
    {
      "type": "Feature",
      "properties": {
        "name": "Pickett Rd",
        "tier": "major",
        "min_zoom": 13,
        "bearing": -68.9
      },
      "geometry": {
        "type": "Point",
        "coordinates": [
          -78.91893554561965,
          38.07080069156686
        ]
      }
    },
    {
      "type": "Feature",
      "properties": {
        "name": "Skyland Ave",
        "tier": "major",
        "min_zoom": 13,
        "bearing": 27.0
      },
      "geometry": {
        "type": "Point",
        "coordinates": [
          -78.9121376666649,
          38.07784930752716
        ]
      }
    }
  ]
}
