{
  "type": "FeatureCollection",
  "features": [
    {
      "type": "Feature",
      "properties": {
        "name": "OLD CROSS",
        "street_key": "OLD CROSS"
      },
      "geometry": {
        "type": "Point",
        "coordinates": [
          -78.68436859056234,
          38.64911790030824
        ]
      }
    },
    {
      "type": "Feature",
      "properties": {
        "name": "CONGRESS",
        "street_key": "CONGRESS"
      },
      "geometry": {
        "type": "Point",
        "coordinates": [
          -78.67760280785758,
          38.639692239939336
        ]
      }
    },
    {
      "type": "Feature",
      "properties": {
        "name": "CONGRESS",
        "street_key": "CONGRESS"
      },
      "geometry": {
        "type": "Point",
        "coordinates": [
          -78.67616764403319,
          38.64150337028464
        ]
      }
    },
    {
      "type": "Feature",
      "properties": {
        "name": "CONGRESS",
        "street_key": "CONGRESS"
      },
      "geometry": {
        "type": "Point",
        "coordinates": [
          -78.67487310543775,
          38.64312104524249
        ]
      }
    },
    {
      "type": "Feature",
      "properties": {
        "name": "CONGRESS",
        "street_key": "CONGRESS"
      },
      "geometry": {
        "type": "Point",
        "coordinates": [
          -78.67574677292801,
          38.64202172728536
        ]
      }
    },
    {
      "type": "Feature",
      "properties": {
        "name": "CONGRESS",
        "street_key": "CONGRESS"
      },
      "geometry": {
        "type": "Point",
        "coordinates": [
          -78.67382499600755,
          38.644601518871575
        ]
      }
    },
    {
      "type": "Feature",
      "properties": {
        "name": "CONGRESS",
        "street_key": "CONGRESS"
      },
      "geometry": {
        "type": "Point",
        "coordinates": [
          -78.67297873330278,
          38.64592512388409
        ]
      }
    },
    {
      "type": "Feature",
      "properties": {
        "name": "MAIN",
        "street_key": "MAIN"
      },
      "geometry": {
        "type": "Point",
        "coordinates": [
          -78.6426229640715,
          38.74452738756792
        ]
      }
    },
    {
      "type": "Feature",
      "properties": {
        "name": "BRYCE",
        "street_key": "BRYCE"
      },
      "geometry": {
        "type": "Point",
        "coordinates": [
          -78.64654918905806,
          38.745337119740825
        ]
      }
    },
    {
      "type": "Feature",
      "properties": {
        "name": "BRYCE",
        "street_key": "BRYCE"
      },
      "geometry": {
        "type": "Point",
        "coordinates": [
          -78.64819281344381,
          38.74725004194471
        ]
      }
    },
    {
      "type": "Feature",
      "properties": {
        "name": "ORKNEY GRADE",
        "street_key": "ORKNEY GRADE"
      },
      "geometry": {
        "type": "Point",
        "coordinates": [
          -78.65500622657125,
          38.750040084999306
        ]
      }
    },
    {
      "type": "Feature",
      "properties": {
        "name": "STONEY CREEK",
        "street_key": "STONEY CREEK"
      },
      "geometry": {
        "type": "Point",
        "coordinates": [
          -78.57816523562963,
          38.83069358048721
        ]
      }
    },
    {
      "type": "Feature",
      "properties": {
        "name": "STONEY CREEK",
        "street_key": "STONEY CREEK"
      },
      "geometry": {
        "type": "Point",
        "coordinates": [
          -78.57650990202428,
          38.830059980460675
        ]
      }
    },
    {
      "type": "Feature",
      "properties": {
        "name": "STONEWALL JACKSON",
        "street_key": "STONEWALL JACKSON"
      },
      "geometry": {
        "type": "Point",
        "coordinates": [
          -78.34880900189141,
          38.80654012169612
        ]
      }
    },
    {
      "type": "Feature",
      "properties": {
        "name": "US HWY 340",
        "street_key": "US HWY 340"
      },
      "geometry": {
        "type": "Point",
        "coordinates": [
          -78.35001042265516,
          38.80490081309069
        ]
      }
    },
    {
      "type": "Feature",
      "properties": {
        "name": "MAIN",
        "street_key": "MAIN"
      },
      "geometry": {
        "type": "Point",
        "coordinates": [
          -78.64406779081634,
          38.73401485513589
        ]
      }
    },
    {
      "type": "Feature",
      "properties": {
        "name": "MAIN",
        "street_key": "MAIN"
      },
      "geometry": {
        "type": "Point",
        "coordinates": [
          -78.57128803959095,
          38.82094211449232
        ]
      }
    },
    {
      "type": "Feature",
      "properties": {
        "name": "MAIN",
        "street_key": "MAIN"
      },
      "geometry": {
        "type": "Point",
        "coordinates": [
          -78.56972310179151,
          38.820797990835345
        ]
      }
    },
    {
      "type": "Feature",
      "properties": {
        "name": "OLD VALLEY",
        "street_key": "OLD VALLEY"
      },
      "geometry": {
        "type": "Point",
        "coordinates": [
          -78.5730639437149,
          38.82051610297012
        ]
      }
    },
    {
      "type": "Feature",
      "properties": {
        "name": "OLD VALLEY",
        "street_key": "OLD VALLEY"
      },
      "geometry": {
        "type": "Point",
        "coordinates": [
          -78.65254784970618,
          38.68488472993923
        ]
      }
    },
    {
      "type": "Feature",
      "properties": {
        "name": "OLD VALLEY",
        "street_key": "OLD VALLEY"
      },
      "geometry": {
        "type": "Point",
        "coordinates": [
          -78.65044085747542,
          38.690752653702766
        ]
      }
    },
    {
      "type": "Feature",
      "properties": {
        "name": "MAIN",
        "street_key": "MAIN"
      },
      "geometry": {
        "type": "Point",
        "coordinates": [
          -78.55798975363552,
          38.82255935177995
        ]
      }
    },
    {
      "type": "Feature",
      "properties": {
        "name": "OLD CROSS",
        "street_key": "OLD CROSS"
      },
      "geometry": {
        "type": "Point",
        "coordinates": [
          -78.68248925611577,
          38.64892321193173
        ]
      }
    },
    {
      "type": "Feature",
      "properties": {
        "name": "MAIN",
        "street_key": "MAIN"
      },
      "geometry": {
        "type": "Point",
        "coordinates": [
          -78.64250850896856,
          38.74628228773631
        ]
      }
    },
    {
      "type": "Feature",
      "properties": {
        "name": "MAIN",
        "street_key": "MAIN"
      },
      "geometry": {
        "type": "Point",
        "coordinates": [
          -78.64263618835876,
          38.74557625774454
        ]
      }
    },
    {
      "type": "Feature",
      "properties": {
        "name": "MAIN",
        "street_key": "MAIN"
      },
      "geometry": {
        "type": "Point",
        "coordinates": [
          -78.64266761438451,
          38.744895951576545
        ]
      }
    },
    {
      "type": "Feature",
      "properties": {
        "name": "MAIN",
        "street_key": "MAIN"
      },
      "geometry": {
        "type": "Point",
        "coordinates": [
          -78.64097029619549,
          38.74896205468684
        ]
      }
    },
    {
      "type": "Feature",
      "properties": {
        "name": "MAIN",
        "street_key": "MAIN"
      },
      "geometry": {
        "type": "Point",
        "coordinates": [
          -78.64196987551902,
          38.74733728428124
        ]
      }
    },
    {
      "type": "Feature",
      "properties": {
        "name": "BRYCE",
        "street_key": "BRYCE"
      },
      "geometry": {
        "type": "Point",
        "coordinates": [
          -78.64508168997094,
          38.7438424936935
        ]
      }
    },
    {
      "type": "Feature",
      "properties": {
        "name": "BRYCE",
        "street_key": "BRYCE"
      },
      "geometry": {
        "type": "Point",
        "coordinates": [
          -78.64330479514582,
          38.74369575035985
        ]
      }
    },
    {
      "type": "Feature",
      "properties": {
        "name": "MAIN",
        "street_key": "MAIN"
      },
      "geometry": {
        "type": "Point",
        "coordinates": [
          -78.56373647038325,
          38.82119882824732
        ]
      }
    },
    {
      "type": "Feature",
      "properties": {
        "name": "MAIN",
        "street_key": "MAIN"
      },
      "geometry": {
        "type": "Point",
        "coordinates": [
          -78.56526878430142,
          38.821017544682825
        ]
      }
    },
    {
      "type": "Feature",
      "properties": {
        "name": "MAIN",
        "street_key": "MAIN"
      },
      "geometry": {
        "type": "Point",
        "coordinates": [
          -78.56123975756128,
          38.8214730408036
        ]
      }
    },
    {
      "type": "Feature",
      "properties": {
        "name": "CONGRESS",
        "street_key": "CONGRESS"
      },
      "geometry": {
        "type": "Point",
        "coordinates": [
          -78.67213491077045,
          38.647250725223685
        ]
      }
    },
    {
      "type": "Feature",
      "properties": {
        "name": "CONGRESS",
        "street_key": "CONGRESS"
      },
      "geometry": {
        "type": "Point",
        "coordinates": [
          -78.67136670218746,
          38.64846091226865
        ]
      }
    },
    {
      "type": "Feature",
      "properties": {
        "name": "OLD VALLEY",
        "street_key": "OLD VALLEY"
      },
      "geometry": {
        "type": "Point",
        "coordinates": [
          -78.65986721695718,
          38.66813701814391
        ]
      }
    },
    {
      "type": "Feature",
      "properties": {
        "name": "OLD VALLEY",
        "street_key": "OLD VALLEY"
      },
      "geometry": {
        "type": "Point",
        "coordinates": [
          -78.6631991503307,
          38.661838380165015
        ]
      }
    },
    {
      "type": "Feature",
      "properties": {
        "name": "LEE",
        "street_key": "LEE"
      },
      "geometry": {
        "type": "Point",
        "coordinates": [
          -78.68884299447721,
          38.64915803822317
        ]
      }
    },
    {
      "type": "Feature",
      "properties": {
        "name": "LEE",
        "street_key": "LEE"
      },
      "geometry": {
        "type": "Point",
        "coordinates": [
          -78.68598044357215,
          38.64916719844411
        ]
      }
    },
    {
      "type": "Feature",
      "properties": {
        "name": "LEE",
        "street_key": "LEE"
      },
      "geometry": {
        "type": "Point",
        "coordinates": [
          -78.66272902435088,
          38.64881281380737
        ]
      }
    },
    {
      "type": "Feature",
      "properties": {
        "name": "LEE",
        "street_key": "LEE"
      },
      "geometry": {
        "type": "Point",
        "coordinates": [
          -78.66096926341437,
          38.64842103253744
        ]
      }
    },
    {
      "type": "Feature",
      "properties": {
        "name": "LEE",
        "street_key": "LEE"
      },
      "geometry": {
        "type": "Point",
        "coordinates": [
          -78.66105275323426,
          38.64825131889915
        ]
      }
    },
    {
      "type": "Feature",
      "properties": {
        "name": "LEE",
        "street_key": "LEE"
      },
      "geometry": {
        "type": "Point",
        "coordinates": [
          -78.64544075646097,
          38.64529639764877
        ]
      }
    },
    {
      "type": "Feature",
      "properties": {
        "name": "LEE",
        "street_key": "LEE"
      },
      "geometry": {
        "type": "Point",
        "coordinates": [
          -78.64984481459942,
          38.6463012202255
        ]
      }
    },
    {
      "type": "Feature",
      "properties": {
        "name": "LEE",
        "street_key": "LEE"
      },
      "geometry": {
        "type": "Point",
        "coordinates": [
          -78.65725441187774,
          38.64762413200871
        ]
      }
    },
    {
      "type": "Feature",
      "properties": {
        "name": "LEE",
        "street_key": "LEE"
      },
      "geometry": {
        "type": "Point",
        "coordinates": [
          -78.65095578685116,
          38.64673691924298
        ]
      }
    },
    {
      "type": "Feature",
      "properties": {
        "name": "LEE",
        "street_key": "LEE"
      },
      "geometry": {
        "type": "Point",
        "coordinates": [
          -78.65718735372921,
          38.64778996020042
        ]
      }
    },
    {
      "type": "Feature",
      "properties": {
        "name": "STONY CREEK",
        "street_key": "STONY CREEK"
      },
      "geometry": {
        "type": "Point",
        "coordinates": [
          -78.56685534514207,
          38.82221049648657
        ]
      }
    },
    {
      "type": "Feature",
      "properties": {
        "name": "SENEDO",
        "street_key": "SENEDO"
      },
      "geometry": {
        "type": "Point",
        "coordinates": [
          -78.69867375309052,
          38.81924416948547
        ]
      }
    },
    {
      "type": "Feature",
      "properties": {
        "name": "SENEDO",
        "street_key": "SENEDO"
      },
      "geometry": {
        "type": "Point",
        "coordinates": [
          -78.69435353685415,
          38.82459410285041
        ]
      }
    },
    {
      "type": "Feature",
      "properties": {
        "name": "SENEDO",
        "street_key": "SENEDO"
      },
      "geometry": {
        "type": "Point",
        "coordinates": [
          -78.68854994142907,
          38.831492336189456
        ]
      }
    },
    {
      "type": "Feature",
      "properties": {
        "name": "SENEDO",
        "street_key": "SENEDO"
      },
      "geometry": {
        "type": "Point",
        "coordinates": [
          -78.68391472894139,
          38.836340264595876
        ]
      }
    },
    {
      "type": "Feature",
      "properties": {
        "name": "INTERSTATE 81 SB",
        "street_key": "INTERSTATE 81 SB"
      },
      "geometry": {
        "type": "Point",
        "coordinates": [
          -78.5507401010469,
          38.846997233809056
        ]
      }
    },
    {
      "type": "Feature",
      "properties": {
        "name": "CONGRESS",
        "street_key": "CONGRESS"
      },
      "geometry": {
        "type": "Point",
        "coordinates": [
          -78.66912015471078,
          38.65200801264487
        ]
      }
    },
    {
      "type": "Feature",
      "properties": {
        "name": "LEE",
        "street_key": "LEE"
      },
      "geometry": {
        "type": "Point",
        "coordinates": [
          -78.66907851261175,
          38.6511817643499
        ]
      }
    },
    {
      "type": "Feature",
      "properties": {
        "name": "LEE",
        "street_key": "LEE"
      },
      "geometry": {
        "type": "Point",
        "coordinates": [
          -78.666050111078,
          38.65004931788258
        ]
      }
    },
    {
      "type": "Feature",
      "properties": {
        "name": "INTERSTATE 81 SB",
        "street_key": "INTERSTATE 81 SB"
      },
      "geometry": {
        "type": "Point",
        "coordinates": [
          -78.59515310377037,
          38.81350388936999
        ]
      }
    },
    {
      "type": "Feature",
      "properties": {
        "name": "INTERSTATE 81 SB",
        "street_key": "INTERSTATE 81 SB"
      },
      "geometry": {
        "type": "Point",
        "coordinates": [
          -78.59996654409869,
          38.80889172024788
        ]
      }
    },
    {
      "type": "Feature",
      "properties": {
        "name": "INTERSTATE 81 NB",
        "street_key": "INTERSTATE 81 NB"
      },
      "geometry": {
        "type": "Point",
        "coordinates": [
          -78.58630113718309,
          38.82075321174616
        ]
      }
    },
    {
      "type": "Feature",
      "properties": {
        "name": "INTERSTATE 81 NB",
        "street_key": "INTERSTATE 81 NB"
      },
      "geometry": {
        "type": "Point",
        "coordinates": [
          -78.59877125476525,
          38.80914590549762
        ]
      }
    },
    {
      "type": "Feature",
      "properties": {
        "name": "INTERSTATE 81 SB",
        "street_key": "INTERSTATE 81 SB"
      },
      "geometry": {
        "type": "Point",
        "coordinates": [
          -78.64446383011246,
          38.75463174191959
        ]
      }
    },
    {
      "type": "Feature",
      "properties": {
        "name": "INTERSTATE 81 SB",
        "street_key": "INTERSTATE 81 SB"
      },
      "geometry": {
        "type": "Point",
        "coordinates": [
          -78.65285404499434,
          38.731517557152365
        ]
      }
    },
    {
      "type": "Feature",
      "properties": {
        "name": "INTERSTATE 81 SB",
        "street_key": "INTERSTATE 81 SB"
      },
      "geometry": {
        "type": "Point",
        "coordinates": [
          -78.65046267854773,
          38.74765682268599
        ]
      }
    },
    {
      "type": "Feature",
      "properties": {
        "name": "INTERSTATE 81 NB",
        "street_key": "INTERSTATE 81 NB"
      },
      "geometry": {
        "type": "Point",
        "coordinates": [
          -78.64390739843553,
          38.75420048389007
        ]
      }
    },
    {
      "type": "Feature",
      "properties": {
        "name": "INTERSTATE 81 NB",
        "street_key": "INTERSTATE 81 NB"
      },
      "geometry": {
        "type": "Point",
        "coordinates": [
          -78.65222592149634,
          38.73134182498229
        ]
      }
    },
    {
      "type": "Feature",
      "properties": {
        "name": "INTERSTATE 81 NB",
        "street_key": "INTERSTATE 81 NB"
      },
      "geometry": {
        "type": "Point",
        "coordinates": [
          -78.64989845879315,
          38.74743922414531
        ]
      }
    },
    {
      "type": "Feature",
      "properties": {
        "name": "F T VALLEY",
        "street_key": "F T VALLEY"
      },
      "geometry": {
        "type": "Point",
        "coordinates": [
          -78.27765673589089,
          38.50113587710722
        ]
      }
    },
    {
      "type": "Feature",
      "properties": {
        "name": "LEE",
        "street_key": "LEE"
      },
      "geometry": {
        "type": "Point",
        "coordinates": [
          -78.62986282593403,
          38.642969248341714
        ]
      }
    },
    {
      "type": "Feature",
      "properties": {
        "name": "LEE",
        "street_key": "LEE"
      },
      "geometry": {
        "type": "Point",
        "coordinates": [
          -78.63417285713477,
          38.64158689164655
        ]
      }
    },
    {
      "type": "Feature",
      "properties": {
        "name": "LEE",
        "street_key": "LEE"
      },
      "geometry": {
        "type": "Point",
        "coordinates": [
          -78.63362834513941,
          38.642735618558866
        ]
      }
    },
    {
      "type": "Feature",
      "properties": {
        "name": "MAIN",
        "street_key": "MAIN"
      },
      "geometry": {
        "type": "Point",
        "coordinates": [
          -78.5618019654869,
          38.821414303355496
        ]
      }
    },
    {
      "type": "Feature",
      "properties": {
        "name": "MAIN",
        "street_key": "MAIN"
      },
      "geometry": {
        "type": "Point",
        "coordinates": [
          -78.56246267233594,
          38.82134181978201
        ]
      }
    },
    {
      "type": "Feature",
      "properties": {
        "name": "CONGRESS",
        "street_key": "CONGRESS"
      },
      "geometry": {
        "type": "Point",
        "coordinates": [
          -78.67059543488656,
          38.649671867450905
        ]
      }
    },
    {
      "type": "Feature",
      "properties": {
        "name": "CONGRESS",
        "street_key": "CONGRESS"
      },
      "geometry": {
        "type": "Point",
        "coordinates": [
          -78.66984196624126,
          38.6508440067507
        ]
      }
    },
    {
      "type": "Feature",
      "properties": {
        "name": "STONY CREEK",
        "street_key": "STONY CREEK"
      },
      "geometry": {
        "type": "Point",
        "coordinates": [
          -78.56747605062807,
          38.823325298324434
        ]
      }
    },
    {
      "type": "Feature",
      "properties": {
        "name": "STONY CREEK",
        "street_key": "STONY CREEK"
      },
      "geometry": {
        "type": "Point",
        "coordinates": [
          -78.56773728009614,
          38.82381570387673
        ]
      }
    },
    {
      "type": "Feature",
      "properties": {
        "name": "INTERSTATE 81 SB",
        "street_key": "INTERSTATE 81 SB"
      },
      "geometry": {
        "type": "Point",
        "coordinates": [
          -78.69477801755926,
          38.630195931329666
        ]
      }
    },
    {
      "type": "Feature",
      "properties": {
        "name": "INTERSTATE 81 SB",
        "street_key": "INTERSTATE 81 SB"
      },
      "geometry": {
        "type": "Point",
        "coordinates": [
          -78.6820426315106,
          38.63974493537971
        ]
      }
    },
    {
      "type": "Feature",
      "properties": {
        "name": "INTERSTATE 81 NB",
        "street_key": "INTERSTATE 81 NB"
      },
      "geometry": {
        "type": "Point",
        "coordinates": [
          -78.69424362362527,
          38.62986437633375
        ]
      }
    },
    {
      "type": "Feature",
      "properties": {
        "name": "INTERSTATE 81 NB",
        "street_key": "INTERSTATE 81 NB"
      },
      "geometry": {
        "type": "Point",
        "coordinates": [
          -78.68154144480073,
          38.63977363081203
        ]
      }
    },
    {
      "type": "Feature",
      "properties": {
        "name": "VALLEY",
        "street_key": "VALLEY"
      },
      "geometry": {
        "type": "Point",
        "coordinates": [
          -78.68388321093488,
          38.63179963116334
        ]
      }
    },
    {
      "type": "Feature",
      "properties": {
        "name": "INTERSTATE 81 SB",
        "street_key": "INTERSTATE 81 SB"
      },
      "geometry": {
        "type": "Point",
        "coordinates": [
          -78.60713717286755,
          38.79613913953889
        ]
      }
    },
    {
      "type": "Feature",
      "properties": {
        "name": "INTERSTATE 81 NB",
        "street_key": "INTERSTATE 81 NB"
      },
      "geometry": {
        "type": "Point",
        "coordinates": [
          -78.60650171614367,
          38.79588018236414
        ]
      }
    },
    {
      "type": "Feature",
      "properties": {
        "name": "INTERSTATE 81 SB",
        "street_key": "INTERSTATE 81 SB"
      },
      "geometry": {
        "type": "Point",
        "coordinates": [
          -78.66505286415413,
          38.667091397443016
        ]
      }
    },
    {
      "type": "Feature",
      "properties": {
        "name": "INTERSTATE 81 NB",
        "street_key": "INTERSTATE 81 NB"
      },
      "geometry": {
        "type": "Point",
        "coordinates": [
          -78.66474144174603,
          38.666960053519055
        ]
      }
    },
    {
      "type": "Feature",
      "properties": {
        "name": "SENEDO",
        "street_key": "SENEDO"
      },
      "geometry": {
        "type": "Point",
        "coordinates": [
          -78.66731660570933,
          38.84898661350395
        ]
      }
    },
    {
      "type": "Feature",
      "properties": {
        "name": "SENEDO",
        "street_key": "SENEDO"
      },
      "geometry": {
        "type": "Point",
        "coordinates": [
          -78.71049268990119,
          38.80554640186385
        ]
      }
    },
    {
      "type": "Feature",
      "properties": {
        "name": "OLD VALLEY",
        "street_key": "OLD VALLEY"
      },
      "geometry": {
        "type": "Point",
        "coordinates": [
          -78.55361451488807,
          38.82739566800246
        ]
      }
    },
    {
      "type": "Feature",
      "properties": {
        "name": "OLD VALLEY",
        "street_key": "OLD VALLEY"
      },
      "geometry": {
        "type": "Point",
        "coordinates": [
          -78.59562058004158,
          38.79980722587963
        ]
      }
    },
    {
      "type": "Feature",
      "properties": {
        "name": "MAIN",
        "street_key": "MAIN"
      },
      "geometry": {
        "type": "Point",
        "coordinates": [
          -78.56725381696097,
          38.82079742958413
        ]
      }
    },
    {
      "type": "Feature",
      "properties": {
        "name": "OLD VALLEY",
        "street_key": "OLD VALLEY"
      },
      "geometry": {
        "type": "Point",
        "coordinates": [
          -78.53583705842559,
          38.84356049995029
        ]
      }
    },
    {
      "type": "Feature",
      "properties": {
        "name": "MAIN",
        "street_key": "MAIN"
      },
      "geometry": {
        "type": "Point",
        "coordinates": [
          -78.55482444466342,
          38.826011236812924
        ]
      }
    },
    {
      "type": "Feature",
      "properties": {
        "name": "OLD VALLEY",
        "street_key": "OLD VALLEY"
      },
      "geometry": {
        "type": "Point",
        "coordinates": [
          -78.59757140582957,
          38.79411740192973
        ]
      }
    },
    {
      "type": "Feature",
      "properties": {
        "name": "OLD VALLEY",
        "street_key": "OLD VALLEY"
      },
      "geometry": {
        "type": "Point",
        "coordinates": [
          -78.59396081795846,
          38.80575166407948
        ]
      }
    },
    {
      "type": "Feature",
      "properties": {
        "name": "OLD VALLEY",
        "street_key": "OLD VALLEY"
      },
      "geometry": {
        "type": "Point",
        "coordinates": [
          -78.59145915818426,
          38.8081507758101
        ]
      }
    },
    {
      "type": "Feature",
      "properties": {
        "name": "INTERSTATE 81 NB",
        "street_key": "INTERSTATE 81 NB"
      },
      "geometry": {
        "type": "Point",
        "coordinates": [
          -78.57378526739956,
          38.83207578316901
        ]
      }
    },
    {
      "type": "Feature",
      "properties": {
        "name": "INTERSTATE 81 NB",
        "street_key": "INTERSTATE 81 NB"
      },
      "geometry": {
        "type": "Point",
        "coordinates": [
          -78.55028540091955,
          38.8466500519192
        ]
      }
    },
    {
      "type": "Feature",
      "properties": {
        "name": "MAIN",
        "street_key": "MAIN"
      },
      "geometry": {
        "type": "Point",
        "coordinates": [
          -78.55709338015141,
          38.82334655752903
        ]
      }
    },
    {
      "type": "Feature",
      "properties": {
        "name": "OLD VALLEY",
        "street_key": "OLD VALLEY"
      },
      "geometry": {
        "type": "Point",
        "coordinates": [
          -78.54000605561916,
          38.83788952807709
        ]
      }
    },
    {
      "type": "Feature",
      "properties": {
        "name": "STONY CREEK",
        "street_key": "STONY CREEK"
      },
      "geometry": {
        "type": "Point",
        "coordinates": [
          -78.57066297644815,
          38.82703200905293
        ]
      }
    },
    {
      "type": "Feature",
      "properties": {
        "name": "OLD VALLEY",
        "street_key": "OLD VALLEY"
      },
      "geometry": {
        "type": "Point",
        "coordinates": [
          -78.54861957826672,
          38.8331849027753
        ]
      }
    },
    {
      "type": "Feature",
      "properties": {
        "name": "OLD VALLEY",
        "street_key": "OLD VALLEY"
      },
      "geometry": {
        "type": "Point",
        "coordinates": [
          -78.54230191083163,
          38.83643492663773
        ]
      }
    },
    {
      "type": "Feature",
      "properties": {
        "name": "STONEY CREEK",
        "street_key": "STONEY CREEK"
      },
      "geometry": {
        "type": "Point",
        "coordinates": [
          -78.57425561647298,
          38.829231719558976
        ]
      }
    },
    {
      "type": "Feature",
      "properties": {
        "name": "MAIN",
        "street_key": "MAIN"
      },
      "geometry": {
        "type": "Point",
        "coordinates": [
          -78.55597848660432,
          38.824460733233785
        ]
      }
    },
    {
      "type": "Feature",
      "properties": {
        "name": "INTERSTATE 81 SB",
        "street_key": "INTERSTATE 81 SB"
      },
      "geometry": {
        "type": "Point",
        "coordinates": [
          -78.57515418310082,
          38.831471216358715
        ]
      }
    },
    {
      "type": "Feature",
      "properties": {
        "name": "OLD VALLEY",
        "street_key": "OLD VALLEY"
      },
      "geometry": {
        "type": "Point",
        "coordinates": [
          -78.59520998939239,
          38.802066501928536
        ]
      }
    },
    {
      "type": "Feature",
      "properties": {
        "name": "OLD VALLEY",
        "street_key": "OLD VALLEY"
      },
      "geometry": {
        "type": "Point",
        "coordinates": [
          -78.5847147353486,
          38.81329511583209
        ]
      }
    },
    {
      "type": "Feature",
      "properties": {
        "name": "OLD VALLEY",
        "street_key": "OLD VALLEY"
      },
      "geometry": {
        "type": "Point",
        "coordinates": [
          -78.59762253090561,
          38.7925307034625
        ]
      }
    },
    {
      "type": "Feature",
      "properties": {
        "name": "OLD VALLEY",
        "street_key": "OLD VALLEY"
      },
      "geometry": {
        "type": "Point",
        "coordinates": [
          -78.5763637074185,
          38.81850864001584
        ]
      }
    },
    {
      "type": "Feature",
      "properties": {
        "name": "OLD VALLEY",
        "street_key": "OLD VALLEY"
      },
      "geometry": {
        "type": "Point",
        "coordinates": [
          -78.59668947447014,
          38.7968297121262
        ]
      }
    },
    {
      "type": "Feature",
      "properties": {
        "name": "INTERSTATE 81 SB",
        "street_key": "INTERSTATE 81 SB"
      },
      "geometry": {
        "type": "Point",
        "coordinates": [
          -78.58696417702171,
          38.82123553088038
        ]
      }
    },
    {
      "type": "Feature",
      "properties": {
        "name": "LEE",
        "street_key": "LEE"
      },
      "geometry": {
        "type": "Point",
        "coordinates": [
          -78.6356112677803,
          38.64177234255975
        ]
      }
    },
    {
      "type": "Feature",
      "properties": {
        "name": "LEE",
        "street_key": "LEE"
      },
      "geometry": {
        "type": "Point",
        "coordinates": [
          -78.64083999674011,
          38.643304310336
        ]
      }
    },
    {
      "type": "Feature",
      "properties": {
        "name": "CONGRESS",
        "street_key": "CONGRESS"
      },
      "geometry": {
        "type": "Point",
        "coordinates": [
          -78.68161928365195,
          38.63464285619357
        ]
      }
    },
    {
      "type": "Feature",
      "properties": {
        "name": "OLD VALLEY",
        "street_key": "OLD VALLEY"
      },
      "geometry": {
        "type": "Point",
        "coordinates": [
          -78.66596556134391,
          38.65710896316034
        ]
      }
    },
    {
      "type": "Feature",
      "properties": {
        "name": "OLD CROSS",
        "street_key": "OLD CROSS"
      },
      "geometry": {
        "type": "Point",
        "coordinates": [
          -78.67622597277987,
          38.64815553684357
        ]
      }
    },
    {
      "type": "Feature",
      "properties": {
        "name": "CONGRESS",
        "street_key": "CONGRESS"
      },
      "geometry": {
        "type": "Point",
        "coordinates": [
          -78.66759664630297,
          38.65448267396475
        ]
      }
    },
    {
      "type": "Feature",
      "properties": {
        "name": "CONGRESS",
        "street_key": "CONGRESS"
      },
      "geometry": {
        "type": "Point",
        "coordinates": [
          -78.67919203979793,
          38.637705756724564
        ]
      }
    },
    {
      "type": "Feature",
      "properties": {
        "name": "CONGRESS",
        "street_key": "CONGRESS"
      },
      "geometry": {
        "type": "Point",
        "coordinates": [
          -78.66626409397071,
          38.656627485713635
        ]
      }
    },
    {
      "type": "Feature",
      "properties": {
        "name": "OLD VALLEY",
        "street_key": "OLD VALLEY"
      },
      "geometry": {
        "type": "Point",
        "coordinates": [
          -78.65465271168578,
          38.68006197103018
        ]
      }
    },
    {
      "type": "Feature",
      "properties": {
        "name": "INTERSTATE 81 NB",
        "street_key": "INTERSTATE 81 NB"
      },
      "geometry": {
        "type": "Point",
        "coordinates": [
          -78.67473960887777,
          38.650080397308564
        ]
      }
    },
    {
      "type": "Feature",
      "properties": {
        "name": "INTERSTATE 81 NB",
        "street_key": "INTERSTATE 81 NB"
      },
      "geometry": {
        "type": "Point",
        "coordinates": [
          -78.67701399051198,
          38.64660298540314
        ]
      }
    },
    {
      "type": "Feature",
      "properties": {
        "name": "INTERSTATE 81 SB",
        "street_key": "INTERSTATE 81 SB"
      },
      "geometry": {
        "type": "Point",
        "coordinates": [
          -78.70649109832257,
          38.615739464321074
        ]
      }
    },
    {
      "type": "Feature",
      "properties": {
        "name": "VALLEY",
        "street_key": "VALLEY"
      },
      "geometry": {
        "type": "Point",
        "coordinates": [
          -78.69600816732822,
          38.61659942284698
        ]
      }
    },
    {
      "type": "Feature",
      "properties": {
        "name": "LEE",
        "street_key": "LEE"
      },
      "geometry": {
        "type": "Point",
        "coordinates": [
          -78.64024560983945,
          38.64293409972121
        ]
      }
    },
    {
      "type": "Feature",
      "properties": {
        "name": "CONGRESS",
        "street_key": "CONGRESS"
      },
      "geometry": {
        "type": "Point",
        "coordinates": [
          -78.68044858797754,
          38.63611808722212
        ]
      }
    },
    {
      "type": "Feature",
      "properties": {
        "name": "INTERSTATE 81 SB",
        "street_key": "INTERSTATE 81 SB"
      },
      "geometry": {
        "type": "Point",
        "coordinates": [
          -78.67513659096765,
          38.6500753598127
        ]
      }
    },
    {
      "type": "Feature",
      "properties": {
        "name": "INTERSTATE 81 NB",
        "street_key": "INTERSTATE 81 NB"
      },
      "geometry": {
        "type": "Point",
        "coordinates": [
          -78.7056620363286,
          38.61553125334476
        ]
      }
    },
    {
      "type": "Feature",
      "properties": {
        "name": "CONGRESS",
        "street_key": "CONGRESS"
      },
      "geometry": {
        "type": "Point",
        "coordinates": [
          -78.67989778142751,
          38.63681388974143
        ]
      }
    },
    {
      "type": "Feature",
      "properties": {
        "name": "LEE",
        "street_key": "LEE"
      },
      "geometry": {
        "type": "Point",
        "coordinates": [
          -78.63880588651544,
          38.64257421302991
        ]
      }
    },
    {
      "type": "Feature",
      "properties": {
        "name": "VALLEY",
        "street_key": "VALLEY"
      },
      "geometry": {
        "type": "Point",
        "coordinates": [
          -78.69203159040838,
          38.62158095940864
        ]
      }
    },
    {
      "type": "Feature",
      "properties": {
        "name": "LEE",
        "street_key": "LEE"
      },
      "geometry": {
        "type": "Point",
        "coordinates": [
          -78.63710949873854,
          38.64214514427296
        ]
      }
    },
    {
      "type": "Feature",
      "properties": {
        "name": "LEE",
        "street_key": "LEE"
      },
      "geometry": {
        "type": "Point",
        "coordinates": [
          -78.69142787250557,
          38.648933055444935
        ]
      }
    },
    {
      "type": "Feature",
      "properties": {
        "name": "OLD VALLEY",
        "street_key": "OLD VALLEY"
      },
      "geometry": {
        "type": "Point",
        "coordinates": [
          -78.655634558459,
          38.677801016008665
        ]
      }
    },
    {
      "type": "Feature",
      "properties": {
        "name": "LEE",
        "street_key": "LEE"
      },
      "geometry": {
        "type": "Point",
        "coordinates": [
          -78.69683239110307,
          38.64780530767323
        ]
      }
    },
    {
      "type": "Feature",
      "properties": {
        "name": "NEW MARKET",
        "street_key": "NEW MARKET"
      },
      "geometry": {
        "type": "Point",
        "coordinates": [
          -78.70982410163428,
          38.64481476620173
        ]
      }
    },
    {
      "type": "Feature",
      "properties": {
        "name": "VALLEY",
        "street_key": "VALLEY"
      },
      "geometry": {
        "type": "Point",
        "coordinates": [
          -78.71030579988991,
          38.59900020032001
        ]
      }
    },
    {
      "type": "Feature",
      "properties": {
        "name": "INTERSTATE 81 SB",
        "street_key": "INTERSTATE 81 SB"
      },
      "geometry": {
        "type": "Point",
        "coordinates": [
          -78.67753694039618,
          38.646426917610285
        ]
      }
    },
    {
      "type": "Feature",
      "properties": {
        "name": "LEE",
        "street_key": "LEE"
      },
      "geometry": {
        "type": "Point",
        "coordinates": [
          -78.61709174217417,
          38.64190832440213
        ]
      }
    },
    {
      "type": "Feature",
      "properties": {
        "name": "VALLEY",
        "street_key": "VALLEY"
      },
      "geometry": {
        "type": "Point",
        "coordinates": [
          -78.70201882498536,
          38.60910482582494
        ]
      }
    },
    {
      "type": "Feature",
      "properties": {
        "name": "VALLEY",
        "street_key": "VALLEY"
      },
      "geometry": {
        "type": "Point",
        "coordinates": [
          -78.70356234380577,
          38.607172058650704
        ]
      }
    },
    {
      "type": "Feature",
      "properties": {
        "name": "OLD VALLEY",
        "street_key": "OLD VALLEY"
      },
      "geometry": {
        "type": "Point",
        "coordinates": [
          -78.65773166225402,
          38.67302329004692
        ]
      }
    },
    {
      "type": "Feature",
      "properties": {
        "name": "VALLEY",
        "street_key": "VALLEY"
      },
      "geometry": {
        "type": "Point",
        "coordinates": [
          -78.68799902070292,
          38.62665064890506
        ]
      }
    },
    {
      "type": "Feature",
      "properties": {
        "name": "LEE",
        "street_key": "LEE"
      },
      "geometry": {
        "type": "Point",
        "coordinates": [
          -78.6424845283556,
          38.644309928803914
        ]
      }
    },
    {
      "type": "Feature",
      "properties": {
        "name": "LEE",
        "street_key": "LEE"
      },
      "geometry": {
        "type": "Point",
        "coordinates": [
          -78.64262316458094,
          38.64417019077007
        ]
      }
    },
    {
      "type": "Feature",
      "properties": {
        "name": "OLD CROSS",
        "street_key": "OLD CROSS"
      },
      "geometry": {
        "type": "Point",
        "coordinates": [
          -78.67995618441631,
          38.64842993440505
        ]
      }
    },
    {
      "type": "Feature",
      "properties": {
        "name": "LEE",
        "street_key": "LEE"
      },
      "geometry": {
        "type": "Point",
        "coordinates": [
          -78.64533422067251,
          38.64545473473337
        ]
      }
    },
    {
      "type": "Feature",
      "properties": {
        "name": "VALLEY",
        "street_key": "VALLEY"
      },
      "geometry": {
        "type": "Point",
        "coordinates": [
          -78.70550689028114,
          38.60476346988858
        ]
      }
    },
    {
      "type": "Feature",
      "properties": {
        "name": "OLD CROSS",
        "street_key": "OLD CROSS"
      },
      "geometry": {
        "type": "Point",
        "coordinates": [
          -78.67770557768642,
          38.64813091601668
        ]
      }
    },
    {
      "type": "Feature",
      "properties": {
        "name": "VALLEY",
        "street_key": "VALLEY"
      },
      "geometry": {
        "type": "Point",
        "coordinates": [
          -78.7002253934431,
          38.611339674121695
        ]
      }
    },
    {
      "type": "Feature",
      "properties": {
        "name": "LEE",
        "street_key": "LEE"
      },
      "geometry": {
        "type": "Point",
        "coordinates": [
          -78.6413517393743,
          38.64338444467167
        ]
      }
    },
    {
      "type": "Feature",
      "properties": {
        "name": "OLD VALLEY",
        "street_key": "OLD VALLEY"
      },
      "geometry": {
        "type": "Point",
        "coordinates": [
          -78.64958446249292,
          38.69366341346222
        ]
      }
    },
    {
      "type": "Feature",
      "properties": {
        "name": "OLD VALLEY",
        "street_key": "OLD VALLEY"
      },
      "geometry": {
        "type": "Point",
        "coordinates": [
          -78.64857766986584,
          38.701217860831825
        ]
      }
    },
    {
      "type": "Feature",
      "properties": {
        "name": "OLD VALLEY",
        "street_key": "OLD VALLEY"
      },
      "geometry": {
        "type": "Point",
        "coordinates": [
          -78.64687969129047,
          38.71573510811958
        ]
      }
    },
    {
      "type": "Feature",
      "properties": {
        "name": "OLD VALLEY",
        "street_key": "OLD VALLEY"
      },
      "geometry": {
        "type": "Point",
        "coordinates": [
          -78.62326651586564,
          38.764276220272926
        ]
      }
    },
    {
      "type": "Feature",
      "properties": {
        "name": "OLD VALLEY",
        "street_key": "OLD VALLEY"
      },
      "geometry": {
        "type": "Point",
        "coordinates": [
          -78.64502196841396,
          38.728521453679164
        ]
      }
    },
    {
      "type": "Feature",
      "properties": {
        "name": "OLD VALLEY",
        "street_key": "OLD VALLEY"
      },
      "geometry": {
        "type": "Point",
        "coordinates": [
          -78.64778345018608,
          38.70950774895501
        ]
      }
    },
    {
      "type": "Feature",
      "properties": {
        "name": "INTERSTATE 81 NB",
        "street_key": "INTERSTATE 81 NB"
      },
      "geometry": {
        "type": "Point",
        "coordinates": [
          -78.65574136008439,
          38.70337615769931
        ]
      }
    },
    {
      "type": "Feature",
      "properties": {
        "name": "MAIN",
        "street_key": "MAIN"
      },
      "geometry": {
        "type": "Point",
        "coordinates": [
          -78.64254623426764,
          38.744016737974896
        ]
      }
    },
    {
      "type": "Feature",
      "properties": {
        "name": "ORKNEY GRADE",
        "street_key": "ORKNEY GRADE"
      },
      "geometry": {
        "type": "Point",
        "coordinates": [
          -78.69735109657759,
          38.76515078150576
        ]
      }
    },
    {
      "type": "Feature",
      "properties": {
        "name": "MT JACKSON",
        "street_key": "MT JACKSON"
      },
      "geometry": {
        "type": "Point",
        "coordinates": [
          -78.63392067907559,
          38.76223283224166
        ]
      }
    },
    {
      "type": "Feature",
      "properties": {
        "name": "ORKNEY GRADE",
        "street_key": "ORKNEY GRADE"
      },
      "geometry": {
        "type": "Point",
        "coordinates": [
          -78.67691766877286,
          38.758806651747896
        ]
      }
    },
    {
      "type": "Feature",
      "properties": {
        "name": "MAIN",
        "street_key": "MAIN"
      },
      "geometry": {
        "type": "Point",
        "coordinates": [
          -78.63421158978652,
          38.75446092870868
        ]
      }
    },
    {
      "type": "Feature",
      "properties": {
        "name": "INTERSTATE 81 NB",
        "street_key": "INTERSTATE 81 NB"
      },
      "geometry": {
        "type": "Point",
        "coordinates": [
          -78.62457319760249,
          38.76923027786081
        ]
      }
    },
    {
      "type": "Feature",
      "properties": {
        "name": "OLD VALLEY",
        "street_key": "OLD VALLEY"
      },
      "geometry": {
        "type": "Point",
        "coordinates": [
          -78.64599005963744,
          38.72186020935695
        ]
      }
    },
    {
      "type": "Feature",
      "properties": {
        "name": "INTERSTATE 81 SB",
        "street_key": "INTERSTATE 81 SB"
      },
      "geometry": {
        "type": "Point",
        "coordinates": [
          -78.62512430809721,
          38.76950319175642
        ]
      }
    },
    {
      "type": "Feature",
      "properties": {
        "name": "MAIN",
        "street_key": "MAIN"
      },
      "geometry": {
        "type": "Point",
        "coordinates": [
          -78.62421714024363,
          38.7634925535571
        ]
      }
    },
    {
      "type": "Feature",
      "properties": {
        "name": "ORKNEY GRADE",
        "street_key": "ORKNEY GRADE"
      },
      "geometry": {
        "type": "Point",
        "coordinates": [
          -78.66464304358998,
          38.7543189662195
        ]
      }
    },
    {
      "type": "Feature",
      "properties": {
        "name": "MAIN",
        "street_key": "MAIN"
      },
      "geometry": {
        "type": "Point",
        "coordinates": [
          -78.6423922127393,
          38.74664289040569
        ]
      }
    },
    {
      "type": "Feature",
      "properties": {
        "name": "CONICVILLE",
        "street_key": "CONICVILLE"
      },
      "geometry": {
        "type": "Point",
        "coordinates": [
          -78.63027116866176,
          38.76029297451259
        ]
      }
    },
    {
      "type": "Feature",
      "properties": {
        "name": "MT JACKSON",
        "street_key": "MT JACKSON"
      },
      "geometry": {
        "type": "Point",
        "coordinates": [
          -78.63252305453074,
          38.76159281626102
        ]
      }
    },
    {
      "type": "Feature",
      "properties": {
        "name": "MAIN",
        "street_key": "MAIN"
      },
      "geometry": {
        "type": "Point",
        "coordinates": [
          -78.63107137122823,
          38.75778701185738
        ]
      }
    },
    {
      "type": "Feature",
      "properties": {
        "name": "BRYCE",
        "street_key": "BRYCE"
      },
      "geometry": {
        "type": "Point",
        "coordinates": [
          -78.64603418875397,
          38.744302856387044
        ]
      }
    },
    {
      "type": "Feature",
      "properties": {
        "name": "MAIN",
        "street_key": "MAIN"
      },
      "geometry": {
        "type": "Point",
        "coordinates": [
          -78.63963539429977,
          38.75013302808937
        ]
      }
    },
    {
      "type": "Feature",
      "properties": {
        "name": "MAIN",
        "street_key": "MAIN"
      },
      "geometry": {
        "type": "Point",
        "coordinates": [
          -78.6364610770928,
          38.75224920590822
        ]
      }
    },
    {
      "type": "Feature",
      "properties": {
        "name": "MAIN",
        "street_key": "MAIN"
      },
      "geometry": {
        "type": "Point",
        "coordinates": [
          -78.64220321717427,
          38.74176775324797
        ]
      }
    },
    {
      "type": "Feature",
      "properties": {
        "name": "ORKNEY GRADE",
        "street_key": "ORKNEY GRADE"
      },
      "geometry": {
        "type": "Point",
        "coordinates": [
          -78.68474501595954,
          38.76231773629834
        ]
      }
    },
    {
      "type": "Feature",
      "properties": {
        "name": "MAIN",
        "street_key": "MAIN"
      },
      "geometry": {
        "type": "Point",
        "coordinates": [
          -78.62572720849053,
          38.762237662153616
        ]
      }
    },
    {
      "type": "Feature",
      "properties": {
        "name": "MAIN",
        "street_key": "MAIN"
      },
      "geometry": {
        "type": "Point",
        "coordinates": [
          -78.6276560368766,
          38.76062656845458
        ]
      }
    },
    {
      "type": "Feature",
      "properties": {
        "name": "OLD VALLEY",
        "street_key": "OLD VALLEY"
      },
      "geometry": {
        "type": "Point",
        "coordinates": [
          -78.60835726705027,
          38.77796353142435
        ]
      }
    },
    {
      "type": "Feature",
      "properties": {
        "name": "ORKNEY GRADE",
        "street_key": "ORKNEY GRADE"
      },
      "geometry": {
        "type": "Point",
        "coordinates": [
          -78.70597780805295,
          38.76362523431854
        ]
      }
    },
    {
      "type": "Feature",
      "properties": {
        "name": "OLD VALLEY",
        "street_key": "OLD VALLEY"
      },
      "geometry": {
        "type": "Point",
        "coordinates": [
          -78.61599522080019,
          38.77033441454096
        ]
      }
    },
    {
      "type": "Feature",
      "properties": {
        "name": "MAIN",
        "street_key": "MAIN"
      },
      "geometry": {
        "type": "Point",
        "coordinates": [
          -78.64345240679489,
          38.73654173457291
        ]
      }
    },
    {
      "type": "Feature",
      "properties": {
        "name": "MAIN",
        "street_key": "MAIN"
      },
      "geometry": {
        "type": "Point",
        "coordinates": [
          -78.63530611783607,
          38.75320276420846
        ]
      }
    },
    {
      "type": "Feature",
      "properties": {
        "name": "OLD VALLEY",
        "street_key": "OLD VALLEY"
      },
      "geometry": {
        "type": "Point",
        "coordinates": [
          -78.61435463650776,
          38.77172050592182
        ]
      }
    },
    {
      "type": "Feature",
      "properties": {
        "name": "ORKNEY GRADE",
        "street_key": "ORKNEY GRADE"
      },
      "geometry": {
        "type": "Point",
        "coordinates": [
          -78.69018782712543,
          38.762148840121434
        ]
      }
    },
    {
      "type": "Feature",
      "properties": {
        "name": "MAIN",
        "street_key": "MAIN"
      },
      "geometry": {
        "type": "Point",
        "coordinates": [
          -78.64288438580411,
          38.738628159250396
        ]
      }
    },
    {
      "type": "Feature",
      "properties": {
        "name": "MAIN",
        "street_key": "MAIN"
      },
      "geometry": {
        "type": "Point",
        "coordinates": [
          -78.64378815571614,
          38.735131279800235
        ]
      }
    },
    {
      "type": "Feature",
      "properties": {
        "name": "MAIN",
        "street_key": "MAIN"
      },
      "geometry": {
        "type": "Point",
        "coordinates": [
          -78.63796410245973,
          38.75118038363006
        ]
      }
    },
    {
      "type": "Feature",
      "properties": {
        "name": "MAIN",
        "street_key": "MAIN"
      },
      "geometry": {
        "type": "Point",
        "coordinates": [
          -78.64245155116343,
          38.74338851675582
        ]
      }
    },
    {
      "type": "Feature",
      "properties": {
        "name": "INTERSTATE 81 SB",
        "street_key": "INTERSTATE 81 SB"
      },
      "geometry": {
        "type": "Point",
        "coordinates": [
          -78.65636855816291,
          38.70324752222087
        ]
      }
    },
    {
      "type": "Feature",
      "properties": {
        "name": "INTERSTATE 81 SB",
        "street_key": "INTERSTATE 81 SB"
      },
      "geometry": {
        "type": "Point",
        "coordinates": [
          -78.63209606381064,
          38.763979745554735
        ]
      }
    },
    {
      "type": "Feature",
      "properties": {
        "name": "MAIN",
        "street_key": "MAIN"
      },
      "geometry": {
        "type": "Point",
        "coordinates": [
          -78.64247271713072,
          38.740072022374285
        ]
      }
    },
    {
      "type": "Feature",
      "properties": {
        "name": "OLD VALLEY",
        "street_key": "OLD VALLEY"
      },
      "geometry": {
        "type": "Point",
        "coordinates": [
          -78.61992609378967,
          38.76705693479739
        ]
      }
    },
    {
      "type": "Feature",
      "properties": {
        "name": "INTERSTATE 81 NB",
        "street_key": "INTERSTATE 81 NB"
      },
      "geometry": {
        "type": "Point",
        "coordinates": [
          -78.63525810995073,
          38.76078433484454
        ]
      }
    },
    {
      "type": "Feature",
      "properties": {
        "name": "MAIN",
        "street_key": "MAIN"
      },
      "geometry": {
        "type": "Point",
        "coordinates": [
          -78.63341114660463,
          38.75541067338679
        ]
      }
    },
    {
      "type": "Feature",
      "properties": {
        "name": "OLD VALLEY",
        "street_key": "OLD VALLEY"
      },
      "geometry": {
        "type": "Point",
        "coordinates": [
          -78.5978372547567,
          38.78659818295824
        ]
      }
    },
    {
      "type": "Feature",
      "properties": {
        "name": "OLD VALLEY",
        "street_key": "OLD VALLEY"
      },
      "geometry": {
        "type": "Point",
        "coordinates": [
          -78.601618300529,
          38.78257073569606
        ]
      }
    },
    {
      "type": "Feature",
      "properties": {
        "name": "US HWY 340",
        "street_key": "US HWY 340"
      },
      "geometry": {
        "type": "Point",
        "coordinates": [
          -78.58236214082221,
          38.61900724830143
        ]
      }
    },
    {
      "type": "Feature",
      "properties": {
        "name": "US HWY 340",
        "street_key": "US HWY 340"
      },
      "geometry": {
        "type": "Point",
        "coordinates": [
          -78.58147531392629,
          38.62583744422027
        ]
      }
    },
    {
      "type": "Feature",
      "properties": {
        "name": "US HWY 211",
        "street_key": "US HWY 211"
      },
      "geometry": {
        "type": "Point",
        "coordinates": [
          -78.49454724467942,
          38.660152399040356
        ]
      }
    },
    {
      "type": "Feature",
      "properties": {
        "name": "US HWY 211",
        "street_key": "US HWY 211"
      },
      "geometry": {
        "type": "Point",
        "coordinates": [
          -78.49763596406879,
          38.6599006583842
        ]
      }
    },
    {
      "type": "Feature",
      "properties": {
        "name": "US HWY 211",
        "street_key": "US HWY 211"
      },
      "geometry": {
        "type": "Point",
        "coordinates": [
          -78.56609984795757,
          38.6392202714974
        ]
      }
    },
    {
      "type": "Feature",
      "properties": {
        "name": "US HWY 211",
        "street_key": "US HWY 211"
      },
      "geometry": {
        "type": "Point",
        "coordinates": [
          -78.55309940518173,
          38.642950268357595
        ]
      }
    },
    {
      "type": "Feature",
      "properties": {
        "name": "US HWY 211",
        "street_key": "US HWY 211"
      },
      "geometry": {
        "type": "Point",
        "coordinates": [
          -78.48843974465989,
          38.66123105322998
        ]
      }
    },
    {
      "type": "Feature",
      "properties": {
        "name": "US HWY BSN 340",
        "street_key": "US HWY BSN 340"
      },
      "geometry": {
        "type": "Point",
        "coordinates": [
          -78.47785714591866,
          38.61994182662454
        ]
      }
    },
    {
      "type": "Feature",
      "properties": {
        "name": "US HWY BSN 340",
        "street_key": "US HWY BSN 340"
      },
      "geometry": {
        "type": "Point",
        "coordinates": [
          -78.47882081651991,
          38.61257536807362
        ]
      }
    },
    {
      "type": "Feature",
      "properties": {
        "name": "US HWY 211",
        "street_key": "US HWY 211"
      },
      "geometry": {
        "type": "Point",
        "coordinates": [
          -78.49301659402833,
          38.66072067342305
        ]
      }
    },
    {
      "type": "Feature",
      "properties": {
        "name": "US HWY 340",
        "street_key": "US HWY 340"
      },
      "geometry": {
        "type": "Point",
        "coordinates": [
          -78.58323645349554,
          38.61398772496496
        ]
      }
    },
    {
      "type": "Feature",
      "properties": {
        "name": "MAIN",
        "street_key": "MAIN"
      },
      "geometry": {
        "type": "Point",
        "coordinates": [
          -78.47709483489662,
          38.66350358257828
        ]
      }
    },
    {
      "type": "Feature",
      "properties": {
        "name": "MAIN",
        "street_key": "MAIN"
      },
      "geometry": {
        "type": "Point",
        "coordinates": [
          -78.48343378361835,
          38.66160152680604
        ]
      }
    },
    {
      "type": "Feature",
      "properties": {
        "name": "US HWY BSN 340",
        "street_key": "US HWY BSN 340"
      },
      "geometry": {
        "type": "Point",
        "coordinates": [
          -78.54927587341982,
          38.58814633186471
        ]
      }
    },
    {
      "type": "Feature",
      "properties": {
        "name": "US HWY 340",
        "street_key": "US HWY 340"
      },
      "geometry": {
        "type": "Point",
        "coordinates": [
          -78.58359128718202,
          38.611933808432894
        ]
      }
    },
    {
      "type": "Feature",
      "properties": {
        "name": "US HWY 340",
        "street_key": "US HWY 340"
      },
      "geometry": {
        "type": "Point",
        "coordinates": [
          -78.58788947665084,
          38.60071927979153
        ]
      }
    },
    {
      "type": "Feature",
      "properties": {
        "name": "US HWY BSN 340",
        "street_key": "US HWY BSN 340"
      },
      "geometry": {
        "type": "Point",
        "coordinates": [
          -78.48210177921656,
          38.60277717206711
        ]
      }
    },
    {
      "type": "Feature",
      "properties": {
        "name": "MAIN",
        "street_key": "MAIN"
      },
      "geometry": {
        "type": "Point",
        "coordinates": [
          -78.4864545377347,
          38.58058498617742
        ]
      }
    },
    {
      "type": "Feature",
      "properties": {
        "name": "US HWY BSN 340",
        "street_key": "US HWY BSN 340"
      },
      "geometry": {
        "type": "Point",
        "coordinates": [
          -78.4827400817165,
          38.59515296617131
        ]
      }
    },
    {
      "type": "Feature",
      "properties": {
        "name": "US HWY 340",
        "street_key": "US HWY 340"
      },
      "geometry": {
        "type": "Point",
        "coordinates": [
          -78.58449345635003,
          38.6081141357416
        ]
      }
    },
    {
      "type": "Feature",
      "properties": {
        "name": "US HWY BSN 340",
        "street_key": "US HWY BSN 340"
      },
      "geometry": {
        "type": "Point",
        "coordinates": [
          -78.4824808332684,
          38.59861938154939
        ]
      }
    },
    {
      "type": "Feature",
      "properties": {
        "name": "US HWY BSN 340",
        "street_key": "US HWY BSN 340"
      },
      "geometry": {
        "type": "Point",
        "coordinates": [
          -78.56350018002387,
          38.58904650739434
        ]
      }
    },
    {
      "type": "Feature",
      "properties": {
        "name": "US HWY 340",
        "street_key": "US HWY 340"
      },
      "geometry": {
        "type": "Point",
        "coordinates": [
          -78.59672777834137,
          38.58109883961566
        ]
      }
    },
    {
      "type": "Feature",
      "properties": {
        "name": "US HWY BSN 340",
        "street_key": "US HWY BSN 340"
      },
      "geometry": {
        "type": "Point",
        "coordinates": [
          -78.48226417179235,
          38.590121719098235
        ]
      }
    },
    {
      "type": "Feature",
      "properties": {
        "name": "US HWY BSN 340",
        "street_key": "US HWY BSN 340"
      },
      "geometry": {
        "type": "Point",
        "coordinates": [
          -78.56547224366757,
          38.58881613863269
        ]
      }
    },
    {
      "type": "Feature",
      "properties": {
        "name": "US HWY BSN 340",
        "street_key": "US HWY BSN 340"
      },
      "geometry": {
        "type": "Point",
        "coordinates": [
          -78.4829125294186,
          38.58731756268106
        ]
      }
    },
    {
      "type": "Feature",
      "properties": {
        "name": "US HWY BSN 340",
        "street_key": "US HWY BSN 340"
      },
      "geometry": {
        "type": "Point",
        "coordinates": [
          -78.58919229745537,
          38.59037657987923
        ]
      }
    },
    {
      "type": "Feature",
      "properties": {
        "name": "US HWY BSN 340",
        "street_key": "US HWY BSN 340"
      },
      "geometry": {
        "type": "Point",
        "coordinates": [
          -78.56174008391885,
          38.589338401021145
        ]
      }
    },
    {
      "type": "Feature",
      "properties": {
        "name": "US HWY 340",
        "street_key": "US HWY 340"
      },
      "geometry": {
        "type": "Point",
        "coordinates": [
          -78.59247432957056,
          38.584755383495605
        ]
      }
    },
    {
      "type": "Feature",
      "properties": {
        "name": "US HWY 340",
        "street_key": "US HWY 340"
      },
      "geometry": {
        "type": "Point",
        "coordinates": [
          -78.59136150583434,
          38.59248152600948
        ]
      }
    },
    {
      "type": "Feature",
      "properties": {
        "name": "US HWY BSN 340",
        "street_key": "US HWY BSN 340"
      },
      "geometry": {
        "type": "Point",
        "coordinates": [
          -78.53301178653024,
          38.5835571584495
        ]
      }
    },
    {
      "type": "Feature",
      "properties": {
        "name": "US HWY BSN 340",
        "street_key": "US HWY BSN 340"
      },
      "geometry": {
        "type": "Point",
        "coordinates": [
          -78.53887820651202,
          38.58551047146361
        ]
      }
    },
    {
      "type": "Feature",
      "properties": {
        "name": "US HWY 340",
        "street_key": "US HWY 340"
      },
      "geometry": {
        "type": "Point",
        "coordinates": [
          -78.58499754842285,
          38.60693348464673
        ]
      }
    },
    {
      "type": "Feature",
      "properties": {
        "name": "US HWY BSN 340",
        "street_key": "US HWY BSN 340"
      },
      "geometry": {
        "type": "Point",
        "coordinates": [
          -78.56792923532703,
          38.58850990538786
        ]
      }
    },
    {
      "type": "Feature",
      "properties": {
        "name": "US HWY 340",
        "street_key": "US HWY 340"
      },
      "geometry": {
        "type": "Point",
        "coordinates": [
          -78.59134064822636,
          38.5886427609328
        ]
      }
    },
    {
      "type": "Feature",
      "properties": {
        "name": "US HWY 340",
        "street_key": "US HWY 340"
      },
      "geometry": {
        "type": "Point",
        "coordinates": [
          -78.58012373273058,
          38.63389482146815
        ]
      }
    },
    {
      "type": "Feature",
      "properties": {
        "name": "US HWY 211",
        "street_key": "US HWY 211"
      },
      "geometry": {
        "type": "Point",
        "coordinates": [
          -78.58587483495563,
          38.6385032220321
        ]
      }
    },
    {
      "type": "Feature",
      "properties": {
        "name": "US HWY 211",
        "street_key": "US HWY 211"
      },
      "geometry": {
        "type": "Point",
        "coordinates": [
          -78.53661331716808,
          38.644825976825224
        ]
      }
    },
    {
      "type": "Feature",
      "properties": {
        "name": "MAIN",
        "street_key": "MAIN"
      },
      "geometry": {
        "type": "Point",
        "coordinates": [
          -78.52270826912662,
          38.58043927280967
        ]
      }
    },
    {
      "type": "Feature",
      "properties": {
        "name": "US HWY 211",
        "street_key": "US HWY 211"
      },
      "geometry": {
        "type": "Point",
        "coordinates": [
          -78.57710653363495,
          38.63355980110703
        ]
      }
    },
    {
      "type": "Feature",
      "properties": {
        "name": "US HWY 211",
        "street_key": "US HWY 211"
      },
      "geometry": {
        "type": "Point",
        "coordinates": [
          -78.50936483413834,
          38.65868030739213
        ]
      }
    },
    {
      "type": "Feature",
      "properties": {
        "name": "US HWY 211",
        "street_key": "US HWY 211"
      },
      "geometry": {
        "type": "Point",
        "coordinates": [
          -78.51678343363658,
          38.65454602747927
        ]
      }
    },
    {
      "type": "Feature",
      "properties": {
        "name": "US HWY 211",
        "street_key": "US HWY 211"
      },
      "geometry": {
        "type": "Point",
        "coordinates": [
          -78.47857048663539,
          38.6668633732676
        ]
      }
    },
    {
      "type": "Feature",
      "properties": {
        "name": "US HWY 211",
        "street_key": "US HWY 211"
      },
      "geometry": {
        "type": "Point",
        "coordinates": [
          -78.5092227062386,
          38.658441171848
        ]
      }
    },
    {
      "type": "Feature",
      "properties": {
        "name": "US HWY 211",
        "street_key": "US HWY 211"
      },
      "geometry": {
        "type": "Point",
        "coordinates": [
          -78.48178181100813,
          38.662596337419245
        ]
      }
    },
    {
      "type": "Feature",
      "properties": {
        "name": "US HWY 211",
        "street_key": "US HWY 211"
      },
      "geometry": {
        "type": "Point",
        "coordinates": [
          -78.55541522839475,
          38.64217011480929
        ]
      }
    },
    {
      "type": "Feature",
      "properties": {
        "name": "US HWY 211",
        "street_key": "US HWY 211"
      },
      "geometry": {
        "type": "Point",
        "coordinates": [
          -78.51446105215587,
          38.65612275141662
        ]
      }
    },
    {
      "type": "Feature",
      "properties": {
        "name": "US HWY 211",
        "street_key": "US HWY 211"
      },
      "geometry": {
        "type": "Point",
        "coordinates": [
          -78.4815897799556,
          38.6624189868536
        ]
      }
    },
    {
      "type": "Feature",
      "properties": {
        "name": "US HWY BSN 340",
        "street_key": "US HWY BSN 340"
      },
      "geometry": {
        "type": "Point",
        "coordinates": [
          -78.47694756926597,
          38.624690343052634
        ]
      }
    },
    {
      "type": "Feature",
      "properties": {
        "name": "US HWY BSN 340",
        "street_key": "US HWY BSN 340"
      },
      "geometry": {
        "type": "Point",
        "coordinates": [
          -78.477760597409,
          38.621092692231535
        ]
      }
    },
    {
      "type": "Feature",
      "properties": {
        "name": "US HWY 211",
        "street_key": "US HWY 211"
      },
      "geometry": {
        "type": "Point",
        "coordinates": [
          -78.53052991729646,
          38.64746383028445
        ]
      }
    },
    {
      "type": "Feature",
      "properties": {
        "name": "US HWY 211",
        "street_key": "US HWY 211"
      },
      "geometry": {
        "type": "Point",
        "coordinates": [
          -78.52556125619455,
          38.64987158675869
        ]
      }
    },
    {
      "type": "Feature",
      "properties": {
        "name": "US HWY 211",
        "street_key": "US HWY 211"
      },
      "geometry": {
        "type": "Point",
        "coordinates": [
          -78.49213047879412,
          38.660468591889405
        ]
      }
    },
    {
      "type": "Feature",
      "properties": {
        "name": "US HWY 211",
        "street_key": "US HWY 211"
      },
      "geometry": {
        "type": "Point",
        "coordinates": [
          -78.53071603053004,
          38.64769601510112
        ]
      }
    },
    {
      "type": "Feature",
      "properties": {
        "name": "US HWY 211",
        "street_key": "US HWY 211"
      },
      "geometry": {
        "type": "Point",
        "coordinates": [
          -78.52577819999581,
          38.65008919977702
        ]
      }
    },
    {
      "type": "Feature",
      "properties": {
        "name": "US HWY BSN 340",
        "street_key": "US HWY BSN 340"
      },
      "geometry": {
        "type": "Point",
        "coordinates": [
          -78.58365061426797,
          38.590906973580466
        ]
      }
    },
    {
      "type": "Feature",
      "properties": {
        "name": "US HWY BSN 340",
        "street_key": "US HWY BSN 340"
      },
      "geometry": {
        "type": "Point",
        "coordinates": [
          -78.57320674399907,
          38.58858977643416
        ]
      }
    },
    {
      "type": "Feature",
      "properties": {
        "name": "MAIN",
        "street_key": "MAIN"
      },
      "geometry": {
        "type": "Point",
        "coordinates": [
          -78.48441172055371,
          38.58253816780404
        ]
      }
    },
    {
      "type": "Feature",
      "properties": {
        "name": "US HWY 211",
        "street_key": "US HWY 211"
      },
      "geometry": {
        "type": "Point",
        "coordinates": [
          -78.50135626446459,
          38.659127725623826
        ]
      }
    },
    {
      "type": "Feature",
      "properties": {
        "name": "US HWY 211",
        "street_key": "US HWY 211"
      },
      "geometry": {
        "type": "Point",
        "coordinates": [
          -78.50396567280208,
          38.65900017535329
        ]
      }
    },
    {
      "type": "Feature",
      "properties": {
        "name": "US HWY 211",
        "street_key": "US HWY 211"
      },
      "geometry": {
        "type": "Point",
        "coordinates": [
          -78.50629755466245,
          38.658885811973896
        ]
      }
    },
    {
      "type": "Feature",
      "properties": {
        "name": "US HWY 340",
        "street_key": "US HWY 340"
      },
      "geometry": {
        "type": "Point",
        "coordinates": [
          -78.58402422332586,
          38.60960497833081
        ]
      }
    },
    {
      "type": "Feature",
      "properties": {
        "name": "US HWY 211",
        "street_key": "US HWY 211"
      },
      "geometry": {
        "type": "Point",
        "coordinates": [
          -78.57710976486688,
          38.63345820650955
        ]
      }
    },
    {
      "type": "Feature",
      "properties": {
        "name": "US HWY 340",
        "street_key": "US HWY 340"
      },
      "geometry": {
        "type": "Point",
        "coordinates": [
          -78.61578033954511,
          38.467834375231696
        ]
      }
    },
    {
      "type": "Feature",
      "properties": {
        "name": "US HWY 340",
        "street_key": "US HWY 340"
      },
      "geometry": {
        "type": "Point",
        "coordinates": [
          -78.61758226415495,
          38.46607510185918
        ]
      }
    },
    {
      "type": "Feature",
      "properties": {
        "name": "SPOTSWOOD",
        "street_key": "SPOTSWOOD"
      },
      "geometry": {
        "type": "Point",
        "coordinates": [
          -78.63529195797327,
          38.405872212304104
        ]
      }
    },
    {
      "type": "Feature",
      "properties": {
        "name": "STUART",
        "street_key": "STUART"
      },
      "geometry": {
        "type": "Point",
        "coordinates": [
          -78.6187532883438,
          38.412077200658835
        ]
      }
    },
    {
      "type": "Feature",
      "properties": {
        "name": "SPOTSWOOD",
        "street_key": "SPOTSWOOD"
      },
      "geometry": {
        "type": "Point",
        "coordinates": [
          -78.62579676722073,
          38.40799328246798
        ]
      }
    },
    {
      "type": "Feature",
      "properties": {
        "name": "OLD SPOTSWOOD",
        "street_key": "OLD SPOTSWOOD"
      },
      "geometry": {
        "type": "Point",
        "coordinates": [
          -78.63347814522174,
          38.409226877396705
        ]
      }
    },
    {
      "type": "Feature",
      "properties": {
        "name": "SPOTSWOOD",
        "street_key": "SPOTSWOOD"
      },
      "geometry": {
        "type": "Point",
        "coordinates": [
          -78.62454708897496,
          38.40779260784775
        ]
      }
    },
    {
      "type": "Feature",
      "properties": {
        "name": "EAST SIDE",
        "street_key": "EAST SIDE"
      },
      "geometry": {
        "type": "Point",
        "coordinates": [
          -78.61473650339606,
          38.43814429838923
        ]
      }
    },
    {
      "type": "Feature",
      "properties": {
        "name": "STUART",
        "street_key": "STUART"
      },
      "geometry": {
        "type": "Point",
        "coordinates": [
          -78.61878923195856,
          38.41081745992994
        ]
      }
    },
    {
      "type": "Feature",
      "properties": {
        "name": "EAST SIDE",
        "street_key": "EAST SIDE"
      },
      "geometry": {
        "type": "Point",
        "coordinates": [
          -78.61616319690485,
          38.43347796702909
        ]
      }
    },
    {
      "type": "Feature",
      "properties": {
        "name": "OLD SPOTSWOOD",
        "street_key": "OLD SPOTSWOOD"
      },
      "geometry": {
        "type": "Point",
        "coordinates": [
          -78.64534900151466,
          38.4080331271789
        ]
      }
    },
    {
      "type": "Feature",
      "properties": {
        "name": "EAST SIDE",
        "street_key": "EAST SIDE"
      },
      "geometry": {
        "type": "Point",
        "coordinates": [
          -78.6176213325234,
          38.46408546073242
        ]
      }
    },
    {
      "type": "Feature",
      "properties": {
        "name": "EAST SIDE",
        "street_key": "EAST SIDE"
      },
      "geometry": {
        "type": "Point",
        "coordinates": [
          -78.61531530419681,
          38.44284810342599
        ]
      }
    },
    {
      "type": "Feature",
      "properties": {
        "name": "SPOTSWOOD",
        "street_key": "SPOTSWOOD"
      },
      "geometry": {
        "type": "Point",
        "coordinates": [
          -78.64502145635977,
          38.40618073935278
        ]
      }
    },
    {
      "type": "Feature",
      "properties": {
        "name": "EAST SIDE",
        "street_key": "EAST SIDE"
      },
      "geometry": {
        "type": "Point",
        "coordinates": [
          -78.61775693004078,
          38.461573778038925
        ]
      }
    },
    {
      "type": "Feature",
      "properties": {
        "name": "OLD SPOTSWOOD",
        "street_key": "OLD SPOTSWOOD"
      },
      "geometry": {
        "type": "Point",
        "coordinates": [
          -78.64726965521669,
          38.40626233157029
        ]
      }
    },
    {
      "type": "Feature",
      "properties": {
        "name": "SPOTSWOOD",
        "street_key": "SPOTSWOOD"
      },
      "geometry": {
        "type": "Point",
        "coordinates": [
          -78.62215233766455,
          38.40738697359237
        ]
      }
    },
    {
      "type": "Feature",
      "properties": {
        "name": "EAST SIDE",
        "street_key": "EAST SIDE"
      },
      "geometry": {
        "type": "Point",
        "coordinates": [
          -78.61777954277902,
          38.45442918073618
        ]
      }
    },
    {
      "type": "Feature",
      "properties": {
        "name": "EAST SIDE",
        "street_key": "EAST SIDE"
      },
      "geometry": {
        "type": "Point",
        "coordinates": [
          -78.61756244959696,
          38.452948799233944
        ]
      }
    },
    {
      "type": "Feature",
      "properties": {
        "name": "OLD SPOTSWOOD",
        "street_key": "OLD SPOTSWOOD"
      },
      "geometry": {
        "type": "Point",
        "coordinates": [
          -78.64266419896168,
          38.40894302451455
        ]
      }
    },
    {
      "type": "Feature",
      "properties": {
        "name": "SPOTSWOOD",
        "street_key": "SPOTSWOOD"
      },
      "geometry": {
        "type": "Point",
        "coordinates": [
          -78.62926794395305,
          38.40856439480552
        ]
      }
    },
    {
      "type": "Feature",
      "properties": {
        "name": "SPOTSWOOD",
        "street_key": "SPOTSWOOD"
      },
      "geometry": {
        "type": "Point",
        "coordinates": [
          -78.62033389980077,
          38.407007874132134
        ]
      }
    },
    {
      "type": "Feature",
      "properties": {
        "name": "OLD SPOTSWOOD",
        "street_key": "OLD SPOTSWOOD"
      },
      "geometry": {
        "type": "Point",
        "coordinates": [
          -78.63785422517236,
          38.40967799867445
        ]
      }
    },
    {
      "type": "Feature",
      "properties": {
        "name": "SPOTSWOOD",
        "street_key": "SPOTSWOOD"
      },
      "geometry": {
        "type": "Point",
        "coordinates": [
          -78.62759278134315,
          38.40828945674095
        ]
      }
    },
    {
      "type": "Feature",
      "properties": {
        "name": "OLD SPOTSWOOD",
        "street_key": "OLD SPOTSWOOD"
      },
      "geometry": {
        "type": "Point",
        "coordinates": [
          -78.63714773720906,
          38.40976340886749
        ]
      }
    },
    {
      "type": "Feature",
      "properties": {
        "name": "SPOTSWOOD",
        "street_key": "SPOTSWOOD"
      },
      "geometry": {
        "type": "Point",
        "coordinates": [
          -78.6352760157029,
          38.40569426504236
        ]
      }
    },
    {
      "type": "Feature",
      "properties": {
        "name": "EAST SIDE",
        "street_key": "EAST SIDE"
      },
      "geometry": {
        "type": "Point",
        "coordinates": [
          -78.61714791619232,
          38.42995573927598
        ]
      }
    },
    {
      "type": "Feature",
      "properties": {
        "name": "SPOTSWOOD",
        "street_key": "SPOTSWOOD"
      },
      "geometry": {
        "type": "Point",
        "coordinates": [
          -78.62412461204954,
          38.40772986507582
        ]
      }
    },
    {
      "type": "Feature",
      "properties": {
        "name": "US HWY 340",
        "street_key": "US HWY 340"
      },
      "geometry": {
        "type": "Point",
        "coordinates": [
          -78.61768522084645,
          38.46511621587031
        ]
      }
    },
    {
      "type": "Feature",
      "properties": {
        "name": "OLD SPOTSWOOD",
        "street_key": "OLD SPOTSWOOD"
      },
      "geometry": {
        "type": "Point",
        "coordinates": [
          -78.64358721884128,
          38.40875145609095
        ]
      }
    },
    {
      "type": "Feature",
      "properties": {
        "name": "EAST SIDE",
        "street_key": "EAST SIDE"
      },
      "geometry": {
        "type": "Point",
        "coordinates": [
          -78.61778441318944,
          38.426680907553106
        ]
      }
    },
    {
      "type": "Feature",
      "properties": {
        "name": "EAST SIDE",
        "street_key": "EAST SIDE"
      },
      "geometry": {
        "type": "Point",
        "coordinates": [
          -78.61693949136567,
          38.44868028626593
        ]
      }
    },
    {
      "type": "Feature",
      "properties": {
        "name": "STUART",
        "street_key": "STUART"
      },
      "geometry": {
        "type": "Point",
        "coordinates": [
          -78.61871637983715,
          38.413338973623
        ]
      }
    },
    {
      "type": "Feature",
      "properties": {
        "name": "STUART",
        "street_key": "STUART"
      },
      "geometry": {
        "type": "Point",
        "coordinates": [
          -78.61862963256141,
          38.41665534273113
        ]
      }
    },
    {
      "type": "Feature",
      "properties": {
        "name": "STUART",
        "street_key": "STUART"
      },
      "geometry": {
        "type": "Point",
        "coordinates": [
          -78.61881262711015,
          38.40979931432916
        ]
      }
    },
    {
      "type": "Feature",
      "properties": {
        "name": "SPOTSWOOD",
        "street_key": "SPOTSWOOD"
      },
      "geometry": {
        "type": "Point",
        "coordinates": [
          -78.64504103865741,
          38.40635894845485
        ]
      }
    },
    {
      "type": "Feature",
      "properties": {
        "name": "EAST SIDE",
        "street_key": "EAST SIDE"
      },
      "geometry": {
        "type": "Point",
        "coordinates": [
          -78.6182023209365,
          38.42388260720484
        ]
      }
    },
    {
      "type": "Feature",
      "properties": {
        "name": "SPOTSWOOD",
        "street_key": "SPOTSWOOD"
      },
      "geometry": {
        "type": "Point",
        "coordinates": [
          -78.6231671101488,
          38.40755861696153
        ]
      }
    },
    {
      "type": "Feature",
      "properties": {
        "name": "STUART",
        "street_key": "STUART"
      },
      "geometry": {
        "type": "Point",
        "coordinates": [
          -78.61868084978097,
          38.414598081976315
        ]
      }
    },
    {
      "type": "Feature",
      "properties": {
        "name": "STUART",
        "street_key": "STUART"
      },
      "geometry": {
        "type": "Point",
        "coordinates": [
          -78.61877781921709,
          38.40590513965253
        ]
      }
    },
    {
      "type": "Feature",
      "properties": {
        "name": "SPOTSWOOD",
        "street_key": "SPOTSWOOD"
      },
      "geometry": {
        "type": "Point",
        "coordinates": [
          -78.6572674315669,
          38.402908394517326
        ]
      }
    },
    {
      "type": "Feature",
      "properties": {
        "name": "EAST SIDE",
        "street_key": "EAST SIDE"
      },
      "geometry": {
        "type": "Point",
        "coordinates": [
          -78.61898124498266,
          38.40380767534121
        ]
      }
    },
    {
      "type": "Feature",
      "properties": {
        "name": "EAST SIDE",
        "street_key": "EAST SIDE"
      },
      "geometry": {
        "type": "Point",
        "coordinates": [
          -78.61859487781297,
          38.4204113341394
        ]
      }
    },
    {
      "type": "Feature",
      "properties": {
        "name": "OLD SPOTSWOOD",
        "street_key": "OLD SPOTSWOOD"
      },
      "geometry": {
        "type": "Point",
        "coordinates": [
          -78.64700256116383,
          38.406963951341616
        ]
      }
    },
    {
      "type": "Feature",
      "properties": {
        "name": "EAST SIDE",
        "street_key": "EAST SIDE"
      },
      "geometry": {
        "type": "Point",
        "coordinates": [
          -78.61922830652632,
          38.403226620877135
        ]
      }
    },
    {
      "type": "Feature",
      "properties": {
        "name": "EAST SIDE",
        "street_key": "EAST SIDE"
      },
      "geometry": {
        "type": "Point",
        "coordinates": [
          -78.61882037964698,
          38.40420662506827
        ]
      }
    },
    {
      "type": "Feature",
      "properties": {
        "name": "EAST SIDE",
        "street_key": "EAST SIDE"
      },
      "geometry": {
        "type": "Point",
        "coordinates": [
          -78.6173347253683,
          38.42898656230569
        ]
      }
    },
    {
      "type": "Feature",
      "properties": {
        "name": "SPOTSWOOD",
        "street_key": "SPOTSWOOD"
      },
      "geometry": {
        "type": "Point",
        "coordinates": [
          -78.64877442284813,
          38.406001145313105
        ]
      }
    },
    {
      "type": "Feature",
      "properties": {
        "name": "OLD SPOTSWOOD",
        "street_key": "OLD SPOTSWOOD"
      },
      "geometry": {
        "type": "Point",
        "coordinates": [
          -78.64029404578582,
          38.4092998718638
        ]
      }
    },
    {
      "type": "Feature",
      "properties": {
        "name": "SPOTSWOOD",
        "street_key": "SPOTSWOOD"
      },
      "geometry": {
        "type": "Point",
        "coordinates": [
          -78.64878984031283,
          38.406176597425116
        ]
      }
    },
    {
      "type": "Feature",
      "properties": {
        "name": "EAST SIDE",
        "street_key": "EAST SIDE"
      },
      "geometry": {
        "type": "Point",
        "coordinates": [
          -78.6193412697466,
          38.40325744160246
        ]
      }
    },
    {
      "type": "Feature",
      "properties": {
        "name": "SPOTSWOOD",
        "street_key": "SPOTSWOOD"
      },
      "geometry": {
        "type": "Point",
        "coordinates": [
          -78.6170513490263,
          38.40503275614723
        ]
      }
    },
    {
      "type": "Feature",
      "properties": {
        "name": "EAST SIDE",
        "street_key": "EAST SIDE"
      },
      "geometry": {
        "type": "Point",
        "coordinates": [
          -78.62000743251235,
          38.40149799862701
        ]
      }
    },
    {
      "type": "Feature",
      "properties": {
        "name": "SPOTSWOOD",
        "street_key": "SPOTSWOOD"
      },
      "geometry": {
        "type": "Point",
        "coordinates": [
          -78.65310341488541,
          38.404643950934506
        ]
      }
    },
    {
      "type": "Feature",
      "properties": {
        "name": "EAST SIDE",
        "street_key": "EAST SIDE"
      },
      "geometry": {
        "type": "Point",
        "coordinates": [
          -78.61883265612812,
          38.40483256884631
        ]
      }
    },
    {
      "type": "Feature",
      "properties": {
        "name": "SPOTSWOOD",
        "street_key": "SPOTSWOOD"
      },
      "geometry": {
        "type": "Point",
        "coordinates": [
          -78.61700193157156,
          38.405208121931686
        ]
      }
    },
    {
      "type": "Feature",
      "properties": {
        "name": "EAST SIDE",
        "street_key": "EAST SIDE"
      },
      "geometry": {
        "type": "Point",
        "coordinates": [
          -78.61813430456039,
          38.45684948294612
        ]
      }
    },
    {
      "type": "Feature",
      "properties": {
        "name": "SPOTSWOOD",
        "street_key": "SPOTSWOOD"
      },
      "geometry": {
        "type": "Point",
        "coordinates": [
          -78.66257782375511,
          38.40138684695073
        ]
      }
    },
    {
      "type": "Feature",
      "properties": {
        "name": "SPOTSWOOD",
        "street_key": "SPOTSWOOD"
      },
      "geometry": {
        "type": "Point",
        "coordinates": [
          -78.66208143692438,
          38.40171152162948
        ]
      }
    },
    {
      "type": "Feature",
      "properties": {
        "name": "SPOTSWOOD",
        "street_key": "SPOTSWOOD"
      },
      "geometry": {
        "type": "Point",
        "coordinates": [
          -78.62193467908911,
          38.4054524095992
        ]
      }
    },
    {
      "type": "Feature",
      "properties": {
        "name": "STUART",
        "street_key": "STUART"
      },
      "geometry": {
        "type": "Point",
        "coordinates": [
          -78.61879514517999,
          38.40629388969713
        ]
      }
    },
    {
      "type": "Feature",
      "properties": {
        "name": "EAST SIDE",
        "street_key": "EAST SIDE"
      },
      "geometry": {
        "type": "Point",
        "coordinates": [
          -78.6176395180228,
          38.46440810336003
        ]
      }
    },
    {
      "type": "Feature",
      "properties": {
        "name": "STUART",
        "street_key": "STUART"
      },
      "geometry": {
        "type": "Point",
        "coordinates": [
          -78.6187725528433,
          38.405451830639805
        ]
      }
    },
    {
      "type": "Feature",
      "properties": {
        "name": "SPOTSWOOD",
        "street_key": "SPOTSWOOD"
      },
      "geometry": {
        "type": "Point",
        "coordinates": [
          -78.61271777462562,
          38.4042838928668
        ]
      }
    },
    {
      "type": "Feature",
      "properties": {
        "name": "SPOTSWOOD",
        "street_key": "SPOTSWOOD"
      },
      "geometry": {
        "type": "Point",
        "coordinates": [
          -78.61261622750526,
          38.40451016298087
        ]
      }
    },
    {
      "type": "Feature",
      "properties": {
        "name": "SPOTSWOOD",
        "street_key": "SPOTSWOOD"
      },
      "geometry": {
        "type": "Point",
        "coordinates": [
          -78.65738580138358,
          38.4030594307986
        ]
      }
    },
    {
      "type": "Feature",
      "properties": {
        "name": "EAST SIDE",
        "street_key": "EAST SIDE"
      },
      "geometry": {
        "type": "Point",
        "coordinates": [
          -78.61967466604966,
          38.40228048192006
        ]
      }
    },
    {
      "type": "Feature",
      "properties": {
        "name": "SPOTSWOOD",
        "street_key": "SPOTSWOOD"
      },
      "geometry": {
        "type": "Point",
        "coordinates": [
          -78.62194604575642,
          38.40527651363384
        ]
      }
    },
    {
      "type": "Feature",
      "properties": {
        "name": "FIFTH",
        "street_key": "FIFTH"
      },
      "geometry": {
        "type": "Point",
        "coordinates": [
          -78.62216806994499,
          38.49537759622484
        ]
      }
    },
    {
      "type": "Feature",
      "properties": {
        "name": "US HWY 340",
        "street_key": "US HWY 340"
      },
      "geometry": {
        "type": "Point",
        "coordinates": [
          -78.62429183920587,
          38.50945826524503
        ]
      }
    },
    {
      "type": "Feature",
      "properties": {
        "name": "US HWY 340",
        "street_key": "US HWY 340"
      },
      "geometry": {
        "type": "Point",
        "coordinates": [
          -78.61379789751322,
          38.52668906565426
        ]
      }
    },
    {
      "type": "Feature",
      "properties": {
        "name": "FOURTH",
        "street_key": "FOURTH"
      },
      "geometry": {
        "type": "Point",
        "coordinates": [
          -78.62023730346968,
          38.4847705151206
        ]
      }
    },
    {
      "type": "Feature",
      "properties": {
        "name": "FOURTH",
        "street_key": "FOURTH"
      },
      "geometry": {
        "type": "Point",
        "coordinates": [
          -78.62369107296252,
          38.488365111643674
        ]
      }
    },
    {
      "type": "Feature",
      "properties": {
        "name": "FOURTH",
        "street_key": "FOURTH"
      },
      "geometry": {
        "type": "Point",
        "coordinates": [
          -78.62130925165347,
          38.485887454083276
        ]
      }
    },
    {
      "type": "Feature",
      "properties": {
        "name": "THIRD",
        "street_key": "THIRD"
      },
      "geometry": {
        "type": "Point",
        "coordinates": [
          -78.61412568132391,
          38.47931298677881
        ]
      }
    },
    {
      "type": "Feature",
      "properties": {
        "name": "FIFTH",
        "street_key": "FIFTH"
      },
      "geometry": {
        "type": "Point",
        "coordinates": [
          -78.62241565887442,
          38.50001619574351
        ]
      }
    },
    {
      "type": "Feature",
      "properties": {
        "name": "US HWY 340",
        "street_key": "US HWY 340"
      },
      "geometry": {
        "type": "Point",
        "coordinates": [
          -78.62211350108124,
          38.50238494076444
        ]
      }
    },
    {
      "type": "Feature",
      "properties": {
        "name": "THIRD",
        "street_key": "THIRD"
      },
      "geometry": {
        "type": "Point",
        "coordinates": [
          -78.61516715324727,
          38.480267976836565
        ]
      }
    },
    {
      "type": "Feature",
      "properties": {
        "name": "FIFTH",
        "street_key": "FIFTH"
      },
      "geometry": {
        "type": "Point",
        "coordinates": [
          -78.62205471332112,
          38.49378257365711
        ]
      }
    },
    {
      "type": "Feature",
      "properties": {
        "name": "FOURTH",
        "street_key": "FOURTH"
      },
      "geometry": {
        "type": "Point",
        "coordinates": [
          -78.62288830272657,
          38.48754175423734
        ]
      }
    },
    {
      "type": "Feature",
      "properties": {
        "name": "THIRD",
        "street_key": "THIRD"
      },
      "geometry": {
        "type": "Point",
        "coordinates": [
          -78.61331913314969,
          38.478480271698395
        ]
      }
    },
    {
      "type": "Feature",
      "properties": {
        "name": "FOURTH",
        "street_key": "FOURTH"
      },
      "geometry": {
        "type": "Point",
        "coordinates": [
          -78.62390611880649,
          38.48913334305685
        ]
      }
    },
    {
      "type": "Feature",
      "properties": {
        "name": "THIRD",
        "street_key": "THIRD"
      },
      "geometry": {
        "type": "Point",
        "coordinates": [
          -78.61251844935671,
          38.47765054383945
        ]
      }
    },
    {
      "type": "Feature",
      "properties": {
        "name": "FOURTH",
        "street_key": "FOURTH"
      },
      "geometry": {
        "type": "Point",
        "coordinates": [
          -78.62300520364589,
          38.490770333529255
        ]
      }
    },
    {
      "type": "Feature",
      "properties": {
        "name": "FIFTH",
        "street_key": "FIFTH"
      },
      "geometry": {
        "type": "Point",
        "coordinates": [
          -78.62239548081814,
          38.49226006891551
        ]
      }
    },
    {
      "type": "Feature",
      "properties": {
        "name": "US HWY 340",
        "street_key": "US HWY 340"
      },
      "geometry": {
        "type": "Point",
        "coordinates": [
          -78.61114773699617,
          38.539573088853125
        ]
      }
    },
    {
      "type": "Feature",
      "properties": {
        "name": "US HWY 340",
        "street_key": "US HWY 340"
      },
      "geometry": {
        "type": "Point",
        "coordinates": [
          -78.61640611373377,
          38.521371584538755
        ]
      }
    },
    {
      "type": "Feature",
      "properties": {
        "name": "US HWY 340",
        "street_key": "US HWY 340"
      },
      "geometry": {
        "type": "Point",
        "coordinates": [
          -78.61138500849145,
          38.531027916858164
        ]
      }
    },
    {
      "type": "Feature",
      "properties": {
        "name": "US HWY 340",
        "street_key": "US HWY 340"
      },
      "geometry": {
        "type": "Point",
        "coordinates": [
          -78.61164305842001,
          38.53550495805973
        ]
      }
    },
    {
      "type": "Feature",
      "properties": {
        "name": "US HWY 340",
        "street_key": "US HWY 340"
      },
      "geometry": {
        "type": "Point",
        "coordinates": [
          -78.61808029015405,
          38.514563476248775
        ]
      }
    },
    {
      "type": "Feature",
      "properties": {
        "name": "US HWY 340",
        "street_key": "US HWY 340"
      },
      "geometry": {
        "type": "Point",
        "coordinates": [
          -78.62144950397627,
          38.51221397560436
        ]
      }
    },
    {
      "type": "Feature",
      "properties": {
        "name": "US HWY 340",
        "street_key": "US HWY 340"
      },
      "geometry": {
        "type": "Point",
        "coordinates": [
          -78.61149432494085,
          38.538356381921545
        ]
      }
    },
    {
      "type": "Feature",
      "properties": {
        "name": "US HWY 340",
        "street_key": "US HWY 340"
      },
      "geometry": {
        "type": "Point",
        "coordinates": [
          -78.6109159432487,
          38.54031268856827
        ]
      }
    },
    {
      "type": "Feature",
      "properties": {
        "name": "US HWY 340",
        "street_key": "US HWY 340"
      },
      "geometry": {
        "type": "Point",
        "coordinates": [
          -78.61706669491836,
          38.516477724074456
        ]
      }
    },
    {
      "type": "Feature",
      "properties": {
        "name": "US HWY 340",
        "street_key": "US HWY 340"
      },
      "geometry": {
        "type": "Point",
        "coordinates": [
          -78.61523059021715,
          38.523363348578144
        ]
      }
    },
    {
      "type": "Feature",
      "properties": {
        "name": "US HWY 340",
        "street_key": "US HWY 340"
      },
      "geometry": {
        "type": "Point",
        "coordinates": [
          -78.61671716451741,
          38.51857805523194
        ]
      }
    },
    {
      "type": "Feature",
      "properties": {
        "name": "FIFTH",
        "street_key": "FIFTH"
      },
      "geometry": {
        "type": "Point",
        "coordinates": [
          -78.62292979872811,
          38.498195139478526
        ]
      }
    },
    {
      "type": "Feature",
      "properties": {
        "name": "FOURTH",
        "street_key": "FOURTH"
      },
      "geometry": {
        "type": "Point",
        "coordinates": [
          -78.61649823634052,
          38.48140192434236
        ]
      }
    },
    {
      "type": "Feature",
      "properties": {
        "name": "MAIN",
        "street_key": "MAIN"
      },
      "geometry": {
        "type": "Point",
        "coordinates": [
          -78.50482134572444,
          38.57576052818646
        ]
      }
    },
    {
      "type": "Feature",
      "properties": {
        "name": "US HWY 340",
        "street_key": "US HWY 340"
      },
      "geometry": {
        "type": "Point",
        "coordinates": [
          -78.60625654310263,
          38.55443831393619
        ]
      }
    },
    {
      "type": "Feature",
      "properties": {
        "name": "US HWY 340",
        "street_key": "US HWY 340"
      },
      "geometry": {
        "type": "Point",
        "coordinates": [
          -78.59577813625052,
          38.57165930859124
        ]
      }
    },
    {
      "type": "Feature",
      "properties": {
        "name": "US HWY 340",
        "street_key": "US HWY 340"
      },
      "geometry": {
        "type": "Point",
        "coordinates": [
          -78.60633116882717,
          38.55870550599125
        ]
      }
    },
    {
      "type": "Feature",
      "properties": {
        "name": "US HWY 340",
        "street_key": "US HWY 340"
      },
      "geometry": {
        "type": "Point",
        "coordinates": [
          -78.60468435294005,
          38.56073740173071
        ]
      }
    },
    {
      "type": "Feature",
      "properties": {
        "name": "US HWY 340",
        "street_key": "US HWY 340"
      },
      "geometry": {
        "type": "Point",
        "coordinates": [
          -78.60235179605189,
          38.56361537349478
        ]
      }
    },
    {
      "type": "Feature",
      "properties": {
        "name": "MAIN",
        "street_key": "MAIN"
      },
      "geometry": {
        "type": "Point",
        "coordinates": [
          -78.50397192999027,
          38.57559253362732
        ]
      }
    },
    {
      "type": "Feature",
      "properties": {
        "name": "MAIN",
        "street_key": "MAIN"
      },
      "geometry": {
        "type": "Point",
        "coordinates": [
          -78.50253316677511,
          38.57530876284847
        ]
      }
    },
    {
      "type": "Feature",
      "properties": {
        "name": "MAIN",
        "street_key": "MAIN"
      },
      "geometry": {
        "type": "Point",
        "coordinates": [
          -78.50276049751787,
          38.57535357327187
        ]
      }
    },
    {
      "type": "Feature",
      "properties": {
        "name": "MAIN",
        "street_key": "MAIN"
      },
      "geometry": {
        "type": "Point",
        "coordinates": [
          -78.5018096352812,
          38.575166882812795
        ]
      }
    },
    {
      "type": "Feature",
      "properties": {
        "name": "MAIN",
        "street_key": "MAIN"
      },
      "geometry": {
        "type": "Point",
        "coordinates": [
          -78.52132161894026,
          38.57984673355078
        ]
      }
    },
    {
      "type": "Feature",
      "properties": {
        "name": "MAIN",
        "street_key": "MAIN"
      },
      "geometry": {
        "type": "Point",
        "coordinates": [
          -78.5199589544278,
          38.579231194157984
        ]
      }
    },
    {
      "type": "Feature",
      "properties": {
        "name": "MAIN",
        "street_key": "MAIN"
      },
      "geometry": {
        "type": "Point",
        "coordinates": [
          -78.51441438981287,
          38.57692431761875
        ]
      }
    },
    {
      "type": "Feature",
      "properties": {
        "name": "MAIN",
        "street_key": "MAIN"
      },
      "geometry": {
        "type": "Point",
        "coordinates": [
          -78.50866084152716,
          38.57625260311053
        ]
      }
    },
    {
      "type": "Feature",
      "properties": {
        "name": "MAIN",
        "street_key": "MAIN"
      },
      "geometry": {
        "type": "Point",
        "coordinates": [
          -78.50954004548478,
          38.57630150928243
        ]
      }
    },
    {
      "type": "Feature",
      "properties": {
        "name": "MAIN",
        "street_key": "MAIN"
      },
      "geometry": {
        "type": "Point",
        "coordinates": [
          -78.50323015336724,
          38.57544614237332
        ]
      }
    },
    {
      "type": "Feature",
      "properties": {
        "name": "MAIN",
        "street_key": "MAIN"
      },
      "geometry": {
        "type": "Point",
        "coordinates": [
          -78.51106438261878,
          38.57649272787914
        ]
      }
    },
    {
      "type": "Feature",
      "properties": {
        "name": "MAIN",
        "street_key": "MAIN"
      },
      "geometry": {
        "type": "Point",
        "coordinates": [
          -78.51887149884074,
          38.57860463040611
        ]
      }
    },
    {
      "type": "Feature",
      "properties": {
        "name": "MAIN",
        "street_key": "MAIN"
      },
      "geometry": {
        "type": "Point",
        "coordinates": [
          -78.51686343277264,
          38.57734614388405
        ]
      }
    },
    {
      "type": "Feature",
      "properties": {
        "name": "MAIN",
        "street_key": "MAIN"
      },
      "geometry": {
        "type": "Point",
        "coordinates": [
          -78.51735394147295,
          38.57763744858796
        ]
      }
    },
    {
      "type": "Feature",
      "properties": {
        "name": "MAIN",
        "street_key": "MAIN"
      },
      "geometry": {
        "type": "Point",
        "coordinates": [
          -78.50617118747786,
          38.57603766961704
        ]
      }
    },
    {
      "type": "Feature",
      "properties": {
        "name": "MAIN",
        "street_key": "MAIN"
      },
      "geometry": {
        "type": "Point",
        "coordinates": [
          -78.51795320848188,
          38.57801745107949
        ]
      }
    },
    {
      "type": "Feature",
      "properties": {
        "name": "US HWY 340",
        "street_key": "US HWY 340"
      },
      "geometry": {
        "type": "Point",
        "coordinates": [
          -78.60645558612214,
          38.55690006726397
        ]
      }
    },
    {
      "type": "Feature",
      "properties": {
        "name": "MAIN",
        "street_key": "MAIN"
      },
      "geometry": {
        "type": "Point",
        "coordinates": [
          -78.50006672248757,
          38.57482082397325
        ]
      }
    },
    {
      "type": "Feature",
      "properties": {
        "name": "MAIN",
        "street_key": "MAIN"
      },
      "geometry": {
        "type": "Point",
        "coordinates": [
          -78.4951253893776,
          38.57359592529362
        ]
      }
    },
    {
      "type": "Feature",
      "properties": {
        "name": "MAIN",
        "street_key": "MAIN"
      },
      "geometry": {
        "type": "Point",
        "coordinates": [
          -78.49822924983624,
          38.57446614417599
        ]
      }
    },
    {
      "type": "Feature",
      "properties": {
        "name": "MAIN",
        "street_key": "MAIN"
      },
      "geometry": {
        "type": "Point",
        "coordinates": [
          -78.49701954008873,
          38.57383006123298
        ]
      }
    },
    {
      "type": "Feature",
      "properties": {
        "name": "MAIN",
        "street_key": "MAIN"
      },
      "geometry": {
        "type": "Point",
        "coordinates": [
          -78.49195997025086,
          38.57700687190846
        ]
      }
    },
    {
      "type": "Feature",
      "properties": {
        "name": "SPOTSWOOD",
        "street_key": "SPOTSWOOD"
      },
      "geometry": {
        "type": "Point",
        "coordinates": [
          -78.60960626305042,
          38.403532086066846
        ]
      }
    },
    {
      "type": "Feature",
      "properties": {
        "name": "SPOTSWOOD",
        "street_key": "SPOTSWOOD"
      },
      "geometry": {
        "type": "Point",
        "coordinates": [
          -78.6057026707016,
          38.40201050951966
        ]
      }
    },
    {
      "type": "Feature",
      "properties": {
        "name": "SPOTSWOOD",
        "street_key": "SPOTSWOOD"
      },
      "geometry": {
        "type": "Point",
        "coordinates": [
          -78.60553642132125,
          38.40221412486978
        ]
      }
    },
    {
      "type": "Feature",
      "properties": {
        "name": "SKYLINE",
        "street_key": "SKYLINE"
      },
      "geometry": {
        "type": "Point",
        "coordinates": [
          -78.44294616128997,
          38.51666302647344
        ]
      }
    },
    {
      "type": "Feature",
      "properties": {
        "name": "SKYLINE",
        "street_key": "SKYLINE"
      },
      "geometry": {
        "type": "Point",
        "coordinates": [
          -78.42790798764182,
          38.524777847187124
        ]
      }
    },
    {
      "type": "Feature",
      "properties": {
        "name": "SKYLINE",
        "street_key": "SKYLINE"
      },
      "geometry": {
        "type": "Point",
        "coordinates": [
          -78.43949060830252,
          38.51694209742391
        ]
      }
    },
    {
      "type": "Feature",
      "properties": {
        "name": "SKYLINE",
        "street_key": "SKYLINE"
      },
      "geometry": {
        "type": "Point",
        "coordinates": [
          -78.43700741571801,
          38.5171209821682
        ]
      }
    },
    {
      "type": "Feature",
      "properties": {
        "name": "SKYLINE",
        "street_key": "SKYLINE"
      },
      "geometry": {
        "type": "Point",
        "coordinates": [
          -78.41425997511567,
          38.5413396817589
        ]
      }
    },
    {
      "type": "Feature",
      "properties": {
        "name": "SKYLINE",
        "street_key": "SKYLINE"
      },
      "geometry": {
        "type": "Point",
        "coordinates": [
          -78.39098339349259,
          38.545343191463665
        ]
      }
    },
    {
      "type": "Feature",
      "properties": {
        "name": "BLUE RIDGE",
        "street_key": "BLUE RIDGE"
      },
      "geometry": {
        "type": "Point",
        "coordinates": [
          -78.27393330918795,
          38.44571674032223
        ]
      }
    },
    {
      "type": "Feature",
      "properties": {
        "name": "F T VALLEY",
        "street_key": "F T VALLEY"
      },
      "geometry": {
        "type": "Point",
        "coordinates": [
          -78.28586700915497,
          38.47135611366072
        ]
      }
    },
    {
      "type": "Feature",
      "properties": {
        "name": "BLUE RIDGE",
        "street_key": "BLUE RIDGE"
      },
      "geometry": {
        "type": "Point",
        "coordinates": [
          -78.2770862752147,
          38.448208767686154
        ]
      }
    },
    {
      "type": "Feature",
      "properties": {
        "name": "F T VALLEY",
        "street_key": "F T VALLEY"
      },
      "geometry": {
        "type": "Point",
        "coordinates": [
          -78.26711948920641,
          38.51744924646772
        ]
      }
    },
    {
      "type": "Feature",
      "properties": {
        "name": "BLUE RIDGE",
        "street_key": "BLUE RIDGE"
      },
      "geometry": {
        "type": "Point",
        "coordinates": [
          -78.2676103016844,
          38.43271697733616
        ]
      }
    },
    {
      "type": "Feature",
      "properties": {
        "name": "BLUE RIDGE",
        "street_key": "BLUE RIDGE"
      },
      "geometry": {
        "type": "Point",
        "coordinates": [
          -78.2822424285432,
          38.45125840669373
        ]
      }
    },
    {
      "type": "Feature",
      "properties": {
        "name": "SKYLINE",
        "street_key": "SKYLINE"
      },
      "geometry": {
        "type": "Point",
        "coordinates": [
          -78.4503997415039,
          38.494171586148745
        ]
      }
    },
    {
      "type": "Feature",
      "properties": {
        "name": "BLUE RIDGE",
        "street_key": "BLUE RIDGE"
      },
      "geometry": {
        "type": "Point",
        "coordinates": [
          -78.26829111692656,
          38.44010078025388
        ]
      }
    },
    {
      "type": "Feature",
      "properties": {
        "name": "F T VALLEY",
        "street_key": "F T VALLEY"
      },
      "geometry": {
        "type": "Point",
        "coordinates": [
          -78.28635367546698,
          38.45385150531015
        ]
      }
    },
    {
      "type": "Feature",
      "properties": {
        "name": "BLUE RIDGE",
        "street_key": "BLUE RIDGE"
      },
      "geometry": {
        "type": "Point",
        "coordinates": [
          -78.26228199218943,
          38.42037517853759
        ]
      }
    },
    {
      "type": "Feature",
      "properties": {
        "name": "F T VALLEY",
        "street_key": "F T VALLEY"
      },
      "geometry": {
        "type": "Point",
        "coordinates": [
          -78.28264147799408,
          38.48817388561631
        ]
      }
    },
    {
      "type": "Feature",
      "properties": {
        "name": "SKYLINE",
        "street_key": "SKYLINE"
      },
      "geometry": {
        "type": "Point",
        "coordinates": [
          -78.2933863488297,
          38.75135869586333
        ]
      }
    },
    {
      "type": "Feature",
      "properties": {
        "name": "SKYLINE DR",
        "street_key": "SKYLINE DR"
      },
      "geometry": {
        "type": "Point",
        "coordinates": [
          -78.28446771233794,
          38.756121225128645
        ]
      }
    },
    {
      "type": "Feature",
      "properties": {
        "name": "US HWY 211",
        "street_key": "US HWY 211"
      },
      "geometry": {
        "type": "Point",
        "coordinates": [
          -78.33653832653341,
          38.65753457031557
        ]
      }
    },
    {
      "type": "Feature",
      "properties": {
        "name": "SKYLINE DR",
        "street_key": "SKYLINE DR"
      },
      "geometry": {
        "type": "Point",
        "coordinates": [
          -78.24468615513905,
          38.76340806950018
        ]
      }
    },
    {
      "type": "Feature",
      "properties": {
        "name": "SKYLINE",
        "street_key": "SKYLINE"
      },
      "geometry": {
        "type": "Point",
        "coordinates": [
          -78.31957876963072,
          38.70558579234644
        ]
      }
    },
    {
      "type": "Feature",
      "properties": {
        "name": "SKYLINE",
        "street_key": "SKYLINE"
      },
      "geometry": {
        "type": "Point",
        "coordinates": [
          -78.30470665708856,
          38.75069639964587
        ]
      }
    },
    {
      "type": "Feature",
      "properties": {
        "name": "SKYLINE",
        "street_key": "SKYLINE"
      },
      "geometry": {
        "type": "Point",
        "coordinates": [
          -78.30890966946178,
          38.73815941198538
        ]
      }
    },
    {
      "type": "Feature",
      "properties": {
        "name": "SKYLINE",
        "street_key": "SKYLINE"
      },
      "geometry": {
        "type": "Point",
        "coordinates": [
          -78.31160567751596,
          38.73799309767402
        ]
      }
    },
    {
      "type": "Feature",
      "properties": {
        "name": "MAIN",
        "street_key": "MAIN"
      },
      "geometry": {
        "type": "Point",
        "coordinates": [
          -78.45362470906767,
          38.66542129434164
        ]
      }
    },
    {
      "type": "Feature",
      "properties": {
        "name": "MAIN",
        "street_key": "MAIN"
      },
      "geometry": {
        "type": "Point",
        "coordinates": [
          -78.45301005149774,
          38.6654132832185
        ]
      }
    },
    {
      "type": "Feature",
      "properties": {
        "name": "US HWY 340",
        "street_key": "US HWY 340"
      },
      "geometry": {
        "type": "Point",
        "coordinates": [
          -78.45611472571669,
          38.67142014151064
        ]
      }
    },
    {
      "type": "Feature",
      "properties": {
        "name": "US HWY 340",
        "street_key": "US HWY 340"
      },
      "geometry": {
        "type": "Point",
        "coordinates": [
          -78.45512668589689,
          38.67751534646219
        ]
      }
    },
    {
      "type": "Feature",
      "properties": {
        "name": "MAIN",
        "street_key": "MAIN"
      },
      "geometry": {
        "type": "Point",
        "coordinates": [
          -78.42788825134919,
          38.669596480677214
        ]
      }
    },
    {
      "type": "Feature",
      "properties": {
        "name": "MAIN",
        "street_key": "MAIN"
      },
      "geometry": {
        "type": "Point",
        "coordinates": [
          -78.42788734477908,
          38.669479697035946
        ]
      }
    },
    {
      "type": "Feature",
      "properties": {
        "name": "US HWY 340",
        "street_key": "US HWY 340"
      },
      "geometry": {
        "type": "Point",
        "coordinates": [
          -78.45771335505322,
          38.66982438211822
        ]
      }
    },
    {
      "type": "Feature",
      "properties": {
        "name": "US HWY 340",
        "street_key": "US HWY 340"
      },
      "geometry": {
        "type": "Point",
        "coordinates": [
          -78.45726131258456,
          38.67024587761203
        ]
      }
    },
    {
      "type": "Feature",
      "properties": {
        "name": "MAIN",
        "street_key": "MAIN"
      },
      "geometry": {
        "type": "Point",
        "coordinates": [
          -78.45425935827168,
          38.66543095189748
        ]
      }
    },
    {
      "type": "Feature",
      "properties": {
        "name": "MAIN",
        "street_key": "MAIN"
      },
      "geometry": {
        "type": "Point",
        "coordinates": [
          -78.45494474334701,
          38.665443894133
        ]
      }
    },
    {
      "type": "Feature",
      "properties": {
        "name": "MAIN",
        "street_key": "MAIN"
      },
      "geometry": {
        "type": "Point",
        "coordinates": [
          -78.46158586902035,
          38.66554048359455
        ]
      }
    },
    {
      "type": "Feature",
      "properties": {
        "name": "MAIN",
        "street_key": "MAIN"
      },
      "geometry": {
        "type": "Point",
        "coordinates": [
          -78.4604773890515,
          38.66552698903297
        ]
      }
    },
    {
      "type": "Feature",
      "properties": {
        "name": "MAIN",
        "street_key": "MAIN"
      },
      "geometry": {
        "type": "Point",
        "coordinates": [
          -78.44593667033466,
          38.666110015527074
        ]
      }
    },
    {
      "type": "Feature",
      "properties": {
        "name": "MAIN",
        "street_key": "MAIN"
      },
      "geometry": {
        "type": "Point",
        "coordinates": [
          -78.45641517903677,
          38.66547085782158
        ]
      }
    },
    {
      "type": "Feature",
      "properties": {
        "name": "MAIN",
        "street_key": "MAIN"
      },
      "geometry": {
        "type": "Point",
        "coordinates": [
          -78.47304402384408,
          38.664633192889234
        ]
      }
    },
    {
      "type": "Feature",
      "properties": {
        "name": "MAIN",
        "street_key": "MAIN"
      },
      "geometry": {
        "type": "Point",
        "coordinates": [
          -78.44353734078963,
          38.66677790417383
        ]
      }
    },
    {
      "type": "Feature",
      "properties": {
        "name": "US HWY 211 E BSN",
        "street_key": "US HWY 211 E BSN"
      },
      "geometry": {
        "type": "Point",
        "coordinates": [
          -78.42471541280436,
          38.66962792546576
        ]
      }
    },
    {
      "type": "Feature",
      "properties": {
        "name": "VIRGINIA",
        "street_key": "VIRGINIA"
      },
      "geometry": {
        "type": "Point",
        "coordinates": [
          -78.46318790094372,
          38.6549395474031
        ]
      }
    },
    {
      "type": "Feature",
      "properties": {
        "name": "MAIN",
        "street_key": "MAIN"
      },
      "geometry": {
        "type": "Point",
        "coordinates": [
          -78.46979354697024,
          38.66530535976057
        ]
      }
    },
    {
      "type": "Feature",
      "properties": {
        "name": "MAIN",
        "street_key": "MAIN"
      },
      "geometry": {
        "type": "Point",
        "coordinates": [
          -78.46736013180016,
          38.66560843163909
        ]
      }
    },
    {
      "type": "Feature",
      "properties": {
        "name": "MAIN",
        "street_key": "MAIN"
      },
      "geometry": {
        "type": "Point",
        "coordinates": [
          -78.44499604699092,
          38.666371651459286
        ]
      }
    },
    {
      "type": "Feature",
      "properties": {
        "name": "US HWY 211 E BSN",
        "street_key": "US HWY 211 E BSN"
      },
      "geometry": {
        "type": "Point",
        "coordinates": [
          -78.41829491667163,
          38.67159884934085
        ]
      }
    },
    {
      "type": "Feature",
      "properties": {
        "name": "US HWY 211 E BSN",
        "street_key": "US HWY 211 E BSN"
      },
      "geometry": {
        "type": "Point",
        "coordinates": [
          -78.41903996439488,
          38.67082488332729
        ]
      }
    },
    {
      "type": "Feature",
      "properties": {
        "name": "MAIN",
        "street_key": "MAIN"
      },
      "geometry": {
        "type": "Point",
        "coordinates": [
          -78.4588921439515,
          38.66550639193303
        ]
      }
    },
    {
      "type": "Feature",
      "properties": {
        "name": "US HWY 211",
        "street_key": "US HWY 211"
      },
      "geometry": {
        "type": "Point",
        "coordinates": [
          -78.37258569813739,
          38.66275706199194
        ]
      }
    },
    {
      "type": "Feature",
      "properties": {
        "name": "US HWY 211",
        "street_key": "US HWY 211"
      },
      "geometry": {
        "type": "Point",
        "coordinates": [
          -78.37267460393456,
          38.66271557123183
        ]
      }
    },
    {
      "type": "Feature",
      "properties": {
        "name": "MAIN",
        "street_key": "MAIN"
      },
      "geometry": {
        "type": "Point",
        "coordinates": [
          -78.44155433633397,
          38.66732807640711
        ]
      }
    },
    {
      "type": "Feature",
      "properties": {
        "name": "US HWY 211 E BSN",
        "street_key": "US HWY 211 E BSN"
      },
      "geometry": {
        "type": "Point",
        "coordinates": [
          -78.41785582773112,
          38.67198906619784
        ]
      }
    },
    {
      "type": "Feature",
      "properties": {
        "name": "BROAD",
        "street_key": "BROAD"
      },
      "geometry": {
        "type": "Point",
        "coordinates": [
          -78.46008571667888,
          38.665862539777216
        ]
      }
    },
    {
      "type": "Feature",
      "properties": {
        "name": "MAIN",
        "street_key": "MAIN"
      },
      "geometry": {
        "type": "Point",
        "coordinates": [
          -78.47438084014924,
          38.66436156277204
        ]
      }
    },
    {
      "type": "Feature",
      "properties": {
        "name": "MAIN",
        "street_key": "MAIN"
      },
      "geometry": {
        "type": "Point",
        "coordinates": [
          -78.43730336626867,
          38.66850673575252
        ]
      }
    },
    {
      "type": "Feature",
      "properties": {
        "name": "US HWY 211",
        "street_key": "US HWY 211"
      },
      "geometry": {
        "type": "Point",
        "coordinates": [
          -78.45960686160652,
          38.67272443231478
        ]
      }
    },
    {
      "type": "Feature",
      "properties": {
        "name": "MAIN",
        "street_key": "MAIN"
      },
      "geometry": {
        "type": "Point",
        "coordinates": [
          -78.45385604025667,
          38.66542551762378
        ]
      }
    },
    {
      "type": "Feature",
      "properties": {
        "name": "US HWY 340",
        "street_key": "US HWY 340"
      },
      "geometry": {
        "type": "Point",
        "coordinates": [
          -78.45518651336056,
          38.67573974088233
        ]
      }
    },
    {
      "type": "Feature",
      "properties": {
        "name": "MAIN",
        "street_key": "MAIN"
      },
      "geometry": {
        "type": "Point",
        "coordinates": [
          -78.45073011933404,
          38.66537996951909
        ]
      }
    },
    {
      "type": "Feature",
      "properties": {
        "name": "US HWY 211",
        "street_key": "US HWY 211"
      },
      "geometry": {
        "type": "Point",
        "coordinates": [
          -78.36469881490078,
          38.658868802909595
        ]
      }
    },
    {
      "type": "Feature",
      "properties": {
        "name": "MAIN",
        "street_key": "MAIN"
      },
      "geometry": {
        "type": "Point",
        "coordinates": [
          -78.43954116879563,
          38.66788449289996
        ]
      }
    },
    {
      "type": "Feature",
      "properties": {
        "name": "MAIN",
        "street_key": "MAIN"
      },
      "geometry": {
        "type": "Point",
        "coordinates": [
          -78.4628690331416,
          38.66555940992695
        ]
      }
    },
    {
      "type": "Feature",
      "properties": {
        "name": "MAIN",
        "street_key": "MAIN"
      },
      "geometry": {
        "type": "Point",
        "coordinates": [
          -78.46529261873141,
          38.66558912330374
        ]
      }
    },
    {
      "type": "Feature",
      "properties": {
        "name": "MAIN",
        "street_key": "MAIN"
      },
      "geometry": {
        "type": "Point",
        "coordinates": [
          -78.46398973402914,
          38.66557534893036
        ]
      }
    },
    {
      "type": "Feature",
      "properties": {
        "name": "MAIN",
        "street_key": "MAIN"
      },
      "geometry": {
        "type": "Point",
        "coordinates": [
          -78.42953528664377,
          38.66955650325871
        ]
      }
    },
    {
      "type": "Feature",
      "properties": {
        "name": "US HWY 211 E BSN",
        "street_key": "US HWY 211 E BSN"
      },
      "geometry": {
        "type": "Point",
        "coordinates": [
          -78.4247130071482,
          38.66950787451795
        ]
      }
    },
    {
      "type": "Feature",
      "properties": {
        "name": "US HWY 211",
        "street_key": "US HWY 211"
      },
      "geometry": {
        "type": "Point",
        "coordinates": [
          -78.41081122692516,
          38.67487142746749
        ]
      }
    },
    {
      "type": "Feature",
      "properties": {
        "name": "US HWY 211 E BSN",
        "street_key": "US HWY 211 E BSN"
      },
      "geometry": {
        "type": "Point",
        "coordinates": [
          -78.4182218771291,
          38.67154835282228
        ]
      }
    },
    {
      "type": "Feature",
      "properties": {
        "name": "US HWY 340",
        "street_key": "US HWY 340"
      },
      "geometry": {
        "type": "Point",
        "coordinates": [
          -78.45626951585876,
          38.67144810201622
        ]
      }
    },
    {
      "type": "Feature",
      "properties": {
        "name": "US HWY 211",
        "street_key": "US HWY 211"
      },
      "geometry": {
        "type": "Point",
        "coordinates": [
          -78.40693232151462,
          38.674521053381966
        ]
      }
    },
    {
      "type": "Feature",
      "properties": {
        "name": "MAIN",
        "street_key": "MAIN"
      },
      "geometry": {
        "type": "Point",
        "coordinates": [
          -78.44775400269354,
          38.6656032418329
        ]
      }
    },
    {
      "type": "Feature",
      "properties": {
        "name": "US HWY 211",
        "street_key": "US HWY 211"
      },
      "geometry": {
        "type": "Point",
        "coordinates": [
          -78.41618543845559,
          38.67546395127785
        ]
      }
    },
    {
      "type": "Feature",
      "properties": {
        "name": "US HWY 340",
        "street_key": "US HWY 340"
      },
      "geometry": {
        "type": "Point",
        "coordinates": [
          -78.45524881709757,
          38.67309580011218
        ]
      }
    },
    {
      "type": "Feature",
      "properties": {
        "name": "US HWY BSN 340",
        "street_key": "US HWY BSN 340"
      },
      "geometry": {
        "type": "Point",
        "coordinates": [
          -78.46985183727176,
          38.64347602236663
        ]
      }
    },
    {
      "type": "Feature",
      "properties": {
        "name": "US HWY 211",
        "street_key": "US HWY 211"
      },
      "geometry": {
        "type": "Point",
        "coordinates": [
          -78.42300929531791,
          38.67621422867977
        ]
      }
    },
    {
      "type": "Feature",
      "properties": {
        "name": "US HWY 211",
        "street_key": "US HWY 211"
      },
      "geometry": {
        "type": "Point",
        "coordinates": [
          -78.45448881407263,
          38.67333473354243
        ]
      }
    },
    {
      "type": "Feature",
      "properties": {
        "name": "US HWY 211",
        "street_key": "US HWY 211"
      },
      "geometry": {
        "type": "Point",
        "coordinates": [
          -78.45959799157981,
          38.6724896473329
        ]
      }
    },
    {
      "type": "Feature",
      "properties": {
        "name": "MAIN",
        "street_key": "MAIN"
      },
      "geometry": {
        "type": "Point",
        "coordinates": [
          -78.44660628746333,
          38.66592106469151
        ]
      }
    },
    {
      "type": "Feature",
      "properties": {
        "name": "US HWY 340",
        "street_key": "US HWY 340"
      },
      "geometry": {
        "type": "Point",
        "coordinates": [
          -78.455395251067,
          38.67310146407413
        ]
      }
    },
    {
      "type": "Feature",
      "properties": {
        "name": "SKYLINE",
        "street_key": "SKYLINE"
      },
      "geometry": {
        "type": "Point",
        "coordinates": [
          -78.37676711687531,
          38.58767978500705
        ]
      }
    },
    {
      "type": "Feature",
      "properties": {
        "name": "MAIN",
        "street_key": "MAIN"
      },
      "geometry": {
        "type": "Point",
        "coordinates": [
          -78.43130407791898,
          38.66954521972397
        ]
      }
    },
    {
      "type": "Feature",
      "properties": {
        "name": "US HWY 211 E BSN",
        "street_key": "US HWY 211 E BSN"
      },
      "geometry": {
        "type": "Point",
        "coordinates": [
          -78.41915815242801,
          38.67093211652179
        ]
      }
    },
    {
      "type": "Feature",
      "properties": {
        "name": "MAIN",
        "street_key": "MAIN"
      },
      "geometry": {
        "type": "Point",
        "coordinates": [
          -78.45756129409321,
          38.665483876926224
        ]
      }
    },
    {
      "type": "Feature",
      "properties": {
        "name": "US HWY 340",
        "street_key": "US HWY 340"
      },
      "geometry": {
        "type": "Point",
        "coordinates": [
          -78.45508270474285,
          38.67904891913074
        ]
      }
    },
    {
      "type": "Feature",
      "properties": {
        "name": "MAIN",
        "street_key": "MAIN"
      },
      "geometry": {
        "type": "Point",
        "coordinates": [
          -78.47165645846307,
          38.66491570020342
        ]
      }
    },
    {
      "type": "Feature",
      "properties": {
        "name": "MAIN",
        "street_key": "MAIN"
      },
      "geometry": {
        "type": "Point",
        "coordinates": [
          -78.43482331505136,
          38.66919200877743
        ]
      }
    },
    {
      "type": "Feature",
      "properties": {
        "name": "MAIN",
        "street_key": "MAIN"
      },
      "geometry": {
        "type": "Point",
        "coordinates": [
          -78.43844186735166,
          38.66819130701794
        ]
      }
    },
    {
      "type": "Feature",
      "properties": {
        "name": "US HWY 340",
        "street_key": "US HWY 340"
      },
      "geometry": {
        "type": "Point",
        "coordinates": [
          -78.45499675959758,
          38.681625762109455
        ]
      }
    },
    {
      "type": "Feature",
      "properties": {
        "name": "BROAD",
        "street_key": "BROAD"
      },
      "geometry": {
        "type": "Point",
        "coordinates": [
          -78.45853812596707,
          38.66889660702027
        ]
      }
    },
    {
      "type": "Feature",
      "properties": {
        "name": "US HWY BSN 340",
        "street_key": "US HWY BSN 340"
      },
      "geometry": {
        "type": "Point",
        "coordinates": [
          -78.4758334290718,
          38.629217307204804
        ]
      }
    },
    {
      "type": "Feature",
      "properties": {
        "name": "MAIN",
        "street_key": "MAIN"
      },
      "geometry": {
        "type": "Point",
        "coordinates": [
          -78.43799843070795,
          38.66831297419924
        ]
      }
    },
    {
      "type": "Feature",
      "properties": {
        "name": "US HWY 211",
        "street_key": "US HWY 211"
      },
      "geometry": {
        "type": "Point",
        "coordinates": [
          -78.40482566483935,
          38.67440014492371
        ]
      }
    },
    {
      "type": "Feature",
      "properties": {
        "name": "US HWY 211",
        "street_key": "US HWY 211"
      },
      "geometry": {
        "type": "Point",
        "coordinates": [
          -78.38498545893364,
          38.67333269411687
        ]
      }
    },
    {
      "type": "Feature",
      "properties": {
        "name": "US HWY 340",
        "street_key": "US HWY 340"
      },
      "geometry": {
        "type": "Point",
        "coordinates": [
          -78.4550623001492,
          38.67574207326855
        ]
      }
    },
    {
      "type": "Feature",
      "properties": {
        "name": "MAIN",
        "street_key": "MAIN"
      },
      "geometry": {
        "type": "Point",
        "coordinates": [
          -78.45189110568006,
          38.66539703335695
        ]
      }
    },
    {
      "type": "Feature",
      "properties": {
        "name": "US HWY 211",
        "street_key": "US HWY 211"
      },
      "geometry": {
        "type": "Point",
        "coordinates": [
          -78.40039838775115,
          38.67422259815498
        ]
      }
    },
    {
      "type": "Feature",
      "properties": {
        "name": "US HWY BSN 340",
        "street_key": "US HWY BSN 340"
      },
      "geometry": {
        "type": "Point",
        "coordinates": [
          -78.47274172186016,
          38.6367306355561
        ]
      }
    },
    {
      "type": "Feature",
      "properties": {
        "name": "US HWY BSN 340",
        "street_key": "US HWY BSN 340"
      },
      "geometry": {
        "type": "Point",
        "coordinates": [
          -78.4749588547355,
          38.63223056957773
        ]
      }
    },
    {
      "type": "Feature",
      "properties": {
        "name": "MAIN",
        "street_key": "MAIN"
      },
      "geometry": {
        "type": "Point",
        "coordinates": [
          -78.44864083151002,
          38.66537970529898
        ]
      }
    },
    {
      "type": "Feature",
      "properties": {
        "name": "VIRGINIA",
        "street_key": "VIRGINIA"
      },
      "geometry": {
        "type": "Point",
        "coordinates": [
          -78.46241945006153,
          38.65823328416771
        ]
      }
    },
    {
      "type": "Feature",
      "properties": {
        "name": "BROAD",
        "street_key": "BROAD"
      },
      "geometry": {
        "type": "Point",
        "coordinates": [
          -78.4599467288352,
          38.666726690503715
        ]
      }
    },
    {
      "type": "Feature",
      "properties": {
        "name": "VIRGINIA",
        "street_key": "VIRGINIA"
      },
      "geometry": {
        "type": "Point",
        "coordinates": [
          -78.46247553389406,
          38.656129826641155
        ]
      }
    },
    {
      "type": "Feature",
      "properties": {
        "name": "VIRGINIA",
        "street_key": "VIRGINIA"
      },
      "geometry": {
        "type": "Point",
        "coordinates": [
          -78.46223752539925,
          38.66065194774801
        ]
      }
    },
    {
      "type": "Feature",
      "properties": {
        "name": "VIRGINIA",
        "street_key": "VIRGINIA"
      },
      "geometry": {
        "type": "Point",
        "coordinates": [
          -78.45998393102383,
          38.66437748575797
        ]
      }
    },
    {
      "type": "Feature",
      "properties": {
        "name": "US HWY 211",
        "street_key": "US HWY 211"
      },
      "geometry": {
        "type": "Point",
        "coordinates": [
          -78.41086593600447,
          38.67466796754223
        ]
      }
    },
    {
      "type": "Feature",
      "properties": {
        "name": "VIRGINIA",
        "street_key": "VIRGINIA"
      },
      "geometry": {
        "type": "Point",
        "coordinates": [
          -78.46091067805891,
          38.66376091801995
        ]
      }
    },
    {
      "type": "Feature",
      "properties": {
        "name": "BROAD",
        "street_key": "BROAD"
      },
      "geometry": {
        "type": "Point",
        "coordinates": [
          -78.46009545129535,
          38.665180374374295
        ]
      }
    },
    {
      "type": "Feature",
      "properties": {
        "name": "US HWY 211",
        "street_key": "US HWY 211"
      },
      "geometry": {
        "type": "Point",
        "coordinates": [
          -78.4069662278529,
          38.67438733710267
        ]
      }
    },
    {
      "type": "Feature",
      "properties": {
        "name": "MAIN",
        "street_key": "MAIN"
      },
      "geometry": {
        "type": "Point",
        "coordinates": [
          -78.44943640309042,
          38.6653684395467
        ]
      }
    },
    {
      "type": "Feature",
      "properties": {
        "name": "US HWY 211",
        "street_key": "US HWY 211"
      },
      "geometry": {
        "type": "Point",
        "coordinates": [
          -78.40041611108558,
          38.674066227659814
        ]
      }
    },
    {
      "type": "Feature",
      "properties": {
        "name": "VIRGINIA",
        "street_key": "VIRGINIA"
      },
      "geometry": {
        "type": "Point",
        "coordinates": [
          -78.4621034499806,
          38.66287891801359
        ]
      }
    },
    {
      "type": "Feature",
      "properties": {
        "name": "BROAD",
        "street_key": "BROAD"
      },
      "geometry": {
        "type": "Point",
        "coordinates": [
          -78.45944151389916,
          38.667548518999446
        ]
      }
    },
    {
      "type": "Feature",
      "properties": {
        "name": "CAMPBELL",
        "street_key": "CAMPBELL"
      },
      "geometry": {
        "type": "Point",
        "coordinates": [
          -78.45994471041367,
          38.66467716953175
        ]
      }
    },
    {
      "type": "Feature",
      "properties": {
        "name": "US HWY 211 E BSN",
        "street_key": "US HWY 211 E BSN"
      },
      "geometry": {
        "type": "Point",
        "coordinates": [
          -78.41507504751769,
          38.674023360321144
        ]
      }
    },
    {
      "type": "Feature",
      "properties": {
        "name": "US HWY 340",
        "street_key": "US HWY 340"
      },
      "geometry": {
        "type": "Point",
        "coordinates": [
          -78.4224631317823,
          38.72703484383707
        ]
      }
    },
    {
      "type": "Feature",
      "properties": {
        "name": "US HWY 340",
        "street_key": "US HWY 340"
      },
      "geometry": {
        "type": "Point",
        "coordinates": [
          -78.41101569841648,
          38.73704660760495
        ]
      }
    },
    {
      "type": "Feature",
      "properties": {
        "name": "US HWY 340",
        "street_key": "US HWY 340"
      },
      "geometry": {
        "type": "Point",
        "coordinates": [
          -78.41527700154349,
          38.732899858949885
        ]
      }
    },
    {
      "type": "Feature",
      "properties": {
        "name": "US HWY 340",
        "street_key": "US HWY 340"
      },
      "geometry": {
        "type": "Point",
        "coordinates": [
          -78.40464485251086,
          38.745932012843554
        ]
      }
    },
    {
      "type": "Feature",
      "properties": {
        "name": "US HWY 340",
        "street_key": "US HWY 340"
      },
      "geometry": {
        "type": "Point",
        "coordinates": [
          -78.40903767121267,
          38.73955498579291
        ]
      }
    },
    {
      "type": "Feature",
      "properties": {
        "name": "US HWY 340",
        "street_key": "US HWY 340"
      },
      "geometry": {
        "type": "Point",
        "coordinates": [
          -78.40291064186248,
          38.74869846506959
        ]
      }
    },
    {
      "type": "Feature",
      "properties": {
        "name": "US HWY 340",
        "street_key": "US HWY 340"
      },
      "geometry": {
        "type": "Point",
        "coordinates": [
          -78.40331929763157,
          38.74790076308891
        ]
      }
    },
    {
      "type": "Feature",
      "properties": {
        "name": "US HWY 340",
        "street_key": "US HWY 340"
      },
      "geometry": {
        "type": "Point",
        "coordinates": [
          -78.45416567126657,
          38.689309913262996
        ]
      }
    },
    {
      "type": "Feature",
      "properties": {
        "name": "US HWY 340",
        "street_key": "US HWY 340"
      },
      "geometry": {
        "type": "Point",
        "coordinates": [
          -78.44101341923883,
          38.70415514574368
        ]
      }
    },
    {
      "type": "Feature",
      "properties": {
        "name": "US HWY 340",
        "street_key": "US HWY 340"
      },
      "geometry": {
        "type": "Point",
        "coordinates": [
          -78.43716747296746,
          38.70786951414028
        ]
      }
    },
    {
      "type": "Feature",
      "properties": {
        "name": "US HWY 340",
        "street_key": "US HWY 340"
      },
      "geometry": {
        "type": "Point",
        "coordinates": [
          -78.43313501658587,
          38.71139361125796
        ]
      }
    },
    {
      "type": "Feature",
      "properties": {
        "name": "US HWY 340",
        "street_key": "US HWY 340"
      },
      "geometry": {
        "type": "Point",
        "coordinates": [
          -78.44817273945769,
          38.69519803001788
        ]
      }
    },
    {
      "type": "Feature",
      "properties": {
        "name": "US HWY 340",
        "street_key": "US HWY 340"
      },
      "geometry": {
        "type": "Point",
        "coordinates": [
          -78.44444498054794,
          38.69940826835205
        ]
      }
    },
    {
      "type": "Feature",
      "properties": {
        "name": "US HWY 340",
        "street_key": "US HWY 340"
      },
      "geometry": {
        "type": "Point",
        "coordinates": [
          -78.45485209915526,
          38.68614883084192
        ]
      }
    },
    {
      "type": "Feature",
      "properties": {
        "name": "US HWY 340",
        "street_key": "US HWY 340"
      },
      "geometry": {
        "type": "Point",
        "coordinates": [
          -78.45196361065574,
          38.691530442655115
        ]
      }
    },
    {
      "type": "Feature",
      "properties": {
        "name": "US HWY 340",
        "street_key": "US HWY 340"
      },
      "geometry": {
        "type": "Point",
        "coordinates": [
          -78.44972786770171,
          38.693693721712165
        ]
      }
    },
    {
      "type": "Feature",
      "properties": {
        "name": "US HWY 340",
        "street_key": "US HWY 340"
      },
      "geometry": {
        "type": "Point",
        "coordinates": [
          -78.43191631896919,
          38.712696050140586
        ]
      }
    },
    {
      "type": "Feature",
      "properties": {
        "name": "US HWY 340",
        "street_key": "US HWY 340"
      },
      "geometry": {
        "type": "Point",
        "coordinates": [
          -78.36689702917303,
          38.78485734909304
        ]
      }
    },
    {
      "type": "Feature",
      "properties": {
        "name": "US HWY 340",
        "street_key": "US HWY 340"
      },
      "geometry": {
        "type": "Point",
        "coordinates": [
          -78.4235928073827,
          38.72582900574633
        ]
      }
    },
    {
      "type": "Feature",
      "properties": {
        "name": "US HWY 340",
        "street_key": "US HWY 340"
      },
      "geometry": {
        "type": "Point",
        "coordinates": [
          -78.4073629974709,
          38.741984534639705
        ]
      }
    },
    {
      "type": "Feature",
      "properties": {
        "name": "US HWY 340",
        "street_key": "US HWY 340"
      },
      "geometry": {
        "type": "Point",
        "coordinates": [
          -78.36477198274082,
          38.78643365675365
        ]
      }
    },
    {
      "type": "Feature",
      "properties": {
        "name": "US HWY 340",
        "street_key": "US HWY 340"
      },
      "geometry": {
        "type": "Point",
        "coordinates": [
          -78.42633302747767,
          38.72122514697478
        ]
      }
    },
    {
      "type": "Feature",
      "properties": {
        "name": "US HWY 340",
        "street_key": "US HWY 340"
      },
      "geometry": {
        "type": "Point",
        "coordinates": [
          -78.40251256004956,
          38.74985904229283
        ]
      }
    },
    {
      "type": "Feature",
      "properties": {
        "name": "US HWY 340",
        "street_key": "US HWY 340"
      },
      "geometry": {
        "type": "Point",
        "coordinates": [
          -78.39565466670034,
          38.76239352470392
        ]
      }
    },
    {
      "type": "Feature",
      "properties": {
        "name": "US HWY 340",
        "street_key": "US HWY 340"
      },
      "geometry": {
        "type": "Point",
        "coordinates": [
          -78.39170914050678,
          38.76623968151501
        ]
      }
    },
    {
      "type": "Feature",
      "properties": {
        "name": "US HWY 340",
        "street_key": "US HWY 340"
      },
      "geometry": {
        "type": "Point",
        "coordinates": [
          -78.4007512670347,
          38.755672140004826
        ]
      }
    },
    {
      "type": "Feature",
      "properties": {
        "name": "US HWY 340",
        "street_key": "US HWY 340"
      },
      "geometry": {
        "type": "Point",
        "coordinates": [
          -78.38410714947015,
          38.77089001126145
        ]
      }
    },
    {
      "type": "Feature",
      "properties": {
        "name": "SKYLINE",
        "street_key": "SKYLINE"
      },
      "geometry": {
        "type": "Point",
        "coordinates": [
          -78.32015260134466,
          38.633764894552115
        ]
      }
    },
    {
      "type": "Feature",
      "properties": {
        "name": "LEE",
        "street_key": "LEE"
      },
      "geometry": {
        "type": "Point",
        "coordinates": [
          -78.31652965107979,
          38.66177979111168
        ]
      }
    },
    {
      "type": "Feature",
      "properties": {
        "name": "SKYLINE",
        "street_key": "SKYLINE"
      },
      "geometry": {
        "type": "Point",
        "coordinates": [
          -78.32287494257712,
          38.66242711162178
        ]
      }
    },
    {
      "type": "Feature",
      "properties": {
        "name": "STONEWALL JACKSON HWY",
        "street_key": "STONEWALL JACKSON HWY"
      },
      "geometry": {
        "type": "Point",
        "coordinates": [
          -78.33888128227395,
          38.8182429594971
        ]
      }
    },
    {
      "type": "Feature",
      "properties": {
        "name": "US HWY 340",
        "street_key": "US HWY 340"
      },
      "geometry": {
        "type": "Point",
        "coordinates": [
          -78.36008089630543,
          38.79542684081679
        ]
      }
    },
    {
      "type": "Feature",
      "properties": {
        "name": "US HWY 340",
        "street_key": "US HWY 340"
      },
      "geometry": {
        "type": "Point",
        "coordinates": [
          -78.36183824582402,
          38.79111644558869
        ]
      }
    },
    {
      "type": "Feature",
      "properties": {
        "name": "US HWY 340",
        "street_key": "US HWY 340"
      },
      "geometry": {
        "type": "Point",
        "coordinates": [
          -78.36312309115306,
          38.78860935045459
        ]
      }
    },
    {
      "type": "Feature",
      "properties": {
        "name": "STONEWALL JACKSON",
        "street_key": "STONEWALL JACKSON"
      },
      "geometry": {
        "type": "Point",
        "coordinates": [
          -78.30269320322807,
          38.8398167151598
        ]
      }
    },
    {
      "type": "Feature",
      "properties": {
        "name": "STONEWALL JACKSON",
        "street_key": "STONEWALL JACKSON"
      },
      "geometry": {
        "type": "Point",
        "coordinates": [
          -78.30954880875294,
          38.83511816382982
        ]
      }
    },
    {
      "type": "Feature",
      "properties": {
        "name": "STONEWALL JACKSON",
        "street_key": "STONEWALL JACKSON"
      },
      "geometry": {
        "type": "Point",
        "coordinates": [
          -78.30032897424624,
          38.84180838764536
        ]
      }
    },
    {
      "type": "Feature",
      "properties": {
        "name": "STONEWALL JACKSON",
        "street_key": "STONEWALL JACKSON"
      },
      "geometry": {
        "type": "Point",
        "coordinates": [
          -78.32957889384868,
          38.823617177443715
        ]
      }
    },
    {
      "type": "Feature",
      "properties": {
        "name": "STONEWALL JACKSON",
        "street_key": "STONEWALL JACKSON"
      },
      "geometry": {
        "type": "Point",
        "coordinates": [
          -78.31897139415527,
          38.83092328554088
        ]
      }
    },
    {
      "type": "Feature",
      "properties": {
        "name": "STONEWALL JACKSON",
        "street_key": "STONEWALL JACKSON"
      },
      "geometry": {
        "type": "Point",
        "coordinates": [
          -78.31686802754214,
          38.83189668036063
        ]
      }
    },
    {
      "type": "Feature",
      "properties": {
        "name": "STONEWALL JACKSON",
        "street_key": "STONEWALL JACKSON"
      },
      "geometry": {
        "type": "Point",
        "coordinates": [
          -78.31728804653133,
          38.83170495370603
        ]
      }
    },
    {
      "type": "Feature",
      "properties": {
        "name": "STONEWALL JACKSON",
        "street_key": "STONEWALL JACKSON"
      },
      "geometry": {
        "type": "Point",
        "coordinates": [
          -78.32313140351758,
          38.828688129698314
        ]
      }
    },
    {
      "type": "Feature",
      "properties": {
        "name": "STONEWALL JACKSON",
        "street_key": "STONEWALL JACKSON"
      },
      "geometry": {
        "type": "Point",
        "coordinates": [
          -78.32161847697445,
          38.8296256096253
        ]
      }
    },
    {
      "type": "Feature",
      "properties": {
        "name": "SKYLINE",
        "street_key": "SKYLINE"
      },
      "geometry": {
        "type": "Point",
        "coordinates": [
          -78.48294322585593,
          38.430624593421456
        ]
      }
    },
    {
      "type": "Feature",
      "properties": {
        "name": "SPOTSWOOD",
        "street_key": "SPOTSWOOD"
      },
      "geometry": {
        "type": "Point",
        "coordinates": [
          -78.65325010537273,
          38.404785913425286
        ]
      }
    },
    {
      "type": "Feature",
      "properties": {
        "name": "SPOTSWOOD",
        "street_key": "SPOTSWOOD"
      },
      "geometry": {
        "type": "Point",
        "coordinates": [
          -78.65114487081271,
          38.40560946188761
        ]
      }
    },
    {
      "type": "Feature",
      "properties": {
        "name": "US HWY 340",
        "street_key": "US HWY 340"
      },
      "geometry": {
        "type": "Point",
        "coordinates": [
          -78.37331609645415,
          38.77871786716427
        ]
      }
    },
    {
      "type": "Feature",
      "properties": {
        "name": "VETERANS",
        "street_key": "VETERANS"
      },
      "geometry": {
        "type": "Point",
        "coordinates": [
          -78.4120389650348,
          38.67489123173429
        ]
      }
    },
    {
      "type": "Feature",
      "properties": {
        "name": "US HWY BSN 340",
        "street_key": "US HWY BSN 340"
      },
      "geometry": {
        "type": "Point",
        "coordinates": [
          -78.4837363703025,
          38.58441923174713
        ]
      }
    },
    {
      "type": "Feature",
      "properties": {
        "name": "US HWY BSN 340",
        "street_key": "US HWY BSN 340"
      },
      "geometry": {
        "type": "Point",
        "coordinates": [
          -78.48322527113815,
          38.58621019061383
        ]
      }
    },
    {
      "type": "Feature",
      "properties": {
        "name": "US HWY 211",
        "street_key": "US HWY 211"
      },
      "geometry": {
        "type": "Point",
        "coordinates": [
          -78.46446312174065,
          38.67283308259553
        ]
      }
    },
    {
      "type": "Feature",
      "properties": {
        "name": "US HWY BSN 340",
        "street_key": "US HWY BSN 340"
      },
      "geometry": {
        "type": "Point",
        "coordinates": [
          -78.46387082367342,
          38.654145057167405
        ]
      }
    },
    {
      "type": "Feature",
      "properties": {
        "name": "US HWY BSN 340",
        "street_key": "US HWY BSN 340"
      },
      "geometry": {
        "type": "Point",
        "coordinates": [
          -78.46634779933305,
          38.65040998716355
        ]
      }
    },
    {
      "type": "Feature",
      "properties": {
        "name": "US HWY BSN 340",
        "street_key": "US HWY BSN 340"
      },
      "geometry": {
        "type": "Point",
        "coordinates": [
          -78.52783064429205,
          38.58204461765536
        ]
      }
    },
    {
      "type": "Feature",
      "properties": {
        "name": "MAIN",
        "street_key": "MAIN"
      },
      "geometry": {
        "type": "Point",
        "coordinates": [
          -78.48012463798423,
          38.662178519626835
        ]
      }
    },
    {
      "type": "Feature",
      "properties": {
        "name": "MAIN",
        "street_key": "MAIN"
      },
      "geometry": {
        "type": "Point",
        "coordinates": [
          -78.4820982969199,
          38.66136601809989
        ]
      }
    },
    {
      "type": "Feature",
      "properties": {
        "name": "US HWY 340",
        "street_key": "US HWY 340"
      },
      "geometry": {
        "type": "Point",
        "coordinates": [
          -78.6076677796742,
          38.549808842211725
        ]
      }
    },
    {
      "type": "Feature",
      "properties": {
        "name": "US HWY 340",
        "street_key": "US HWY 340"
      },
      "geometry": {
        "type": "Point",
        "coordinates": [
          -78.6097641473346,
          38.54346312150737
        ]
      }
    },
    {
      "type": "Feature",
      "properties": {
        "name": "US HWY 211",
        "street_key": "US HWY 211"
      },
      "geometry": {
        "type": "Point",
        "coordinates": [
          -78.47879492925675,
          38.66701359097852
        ]
      }
    },
    {
      "type": "Feature",
      "properties": {
        "name": "US HWY 211",
        "street_key": "US HWY 211"
      },
      "geometry": {
        "type": "Point",
        "coordinates": [
          -78.43784467953405,
          38.67591338100143
        ]
      }
    },
    {
      "type": "Feature",
      "properties": {
        "name": "US HWY 211",
        "street_key": "US HWY 211"
      },
      "geometry": {
        "type": "Point",
        "coordinates": [
          -78.53668494864594,
          38.64511028007977
        ]
      }
    },
    {
      "type": "Feature",
      "properties": {
        "name": "US HWY 211",
        "street_key": "US HWY 211"
      },
      "geometry": {
        "type": "Point",
        "coordinates": [
          -78.54528322859518,
          38.64441260681155
        ]
      }
    },
    {
      "type": "Feature",
      "properties": {
        "name": "US HWY 211",
        "street_key": "US HWY 211"
      },
      "geometry": {
        "type": "Point",
        "coordinates": [
          -78.37482221117274,
          38.66559921297494
        ]
      }
    },
    {
      "type": "Feature",
      "properties": {
        "name": "US HWY 211",
        "street_key": "US HWY 211"
      },
      "geometry": {
        "type": "Point",
        "coordinates": [
          -78.38325058893186,
          38.67269072500218
        ]
      }
    },
    {
      "type": "Feature",
      "properties": {
        "name": "US HWY 211",
        "street_key": "US HWY 211"
      },
      "geometry": {
        "type": "Point",
        "coordinates": [
          -78.60490225290442,
          38.641642895802455
        ]
      }
    },
    {
      "type": "Feature",
      "properties": {
        "name": "LEE",
        "street_key": "LEE"
      },
      "geometry": {
        "type": "Point",
        "coordinates": [
          -78.6124613683824,
          38.64314196043411
        ]
      }
    },
    {
      "type": "Feature",
      "properties": {
        "name": "US HWY 340",
        "street_key": "US HWY 340"
      },
      "geometry": {
        "type": "Point",
        "coordinates": [
          -78.61212819395058,
          38.47254026673299
        ]
      }
    },
    {
      "type": "Feature",
      "properties": {
        "name": "US HWY 340",
        "street_key": "US HWY 340"
      },
      "geometry": {
        "type": "Point",
        "coordinates": [
          -78.61104588935963,
          38.47590469612273
        ]
      }
    },
    {
      "type": "Feature",
      "properties": {
        "name": "US HWY 211",
        "street_key": "US HWY 211"
      },
      "geometry": {
        "type": "Point",
        "coordinates": [
          -78.37523214457221,
          38.66522644508702
        ]
      }
    },
    {
      "type": "Feature",
      "properties": {
        "name": "US HWY 211",
        "street_key": "US HWY 211"
      },
      "geometry": {
        "type": "Point",
        "coordinates": [
          -78.38518436734861,
          38.67306611679263
        ]
      }
    },
    {
      "type": "Feature",
      "properties": {
        "name": "MAIN",
        "street_key": "MAIN"
      },
      "geometry": {
        "type": "Point",
        "coordinates": [
          -78.52544971221403,
          38.581350329081744
        ]
      }
    },
    {
      "type": "Feature",
      "properties": {
        "name": "MAIN",
        "street_key": "MAIN"
      },
      "geometry": {
        "type": "Point",
        "coordinates": [
          -78.52376427952534,
          38.580831634120074
        ]
      }
    },
    {
      "type": "Feature",
      "properties": {
        "name": "US HWY 211",
        "street_key": "US HWY 211"
      },
      "geometry": {
        "type": "Point",
        "coordinates": [
          -78.50380212226717,
          38.65948150990897
        ]
      }
    },
    {
      "type": "Feature",
      "properties": {
        "name": "US HWY 211",
        "street_key": "US HWY 211"
      },
      "geometry": {
        "type": "Point",
        "coordinates": [
          -78.49769813024656,
          38.660184391381
        ]
      }
    },
    {
      "type": "Feature",
      "properties": {
        "name": "US HWY 211",
        "street_key": "US HWY 211"
      },
      "geometry": {
        "type": "Point",
        "coordinates": [
          -78.4150431118745,
          38.67510449593273
        ]
      }
    },
    {
      "type": "Feature",
      "properties": {
        "name": "US HWY 211",
        "street_key": "US HWY 211"
      },
      "geometry": {
        "type": "Point",
        "coordinates": [
          -78.43785178752874,
          38.67567496189548
        ]
      }
    },
    {
      "type": "Feature",
      "properties": {
        "name": "US HWY 211",
        "street_key": "US HWY 211"
      },
      "geometry": {
        "type": "Point",
        "coordinates": [
          -78.45061029003627,
          38.673697522317994
        ]
      }
    },
    {
      "type": "Feature",
      "properties": {
        "name": "US HWY 211",
        "street_key": "US HWY 211"
      },
      "geometry": {
        "type": "Point",
        "coordinates": [
          -78.42309812860468,
          38.675993821751085
        ]
      }
    },
    {
      "type": "Feature",
      "properties": {
        "name": "US HWY 211",
        "street_key": "US HWY 211"
      },
      "geometry": {
        "type": "Point",
        "coordinates": [
          -78.419185364838,
          38.67555980741494
        ]
      }
    },
    {
      "type": "Feature",
      "properties": {
        "name": "US HWY 211",
        "street_key": "US HWY 211"
      },
      "geometry": {
        "type": "Point",
        "coordinates": [
          -78.48837530642481,
          38.660959602872104
        ]
      }
    },
    {
      "type": "Feature",
      "properties": {
        "name": "US HWY 211",
        "street_key": "US HWY 211"
      },
      "geometry": {
        "type": "Point",
        "coordinates": [
          -78.48479111340717,
          38.66124674959338
        ]
      }
    },
    {
      "type": "Feature",
      "properties": {
        "name": "US HWY 211",
        "street_key": "US HWY 211"
      },
      "geometry": {
        "type": "Point",
        "coordinates": [
          -78.46449209888668,
          38.67260261599802
        ]
      }
    },
    {
      "type": "Feature",
      "properties": {
        "name": "US HWY 211",
        "street_key": "US HWY 211"
      },
      "geometry": {
        "type": "Point",
        "coordinates": [
          -78.47291712304644,
          38.671018520956274
        ]
      }
    },
    {
      "type": "Feature",
      "properties": {
        "name": "US HWY 211",
        "street_key": "US HWY 211"
      },
      "geometry": {
        "type": "Point",
        "coordinates": [
          -78.47305530526104,
          38.671219752049424
        ]
      }
    },
    {
      "type": "Feature",
      "properties": {
        "name": "US HWY 211",
        "street_key": "US HWY 211"
      },
      "geometry": {
        "type": "Point",
        "coordinates": [
          -78.45066766678148,
          38.67392799895649
        ]
      }
    },
    {
      "type": "Feature",
      "properties": {
        "name": "LEE",
        "street_key": "LEE"
      },
      "geometry": {
        "type": "Point",
        "coordinates": [
          -78.28977896882814,
          38.66849111760197
        ]
      }
    },
    {
      "type": "Feature",
      "properties": {
        "name": "US HWY 340",
        "street_key": "US HWY 340"
      },
      "geometry": {
        "type": "Point",
        "coordinates": [
          -78.42145962750566,
          38.727827613575215
        ]
      }
    },
    {
      "type": "Feature",
      "properties": {
        "name": "US HWY 340",
        "street_key": "US HWY 340"
      },
      "geometry": {
        "type": "Point",
        "coordinates": [
          -78.41907007737382,
          38.72965059520034
        ]
      }
    },
    {
      "type": "Feature",
      "properties": {
        "name": "US HWY 340",
        "street_key": "US HWY 340"
      },
      "geometry": {
        "type": "Point",
        "coordinates": [
          -78.42100881803917,
          38.72817195344416
        ]
      }
    },
    {
      "type": "Feature",
      "properties": {
        "name": "EAST SIDE",
        "street_key": "EAST SIDE"
      },
      "geometry": {
        "type": "Point",
        "coordinates": [
          -78.61865802418258,
          38.404784015400075
        ]
      }
    },
    {
      "type": "Feature",
      "properties": {
        "name": "STUART",
        "street_key": "STUART"
      },
      "geometry": {
        "type": "Point",
        "coordinates": [
          -78.61884022372107,
          38.408910394511665
        ]
      }
    },
    {
      "type": "Feature",
      "properties": {
        "name": "STUART",
        "street_key": "STUART"
      },
      "geometry": {
        "type": "Point",
        "coordinates": [
          -78.61882627638022,
          38.407455332882655
        ]
      }
    },
    {
      "type": "Feature",
      "properties": {
        "name": "STUART",
        "street_key": "STUART"
      },
      "geometry": {
        "type": "Point",
        "coordinates": [
          -78.61862308668682,
          38.40584516977879
        ]
      }
    },
    {
      "type": "Feature",
      "properties": {
        "name": "STUART",
        "street_key": "STUART"
      },
      "geometry": {
        "type": "Point",
        "coordinates": [
          -78.61867635056933,
          38.406239637157256
        ]
      }
    },
    {
      "type": "Feature",
      "properties": {
        "name": "STUART",
        "street_key": "STUART"
      },
      "geometry": {
        "type": "Point",
        "coordinates": [
          -78.61859533748357,
          38.40546069197004
        ]
      }
    },
    {
      "type": "Feature",
      "properties": {
        "name": "SKYLINE",
        "street_key": "SKYLINE"
      },
      "geometry": {
        "type": "Point",
        "coordinates": [
          -78.32085767091719,
          38.66110783861713
        ]
      }
    },
    {
      "type": "Feature",
      "properties": {
        "name": "SKYLINE",
        "street_key": "SKYLINE"
      },
      "geometry": {
        "type": "Point",
        "coordinates": [
          -78.32002610149893,
          38.66020814430468
        ]
      }
    },
    {
      "type": "Feature",
      "properties": {
        "name": "F T VALLEY",
        "street_key": "F T VALLEY"
      },
      "geometry": {
        "type": "Point",
        "coordinates": [
          -78.26393253089984,
          38.52398148283885
        ]
      }
    },
    {
      "type": "Feature",
      "properties": {
        "name": "F T VALLEY",
        "street_key": "F T VALLEY"
      },
      "geometry": {
        "type": "Point",
        "coordinates": [
          -78.27042210917521,
          38.51293702996285
        ]
      }
    },
    {
      "type": "Feature",
      "properties": {
        "name": "BLUE RIDGE",
        "street_key": "BLUE RIDGE"
      },
      "geometry": {
        "type": "Point",
        "coordinates": [
          -78.26720709444915,
          38.42935542114049
        ]
      }
    },
    {
      "type": "Feature",
      "properties": {
        "name": "BLUE RIDGE",
        "street_key": "BLUE RIDGE"
      },
      "geometry": {
        "type": "Point",
        "coordinates": [
          -78.26623989179215,
          38.42734523841864
        ]
      }
    },
    {
      "type": "Feature",
      "properties": {
        "name": "F T VALLEY",
        "street_key": "F T VALLEY"
      },
      "geometry": {
        "type": "Point",
        "coordinates": [
          -78.28728818711673,
          38.456143979335934
        ]
      }
    },
    {
      "type": "Feature",
      "properties": {
        "name": "F T VALLEY",
        "street_key": "F T VALLEY"
      },
      "geometry": {
        "type": "Point",
        "coordinates": [
          -78.28291318250825,
          38.48674397095062
        ]
      }
    },
    {
      "type": "Feature",
      "properties": {
        "name": "US HWY 211",
        "street_key": "US HWY 211"
      },
      "geometry": {
        "type": "Point",
        "coordinates": [
          -78.61177573278945,
          38.64295629379325
        ]
      }
    },
    {
      "type": "Feature",
      "properties": {
        "name": "SKYLINE",
        "street_key": "SKYLINE"
      },
      "geometry": {
        "type": "Point",
        "coordinates": [
          -78.31003821073904,
          38.738067926123925
        ]
      }
    },
    {
      "type": "Feature",
      "properties": {
        "name": "SKYLINE",
        "street_key": "SKYLINE"
      },
      "geometry": {
        "type": "Point",
        "coordinates": [
          -78.47390330162861,
          38.44334539576689
        ]
      }
    },
    {
      "type": "Feature",
      "properties": {
        "name": "SKYLINE",
        "street_key": "SKYLINE"
      },
      "geometry": {
        "type": "Point",
        "coordinates": [
          -78.46964241188708,
          38.44722684094114
        ]
      }
    },
    {
      "type": "Feature",
      "properties": {
        "name": "SKYLINE",
        "street_key": "SKYLINE"
      },
      "geometry": {
        "type": "Point",
        "coordinates": [
          -78.3409675797474,
          38.62522089941324
        ]
      }
    },
    {
      "type": "Feature",
      "properties": {
        "name": "SKYLINE",
        "street_key": "SKYLINE"
      },
      "geometry": {
        "type": "Point",
        "coordinates": [
          -78.32050022788678,
          38.6606973128091
        ]
      }
    },
    {
      "type": "Feature",
      "properties": {
        "name": "US HWY 340",
        "street_key": "US HWY 340"
      },
      "geometry": {
        "type": "Point",
        "coordinates": [
          -78.45741066382641,
          38.670263163135544
        ]
      }
    },
    {
      "type": "Feature",
      "properties": {
        "name": "US HWY 211",
        "street_key": "US HWY 211"
      },
      "geometry": {
        "type": "Point",
        "coordinates": [
          -78.48484700925148,
          38.66143647537772
        ]
      }
    },
    {
      "type": "Feature",
      "properties": {
        "name": "US HWY 211",
        "street_key": "US HWY 211"
      },
      "geometry": {
        "type": "Point",
        "coordinates": [
          -78.52047133778247,
          38.65291084556472
        ]
      }
    },
    {
      "type": "Feature",
      "properties": {
        "name": "US HWY 211",
        "street_key": "US HWY 211"
      },
      "geometry": {
        "type": "Point",
        "coordinates": [
          -78.5416705898918,
          38.64447473028038
        ]
      }
    },
    {
      "type": "Feature",
      "properties": {
        "name": "US HWY 211",
        "street_key": "US HWY 211"
      },
      "geometry": {
        "type": "Point",
        "coordinates": [
          -78.54430491989034,
          38.64414561427445
        ]
      }
    },
    {
      "type": "Feature",
      "properties": {
        "name": "US HWY 211",
        "street_key": "US HWY 211"
      },
      "geometry": {
        "type": "Point",
        "coordinates": [
          -78.56083023285494,
          38.641902374946326
        ]
      }
    },
    {
      "type": "Feature",
      "properties": {
        "name": "US HWY 211",
        "street_key": "US HWY 211"
      },
      "geometry": {
        "type": "Point",
        "coordinates": [
          -78.56585207120533,
          38.63903559244798
        ]
      }
    },
    {
      "type": "Feature",
      "properties": {
        "name": "US HWY 211",
        "street_key": "US HWY 211"
      },
      "geometry": {
        "type": "Point",
        "coordinates": [
          -78.56868558895918,
          38.635742031340214
        ]
      }
    },
    {
      "type": "Feature",
      "properties": {
        "name": "US HWY 211",
        "street_key": "US HWY 211"
      },
      "geometry": {
        "type": "Point",
        "coordinates": [
          -78.5685638454576,
          38.63569659773166
        ]
      }
    },
    {
      "type": "Feature",
      "properties": {
        "name": "US HWY 211",
        "street_key": "US HWY 211"
      },
      "geometry": {
        "type": "Point",
        "coordinates": [
          -78.57145807592647,
          38.63348524581293
        ]
      }
    },
    {
      "type": "Feature",
      "properties": {
        "name": "US HWY 211",
        "street_key": "US HWY 211"
      },
      "geometry": {
        "type": "Point",
        "coordinates": [
          -78.57140412487558,
          38.633395884188765
        ]
      }
    },
    {
      "type": "Feature",
      "properties": {
        "name": "US HWY 211",
        "street_key": "US HWY 211"
      },
      "geometry": {
        "type": "Point",
        "coordinates": [
          -78.40875086335446,
          38.674650030395966
        ]
      }
    },
    {
      "type": "Feature",
      "properties": {
        "name": "US HWY 211",
        "street_key": "US HWY 211"
      },
      "geometry": {
        "type": "Point",
        "coordinates": [
          -78.4057555515479,
          38.674451436111205
        ]
      }
    },
    {
      "type": "Feature",
      "properties": {
        "name": "US HWY 211",
        "street_key": "US HWY 211"
      },
      "geometry": {
        "type": "Point",
        "coordinates": [
          -78.40877425158268,
          38.67452090857827
        ]
      }
    },
    {
      "type": "Feature",
      "properties": {
        "name": "US HWY 211",
        "street_key": "US HWY 211"
      },
      "geometry": {
        "type": "Point",
        "coordinates": [
          -78.40510388143333,
          38.674276801215704
        ]
      }
    },
    {
      "type": "Feature",
      "properties": {
        "name": "US HWY 211",
        "street_key": "US HWY 211"
      },
      "geometry": {
        "type": "Point",
        "coordinates": [
          -78.40321782168398,
          38.674323588716156
        ]
      }
    },
    {
      "type": "Feature",
      "properties": {
        "name": "US HWY 211",
        "street_key": "US HWY 211"
      },
      "geometry": {
        "type": "Point",
        "coordinates": [
          -78.40324196595274,
          38.6741745699841
        ]
      }
    },
    {
      "type": "Feature",
      "properties": {
        "name": "US HWY 211",
        "street_key": "US HWY 211"
      },
      "geometry": {
        "type": "Point",
        "coordinates": [
          -78.39693033456658,
          38.67410634901231
        ]
      }
    },
    {
      "type": "Feature",
      "properties": {
        "name": "US HWY 211",
        "street_key": "US HWY 211"
      },
      "geometry": {
        "type": "Point",
        "coordinates": [
          -78.39696264440504,
          38.67387024069714
        ]
      }
    },
    {
      "type": "Feature",
      "properties": {
        "name": "US HWY 211",
        "street_key": "US HWY 211"
      },
      "geometry": {
        "type": "Point",
        "coordinates": [
          -78.39384346358416,
          38.673927554574824
        ]
      }
    },
    {
      "type": "Feature",
      "properties": {
        "name": "US HWY 211",
        "street_key": "US HWY 211"
      },
      "geometry": {
        "type": "Point",
        "coordinates": [
          -78.39386721106683,
          38.67369172805796
        ]
      }
    },
    {
      "type": "Feature",
      "properties": {
        "name": "US HWY 211",
        "street_key": "US HWY 211"
      },
      "geometry": {
        "type": "Point",
        "coordinates": [
          -78.39069968724206,
          38.67374165362777
        ]
      }
    },
    {
      "type": "Feature",
      "properties": {
        "name": "US HWY 211",
        "street_key": "US HWY 211"
      },
      "geometry": {
        "type": "Point",
        "coordinates": [
          -78.39072489807663,
          38.673504113874806
        ]
      }
    },
    {
      "type": "Feature",
      "properties": {
        "name": "US HWY 211",
        "street_key": "US HWY 211"
      },
      "geometry": {
        "type": "Point",
        "coordinates": [
          -78.38787736666211,
          38.673341689356604
        ]
      }
    },
    {
      "type": "Feature",
      "properties": {
        "name": "US HWY 211",
        "street_key": "US HWY 211"
      },
      "geometry": {
        "type": "Point",
        "coordinates": [
          -78.38785508611751,
          38.67357635513583
        ]
      }
    },
    {
      "type": "Feature",
      "properties": {
        "name": "US HWY 211",
        "street_key": "US HWY 211"
      },
      "geometry": {
        "type": "Point",
        "coordinates": [
          -78.38185144006563,
          38.67118019551228
        ]
      }
    },
    {
      "type": "Feature",
      "properties": {
        "name": "US HWY 211",
        "street_key": "US HWY 211"
      },
      "geometry": {
        "type": "Point",
        "coordinates": [
          -78.381431497714,
          38.67114963945713
        ]
      }
    },
    {
      "type": "Feature",
      "properties": {
        "name": "US HWY 211",
        "street_key": "US HWY 211"
      },
      "geometry": {
        "type": "Point",
        "coordinates": [
          -78.37888081199233,
          38.66821809930704
        ]
      }
    },
    {
      "type": "Feature",
      "properties": {
        "name": "US HWY 211",
        "street_key": "US HWY 211"
      },
      "geometry": {
        "type": "Point",
        "coordinates": [
          -78.37857748337672,
          38.6683283932881
        ]
      }
    },
    {
      "type": "Feature",
      "properties": {
        "name": "US HWY 211 BSN",
        "street_key": "US HWY 211 BSN"
      },
      "geometry": {
        "type": "Point",
        "coordinates": [
          -78.42128567848667,
          38.66980256549113
        ]
      }
    },
    {
      "type": "Feature",
      "properties": {
        "name": "US HWY 211 BSN",
        "street_key": "US HWY 211 BSN"
      },
      "geometry": {
        "type": "Point",
        "coordinates": [
          -78.42135331092547,
          38.66994908233106
        ]
      }
    },
    {
      "type": "Feature",
      "properties": {
        "name": "US HWY 340",
        "street_key": "US HWY 340"
      },
      "geometry": {
        "type": "Point",
        "coordinates": [
          -78.45507280819133,
          38.674494617583036
        ]
      }
    },
    {
      "type": "Feature",
      "properties": {
        "name": "US HWY 340",
        "street_key": "US HWY 340"
      },
      "geometry": {
        "type": "Point",
        "coordinates": [
          -78.45522841198365,
          38.674490606880234
        ]
      }
    },
    {
      "type": "Feature",
      "properties": {
        "name": "SKYLINE",
        "street_key": "SKYLINE"
      },
      "geometry": {
        "type": "Point",
        "coordinates": [
          -78.32217886333365,
          38.662133753819944
        ]
      }
    },
    {
      "type": "Feature",
      "properties": {
        "name": "US HWY 340",
        "street_key": "US HWY 340"
      },
      "geometry": {
        "type": "Point",
        "coordinates": [
          -78.45513636290224,
          38.67651162255169
        ]
      }
    },
    {
      "type": "Feature",
      "properties": {
        "name": "SKYLINE",
        "street_key": "SKYLINE"
      },
      "geometry": {
        "type": "Point",
        "coordinates": [
          -78.34380396590257,
          38.62150099236673
        ]
      }
    },
    {
      "type": "Feature",
      "properties": {
        "name": "ORKNEY GRADE",
        "street_key": "ORKNEY GRADE"
      },
      "geometry": {
        "type": "Point",
        "coordinates": [
          -78.65007672788516,
          38.74777853726539
        ]
      }
    },
    {
      "type": "Feature",
      "properties": {
        "name": "OLD CROSS",
        "street_key": "OLD CROSS"
      },
      "geometry": {
        "type": "Point",
        "coordinates": [
          -78.67700788798045,
          38.64811545029763
        ]
      }
    },
    {
      "type": "Feature",
      "properties": {
        "name": "OLD CROSS",
        "street_key": "OLD CROSS"
      },
      "geometry": {
        "type": "Point",
        "coordinates": [
          -78.67552521368944,
          38.64823056174655
        ]
      }
    },
    {
      "type": "Feature",
      "properties": {
        "name": "STONEWALL JACKSON",
        "street_key": "STONEWALL JACKSON"
      },
      "geometry": {
        "type": "Point",
        "coordinates": [
          -78.34688131302256,
          38.80920091227597
        ]
      }
    },
    {
      "type": "Feature",
      "properties": {
        "name": "STONY CREEK",
        "street_key": "STONY CREEK"
      },
      "geometry": {
        "type": "Point",
        "coordinates": [
          -78.56626429470697,
          38.821130519227644
        ]
      }
    },
    {
      "type": "Feature",
      "properties": {
        "name": "US HWY 340",
        "street_key": "US HWY 340"
      },
      "geometry": {
        "type": "Point",
        "coordinates": [
          -78.35516910082475,
          38.80150812922707
        ]
      }
    },
    {
      "type": "Feature",
      "properties": {
        "name": "MAIN",
        "street_key": "MAIN"
      },
      "geometry": {
        "type": "Point",
        "coordinates": [
          -78.55967205827434,
          38.82167101957944
        ]
      }
    },
    {
      "type": "Feature",
      "properties": {
        "name": "OLD CROSS",
        "street_key": "OLD CROSS"
      },
      "geometry": {
        "type": "Point",
        "coordinates": [
          -78.68328173034247,
          38.649075745086876
        ]
      }
    },
    {
      "type": "Feature",
      "properties": {
        "name": "OLD CROSS",
        "street_key": "OLD CROSS"
      },
      "geometry": {
        "type": "Point",
        "coordinates": [
          -78.67429297650722,
          38.64836508675229
        ]
      }
    },
    {
      "type": "Feature",
      "properties": {
        "name": "OLD CROSS",
        "street_key": "OLD CROSS"
      },
      "geometry": {
        "type": "Point",
        "coordinates": [
          -78.67254351745837,
          38.64820540840795
        ]
      }
    },
    {
      "type": "Feature",
      "properties": {
        "name": "STONY CREEK",
        "street_key": "STONY CREEK"
      },
      "geometry": {
        "type": "Point",
        "coordinates": [
          -78.56816406915591,
          38.82458793945526
        ]
      }
    },
    {
      "type": "Feature",
      "properties": {
        "name": "US HWY 211",
        "street_key": "US HWY 211"
      },
      "geometry": {
        "type": "Point",
        "coordinates": [
          -78.58162637979983,
          38.634138578580945
        ]
      }
    },
    {
      "type": "Feature",
      "properties": {
        "name": "US HWY 211",
        "street_key": "US HWY 211"
      },
      "geometry": {
        "type": "Point",
        "coordinates": [
          -78.58165330210257,
          38.63404039597918
        ]
      }
    },
    {
      "type": "Feature",
      "properties": {
        "name": "US HWY 211",
        "street_key": "US HWY 211"
      },
      "geometry": {
        "type": "Point",
        "coordinates": [
          -78.32320888550451,
          38.66094005556617
        ]
      }
    },
    {
      "type": "Feature",
      "properties": {
        "name": "US HWY 211",
        "street_key": "US HWY 211"
      },
      "geometry": {
        "type": "Point",
        "coordinates": [
          -78.32205603784176,
          38.660817129404116
        ]
      }
    },
    {
      "type": "Feature",
      "properties": {
        "name": "LEE",
        "street_key": "LEE"
      },
      "geometry": {
        "type": "Point",
        "coordinates": [
          -78.31649550385858,
          38.661713985339375
        ]
      }
    },
    {
      "type": "Feature",
      "properties": {
        "name": "LEE",
        "street_key": "LEE"
      },
      "geometry": {
        "type": "Point",
        "coordinates": [
          -78.31869052034624,
          38.66085141197639
        ]
      }
    },
    {
      "type": "Feature",
      "properties": {
        "name": "US HWY 211",
        "street_key": "US HWY 211"
      },
      "geometry": {
        "type": "Point",
        "coordinates": [
          -78.3207132837754,
          38.66065060580981
        ]
      }
    },
    {
      "type": "Feature",
      "properties": {
        "name": "SKYLINE",
        "street_key": "SKYLINE"
      },
      "geometry": {
        "type": "Point",
        "coordinates": [
          -78.32140584427266,
          38.661624179609674
        ]
      }
    },
    {
      "type": "Feature",
      "properties": {
        "name": "SKYLINE",
        "street_key": "SKYLINE"
      },
      "geometry": {
        "type": "Point",
        "coordinates": [
          -78.36411690639198,
          38.601062330878726
        ]
      }
    },
    {
      "type": "Feature",
      "properties": {
        "name": "LEE",
        "street_key": "LEE"
      },
      "geometry": {
        "type": "Point",
        "coordinates": [
          -78.31911032484727,
          38.66066149681935
        ]
      }
    },
    {
      "type": "Feature",
      "properties": {
        "name": "US HWY 211",
        "street_key": "US HWY 211"
      },
      "geometry": {
        "type": "Point",
        "coordinates": [
          -78.45449109172996,
          38.67310100455876
        ]
      }
    },
    {
      "type": "Feature",
      "properties": {
        "name": "US HWY 340",
        "street_key": "US HWY 340"
      },
      "geometry": {
        "type": "Point",
        "coordinates": [
          -78.6248486770255,
          38.50592900047885
        ]
      }
    },
    {
      "type": "Feature",
      "properties": {
        "name": "SPOTSWOOD",
        "street_key": "SPOTSWOOD"
      },
      "geometry": {
        "type": "Point",
        "coordinates": [
          -78.62574410097571,
          38.4056417324636
        ]
      }
    },
    {
      "type": "Feature",
      "properties": {
        "name": "SPOTSWOOD",
        "street_key": "SPOTSWOOD"
      },
      "geometry": {
        "type": "Point",
        "coordinates": [
          -78.62574556606897,
          38.4054657255879
        ]
      }
    },
    {
      "type": "Feature",
      "properties": {
        "name": "SKYLINE",
        "street_key": "SKYLINE"
      },
      "geometry": {
        "type": "Point",
        "coordinates": [
          -78.4891470944129,
          38.414200950439096
        ]
      }
    },
    {
      "type": "Feature",
      "properties": {
        "name": "SKYLINE",
        "street_key": "SKYLINE"
      },
      "geometry": {
        "type": "Point",
        "coordinates": [
          -78.49768355813171,
          38.40501229793687
        ]
      }
    },
    {
      "type": "Feature",
      "properties": {
        "name": "CONICVILLE",
        "street_key": "CONICVILLE"
      },
      "geometry": {
        "type": "Point",
        "coordinates": [
          -78.6318920441204,
          38.76128231055767
        ]
      }
    },
    {
      "type": "Feature",
      "properties": {
        "name": "MT JACKSON",
        "street_key": "MT JACKSON"
      },
      "geometry": {
        "type": "Point",
        "coordinates": [
          -78.63303562565801,
          38.76182548283955
        ]
      }
    },
    {
      "type": "Feature",
      "properties": {
        "name": "MT JACKSON",
        "street_key": "MT JACKSON"
      },
      "geometry": {
        "type": "Point",
        "coordinates": [
          -78.63477822748777,
          38.7626379271022
        ]
      }
    },
    {
      "type": "Feature",
      "properties": {
        "name": "INTERSTATE 81 NB",
        "street_key": "INTERSTATE 81 NB"
      },
      "geometry": {
        "type": "Point",
        "coordinates": [
          -78.59445708573382,
          38.81328982102681
        ]
      }
    },
    {
      "type": "Feature",
      "properties": {
        "name": "STONEY CREEK",
        "street_key": "STONEY CREEK"
      },
      "geometry": {
        "type": "Point",
        "coordinates": [
          -78.57581424930964,
          38.829805641011916
        ]
      }
    },
    {
      "type": "Feature",
      "properties": {
        "name": "STONEY CREEK",
        "street_key": "STONEY CREEK"
      },
      "geometry": {
        "type": "Point",
        "coordinates": [
          -78.57717701290944,
          38.8303138288752
        ]
      }
    },
    {
      "type": "Feature",
      "properties": {
        "name": "INTERSTATE 81 NB",
        "street_key": "INTERSTATE 81 NB"
      },
      "geometry": {
        "type": "Point",
        "coordinates": [
          -78.57840238994892,
          38.82799529210861
        ]
      }
    },
    {
      "type": "Feature",
      "properties": {
        "name": "INTERSTATE 81 SB",
        "street_key": "INTERSTATE 81 SB"
      },
      "geometry": {
        "type": "Point",
        "coordinates": [
          -78.57886714011254,
          38.82826745817418
        ]
      }
    },
    {
      "type": "Feature",
      "properties": {
        "name": "MAIN",
        "street_key": "MAIN"
      },
      "geometry": {
        "type": "Point",
        "coordinates": [
          -78.50749027249547,
          38.57621505947309
        ]
      }
    },
    {
      "type": "Feature",
      "properties": {
        "name": "US HWY 211",
        "street_key": "US HWY 211"
      },
      "geometry": {
        "type": "Point",
        "coordinates": [
          -78.46839764515843,
          38.672581010025695
        ]
      }
    },
    {
      "type": "Feature",
      "properties": {
        "name": "US HWY 211",
        "street_key": "US HWY 211"
      },
      "geometry": {
        "type": "Point",
        "coordinates": [
          -78.46836166914568,
          38.672347699444316
        ]
      }
    },
    {
      "type": "Feature",
      "properties": {
        "name": "MAIN",
        "street_key": "MAIN"
      },
      "geometry": {
        "type": "Point",
        "coordinates": [
          -78.47557014609497,
          38.66410419157369
        ]
      }
    },
    {
      "type": "Feature",
      "properties": {
        "name": "LEE",
        "street_key": "LEE"
      },
      "geometry": {
        "type": "Point",
        "coordinates": [
          -78.62309657341574,
          38.6444230000755
        ]
      }
    },
    {
      "type": "Feature",
      "properties": {
        "name": "SPOTSWOOD",
        "street_key": "SPOTSWOOD"
      },
      "geometry": {
        "type": "Point",
        "coordinates": [
          -78.6510779098021,
          38.40544096303504
        ]
      }
    },
    {
      "type": "Feature",
      "properties": {
        "name": "SPOTSWOOD",
        "street_key": "SPOTSWOOD"
      },
      "geometry": {
        "type": "Point",
        "coordinates": [
          -78.60972868667574,
          38.403314513020085
        ]
      }
    },
    {
      "type": "Feature",
      "properties": {
        "name": "SPOTSWOOD",
        "street_key": "SPOTSWOOD"
      },
      "geometry": {
        "type": "Point",
        "coordinates": [
          -78.61064499433346,
          38.40387096870691
        ]
      }
    },
    {
      "type": "Feature",
      "properties": {
        "name": "EAST SIDE",
        "street_key": "EAST SIDE"
      },
      "geometry": {
        "type": "Point",
        "coordinates": [
          -78.6189738963041,
          38.404271623750354
        ]
      }
    },
    {
      "type": "Feature",
      "properties": {
        "name": "INTERSTATE 81 SB",
        "street_key": "INTERSTATE 81 SB"
      },
      "geometry": {
        "type": "Point",
        "coordinates": [
          -78.68648961303161,
          38.63554110762663
        ]
      }
    },
    {
      "type": "Feature",
      "properties": {
        "name": "INTERSTATE 81 NB",
        "street_key": "INTERSTATE 81 NB"
      },
      "geometry": {
        "type": "Point",
        "coordinates": [
          -78.68614206263757,
          38.63529428079441
        ]
      }
    },
    {
      "type": "Feature",
      "properties": {
        "name": "INTERSTATE 81 SB",
        "street_key": "INTERSTATE 81 SB"
      },
      "geometry": {
        "type": "Point",
        "coordinates": [
          -78.70291527652434,
          38.62127211517491
        ]
      }
    },
    {
      "type": "Feature",
      "properties": {
        "name": "INTERSTATE 81 NB",
        "street_key": "INTERSTATE 81 NB"
      },
      "geometry": {
        "type": "Point",
        "coordinates": [
          -78.70221016521616,
          38.62100708291168
        ]
      }
    },
    {
      "type": "Feature",
      "properties": {
        "name": "EAST SIDE",
        "street_key": "EAST SIDE"
      },
      "geometry": {
        "type": "Point",
        "coordinates": [
          -78.6191314202256,
          38.40383480116774
        ]
      }
    },
    {
      "type": "Feature",
      "properties": {
        "name": "INTERSTATE 81 SB",
        "street_key": "INTERSTATE 81 SB"
      },
      "geometry": {
        "type": "Point",
        "coordinates": [
          -78.71137506104171,
          38.61063679848503
        ]
      }
    },
    {
      "type": "Feature",
      "properties": {
        "name": "INTERSTATE 81 NB",
        "street_key": "INTERSTATE 81 NB"
      },
      "geometry": {
        "type": "Point",
        "coordinates": [
          -78.71102088272738,
          38.61018500524928
        ]
      }
    },
    {
      "type": "Feature",
      "properties": {
        "name": "INTERSTATE 81 SB",
        "street_key": "INTERSTATE 81 SB"
      },
      "geometry": {
        "type": "Point",
        "coordinates": [
          -78.62942145036716,
          38.765995328121406
        ]
      }
    },
    {
      "type": "Feature",
      "properties": {
        "name": "INTERSTATE 81 NB",
        "street_key": "INTERSTATE 81 NB"
      },
      "geometry": {
        "type": "Point",
        "coordinates": [
          -78.62926650948417,
          38.76534962773202
        ]
      }
    },
    {
      "type": "Feature",
      "properties": {
        "name": "SKYLINE",
        "street_key": "SKYLINE"
      },
      "geometry": {
        "type": "Point",
        "coordinates": [
          -78.48836932015284,
          38.4210993131042
        ]
      }
    },
    {
      "type": "Feature",
      "properties": {
        "name": "INTERSTATE 81 NB",
        "street_key": "INTERSTATE 81 NB"
      },
      "geometry": {
        "type": "Point",
        "coordinates": [
          -78.57077195859955,
          38.834063741819904
        ]
      }
    },
    {
      "type": "Feature",
      "properties": {
        "name": "INTERSTATE 81 NB",
        "street_key": "INTERSTATE 81 NB"
      },
      "geometry": {
        "type": "Point",
        "coordinates": [
          -78.56676650506985,
          38.836527480744344
        ]
      }
    },
    {
      "type": "Feature",
      "properties": {
        "name": "INTERSTATE 81 SB",
        "street_key": "INTERSTATE 81 SB"
      },
      "geometry": {
        "type": "Point",
        "coordinates": [
          -78.56730681662236,
          38.837090581623414
        ]
      }
    },
    {
      "type": "Feature",
      "properties": {
        "name": "INTERSTATE 81 SB",
        "street_key": "INTERSTATE 81 SB"
      },
      "geometry": {
        "type": "Point",
        "coordinates": [
          -78.5723319784131,
          38.833807550016985
        ]
      }
    },
    {
      "type": "Feature",
      "properties": {
        "name": "CONGRESS",
        "street_key": "CONGRESS"
      },
      "geometry": {
        "type": "Point",
        "coordinates": [
          -78.67551673600725,
          38.642319676675704
        ]
      }
    },
    {
      "type": "Feature",
      "properties": {
        "name": "US HWY BSN 340",
        "street_key": "US HWY BSN 340"
      },
      "geometry": {
        "type": "Point",
        "coordinates": [
          -78.55899296051086,
          38.590194497358254
        ]
      }
    },
    {
      "type": "Feature",
      "properties": {
        "name": "LEE",
        "street_key": "LEE"
      },
      "geometry": {
        "type": "Point",
        "coordinates": [
          -78.31825877872741,
          38.66095564073116
        ]
      }
    },
    {
      "type": "Feature",
      "properties": {
        "name": "US HWY 340",
        "street_key": "US HWY 340"
      },
      "geometry": {
        "type": "Point",
        "coordinates": [
          -78.61328644879471,
          38.469810937808845
        ]
      }
    },
    {
      "type": "Feature",
      "properties": {
        "name": "MAIN",
        "street_key": "MAIN"
      },
      "geometry": {
        "type": "Point",
        "coordinates": [
          -78.48896201221717,
          38.57917390600297
        ]
      }
    },
    {
      "type": "Feature",
      "properties": {
        "name": "SKYLINE",
        "street_key": "SKYLINE"
      },
      "geometry": {
        "type": "Point",
        "coordinates": [
          -78.46233600830979,
          38.45938191496118
        ]
      }
    },
    {
      "type": "Feature",
      "properties": {
        "name": "FIFTH",
        "street_key": "FIFTH"
      },
      "geometry": {
        "type": "Point",
        "coordinates": [
          -78.62257160493135,
          38.496593641015814
        ]
      }
    },
    {
      "type": "Feature",
      "properties": {
        "name": "SKYLINE",
        "street_key": "SKYLINE"
      },
      "geometry": {
        "type": "Point",
        "coordinates": [
          -78.37851901593376,
          38.570279547174934
        ]
      }
    },
    {
      "type": "Feature",
      "properties": {
        "name": "FOURTH",
        "street_key": "FOURTH"
      },
      "geometry": {
        "type": "Point",
        "coordinates": [
          -78.61918100049658,
          38.483703959652765
        ]
      }
    },
    {
      "type": "Feature",
      "properties": {
        "name": "FOURTH",
        "street_key": "FOURTH"
      },
      "geometry": {
        "type": "Point",
        "coordinates": [
          -78.61847747986172,
          38.48309110377961
        ]
      }
    },
    {
      "type": "Feature",
      "properties": {
        "name": "FOURTH",
        "street_key": "FOURTH"
      },
      "geometry": {
        "type": "Point",
        "coordinates": [
          -78.61800789209357,
          38.48268940320649
        ]
      }
    },
    {
      "type": "Feature",
      "properties": {
        "name": "FOURTH",
        "street_key": "FOURTH"
      },
      "geometry": {
        "type": "Point",
        "coordinates": [
          -78.617445187316,
          38.48221319711376
        ]
      }
    },
    {
      "type": "Feature",
      "properties": {
        "name": "FOURTH",
        "street_key": "FOURTH"
      },
      "geometry": {
        "type": "Point",
        "coordinates": [
          -78.62185224224575,
          38.48646980009669
        ]
      }
    },
    {
      "type": "Feature",
      "properties": {
        "name": "FOURTH",
        "street_key": "FOURTH"
      },
      "geometry": {
        "type": "Point",
        "coordinates": [
          -78.62078334725312,
          38.48535478933892
        ]
      }
    },
    {
      "type": "Feature",
      "properties": {
        "name": "FOURTH",
        "street_key": "FOURTH"
      },
      "geometry": {
        "type": "Point",
        "coordinates": [
          -78.61978681138488,
          38.484315163481284
        ]
      }
    },
    {
      "type": "Feature",
      "properties": {
        "name": "FOURTH",
        "street_key": "FOURTH"
      },
      "geometry": {
        "type": "Point",
        "coordinates": [
          -78.6236010186912,
          38.489687599872305
        ]
      }
    },
    {
      "type": "Feature",
      "properties": {
        "name": "FOURTH",
        "street_key": "FOURTH"
      },
      "geometry": {
        "type": "Point",
        "coordinates": [
          -78.62228473605118,
          38.48692338597317
        ]
      }
    },
    {
      "type": "Feature",
      "properties": {
        "name": "INTERSTATE 81 SB",
        "street_key": "INTERSTATE 81 SB"
      },
      "geometry": {
        "type": "Point",
        "coordinates": [
          -78.58153739117338,
          38.825965688522864
        ]
      }
    },
    {
      "type": "Feature",
      "properties": {
        "name": "LEE",
        "street_key": "LEE"
      },
      "geometry": {
        "type": "Point",
        "coordinates": [
          -78.662688953201,
          38.64887188897979
        ]
      }
    },
    {
      "type": "Feature",
      "properties": {
        "name": "INTERSTATE 81 NB",
        "street_key": "INTERSTATE 81 NB"
      },
      "geometry": {
        "type": "Point",
        "coordinates": [
          -78.65679076971442,
          38.70613891343875
        ]
      }
    },
    {
      "type": "Feature",
      "properties": {
        "name": "INTERSTATE 81 SB",
        "street_key": "INTERSTATE 81 SB"
      },
      "geometry": {
        "type": "Point",
        "coordinates": [
          -78.65733892664544,
          38.70598966797975
        ]
      }
    },
    {
      "type": "Feature",
      "properties": {
        "name": "INTERSTATE 81 SB",
        "street_key": "INTERSTATE 81 SB"
      },
      "geometry": {
        "type": "Point",
        "coordinates": [
          -78.65563156102694,
          38.692519381571046
        ]
      }
    },
    {
      "type": "Feature",
      "properties": {
        "name": "INTERSTATE 81 NB",
        "street_key": "INTERSTATE 81 NB"
      },
      "geometry": {
        "type": "Point",
        "coordinates": [
          -78.65459331124468,
          38.69238334758567
        ]
      }
    },
    {
      "type": "Feature",
      "properties": {
        "name": "INTERSTATE 81 SB",
        "street_key": "INTERSTATE 81 SB"
      },
      "geometry": {
        "type": "Point",
        "coordinates": [
          -78.61896594647587,
          38.77574091464057
        ]
      }
    },
    {
      "type": "Feature",
      "properties": {
        "name": "INTERSTATE 81 NB",
        "street_key": "INTERSTATE 81 NB"
      },
      "geometry": {
        "type": "Point",
        "coordinates": [
          -78.61847516081556,
          38.77547107693778
        ]
      }
    },
    {
      "type": "Feature",
      "properties": {
        "name": "INTERSTATE 81 SB",
        "street_key": "INTERSTATE 81 SB"
      },
      "geometry": {
        "type": "Point",
        "coordinates": [
          -78.61406899970422,
          38.78234389933992
        ]
      }
    },
    {
      "type": "Feature",
      "properties": {
        "name": "INTERSTATE 81 NB",
        "street_key": "INTERSTATE 81 NB"
      },
      "geometry": {
        "type": "Point",
        "coordinates": [
          -78.61352643327861,
          38.78209432912649
        ]
      }
    },
    {
      "type": "Feature",
      "properties": {
        "name": "INTERSTATE 81 SB",
        "street_key": "INTERSTATE 81 SB"
      },
      "geometry": {
        "type": "Point",
        "coordinates": [
          -78.60180824842412,
          38.806710274603894
        ]
      }
    },
    {
      "type": "Feature",
      "properties": {
        "name": "INTERSTATE 81 NB",
        "street_key": "INTERSTATE 81 NB"
      },
      "geometry": {
        "type": "Point",
        "coordinates": [
          -78.60066502271476,
          38.806873171736356
        ]
      }
    },
    {
      "type": "Feature",
      "properties": {
        "name": "INTERSTATE 81 NB",
        "street_key": "INTERSTATE 81 NB"
      },
      "geometry": {
        "type": "Point",
        "coordinates": [
          -78.58103476538223,
          38.82557729264982
        ]
      }
    },
    {
      "type": "Feature",
      "properties": {
        "name": "INTERSTATE 81 SB",
        "street_key": "INTERSTATE 81 SB"
      },
      "geometry": {
        "type": "Point",
        "coordinates": [
          -78.66083118445947,
          38.715574843162436
        ]
      }
    },
    {
      "type": "Feature",
      "properties": {
        "name": "INTERSTATE 81 NB",
        "street_key": "INTERSTATE 81 NB"
      },
      "geometry": {
        "type": "Point",
        "coordinates": [
          -78.66009735246365,
          38.715532861312724
        ]
      }
    },
    {
      "type": "Feature",
      "properties": {
        "name": "INTERSTATE 81 SB",
        "street_key": "INTERSTATE 81 SB"
      },
      "geometry": {
        "type": "Point",
        "coordinates": [
          -78.65144388267059,
          38.743983896820424
        ]
      }
    },
    {
      "type": "Feature",
      "properties": {
        "name": "INTERSTATE 81 NB",
        "street_key": "INTERSTATE 81 NB"
      },
      "geometry": {
        "type": "Point",
        "coordinates": [
          -78.65085412840067,
          38.743921786013004
        ]
      }
    },
    {
      "type": "Feature",
      "properties": {
        "name": "INTERSTATE 81 SB",
        "street_key": "INTERSTATE 81 SB"
      },
      "geometry": {
        "type": "Point",
        "coordinates": [
          -78.63580794316168,
          38.76117184378883
        ]
      }
    },
    {
      "type": "Feature",
      "properties": {
        "name": "INTERSTATE 81 NB",
        "street_key": "INTERSTATE 81 NB"
      },
      "geometry": {
        "type": "Point",
        "coordinates": [
          -78.63192773201678,
          38.76332390638455
        ]
      }
    },
    {
      "type": "Feature",
      "properties": {
        "name": "SPOTSWOOD",
        "street_key": "SPOTSWOOD"
      },
      "geometry": {
        "type": "Point",
        "coordinates": [
          -78.61076497500801,
          38.403652231942644
        ]
      }
    },
    {
      "type": "Feature",
      "properties": {
        "name": "INTERSTATE 81 NB",
        "street_key": "INTERSTATE 81 NB"
      },
      "geometry": {
        "type": "Point",
        "coordinates": [
          -78.70799978265165,
          38.61297430411717
        ]
      }
    },
    {
      "type": "Feature",
      "properties": {
        "name": "INTERSTATE 81 SB",
        "street_key": "INTERSTATE 81 SB"
      },
      "geometry": {
        "type": "Point",
        "coordinates": [
          -78.70850468795017,
          38.61340051878395
        ]
      }
    },
    {
      "type": "Feature",
      "properties": {
        "name": "INTERSTATE 81 NB",
        "street_key": "INTERSTATE 81 NB"
      },
      "geometry": {
        "type": "Point",
        "coordinates": [
          -78.7041168074419,
          38.617819169589154
        ]
      }
    },
    {
      "type": "Feature",
      "properties": {
        "name": "INTERSTATE 81 SB",
        "street_key": "INTERSTATE 81 SB"
      },
      "geometry": {
        "type": "Point",
        "coordinates": [
          -78.70488436081034,
          38.61802021455426
        ]
      }
    },
    {
      "type": "Feature",
      "properties": {
        "name": "STONEWALL JACKSON HWY",
        "street_key": "STONEWALL JACKSON HWY"
      },
      "geometry": {
        "type": "Point",
        "coordinates": [
          -78.34326274903465,
          38.814047762391795
        ]
      }
    },
    {
      "type": "Feature",
      "properties": {
        "name": "MAIN",
        "street_key": "MAIN"
      },
      "geometry": {
        "type": "Point",
        "coordinates": [
          -78.47835830660858,
          38.6629099742421
        ]
      }
    },
    {
      "type": "Feature",
      "properties": {
        "name": "MAIN",
        "street_key": "MAIN"
      },
      "geometry": {
        "type": "Point",
        "coordinates": [
          -78.4783959955392,
          38.66295493729329
        ]
      }
    },
    {
      "type": "Feature",
      "properties": {
        "name": "MAIN",
        "street_key": "MAIN"
      },
      "geometry": {
        "type": "Point",
        "coordinates": [
          -78.47859284798398,
          38.66284332430013
        ]
      }
    },
    {
      "type": "Feature",
      "properties": {
        "name": "MAIN",
        "street_key": "MAIN"
      },
      "geometry": {
        "type": "Point",
        "coordinates": [
          -78.47872559486939,
          38.6629222121777
        ]
      }
    },
    {
      "type": "Feature",
      "properties": {
        "name": "MAIN",
        "street_key": "MAIN"
      },
      "geometry": {
        "type": "Point",
        "coordinates": [
          -78.47887727112978,
          38.66290414314981
        ]
      }
    },
    {
      "type": "Feature",
      "properties": {
        "name": "MAIN",
        "street_key": "MAIN"
      },
      "geometry": {
        "type": "Point",
        "coordinates": [
          -78.47896479960035,
          38.6628232231077
        ]
      }
    },
    {
      "type": "Feature",
      "properties": {
        "name": "MAIN",
        "street_key": "MAIN"
      },
      "geometry": {
        "type": "Point",
        "coordinates": [
          -78.47894850661332,
          38.66268279292273
        ]
      }
    },
    {
      "type": "Feature",
      "properties": {
        "name": "MAIN",
        "street_key": "MAIN"
      },
      "geometry": {
        "type": "Point",
        "coordinates": [
          -78.47867635856639,
          38.66262340014966
        ]
      }
    },
    {
      "type": "Feature",
      "properties": {
        "name": "MAIN",
        "street_key": "MAIN"
      },
      "geometry": {
        "type": "Point",
        "coordinates": [
          -78.47914114898377,
          38.662573959556255
        ]
      }
    },
    {
      "type": "Feature",
      "properties": {
        "name": "MAIN",
        "street_key": "MAIN"
      },
      "geometry": {
        "type": "Point",
        "coordinates": [
          -78.47918111413982,
          38.66261627681081
        ]
      }
    },
    {
      "type": "Feature",
      "properties": {
        "name": "US HWY 340",
        "street_key": "US HWY 340"
      },
      "geometry": {
        "type": "Point",
        "coordinates": [
          -78.43040150832965,
          38.71497950338271
        ]
      }
    },
    {
      "type": "Feature",
      "properties": {
        "name": "US HWY BSN 340",
        "street_key": "US HWY BSN 340"
      },
      "geometry": {
        "type": "Point",
        "coordinates": [
          -78.57904826873508,
          38.58966359360266
        ]
      }
    },
    {
      "type": "Feature",
      "properties": {
        "name": "US HWY 340",
        "street_key": "US HWY 340"
      },
      "geometry": {
        "type": "Point",
        "coordinates": [
          -78.58107907500904,
          38.6313800882826
        ]
      }
    },
    {
      "type": "Feature",
      "properties": {
        "name": "LEE",
        "street_key": "LEE"
      },
      "geometry": {
        "type": "Point",
        "coordinates": [
          -78.65322653267889,
          38.64698841589871
        ]
      }
    },
    {
      "type": "Feature",
      "properties": {
        "name": "SENEDO",
        "street_key": "SENEDO"
      },
      "geometry": {
        "type": "Point",
        "coordinates": [
          -78.67824535988476,
          38.84042245597855
        ]
      }
    },
    {
      "type": "Feature",
      "properties": {
        "name": "FORT VALLEY",
        "street_key": "FORT VALLEY"
      },
      "geometry": {
        "type": "Point",
        "coordinates": [
          -78.46582030946392,
          38.79595947634989
        ]
      }
    },
    {
      "type": "Feature",
      "properties": {
        "name": "FORT VALLEY",
        "street_key": "FORT VALLEY"
      },
      "geometry": {
        "type": "Point",
        "coordinates": [
          -78.46342678664038,
          38.798546483721275
        ]
      }
    },
    {
      "type": "Feature",
      "properties": {
        "name": "HEADQUARTERS",
        "street_key": "HEADQUARTERS"
      },
      "geometry": {
        "type": "Point",
        "coordinates": [
          -78.63571123347764,
          38.828822645160024
        ]
      }
    },
    {
      "type": "Feature",
      "properties": {
        "name": "HEADQUARTERS",
        "street_key": "HEADQUARTERS"
      },
      "geometry": {
        "type": "Point",
        "coordinates": [
          -78.63684129109915,
          38.82445151898378
        ]
      }
    },
    {
      "type": "Feature",
      "properties": {
        "name": "HEADQUARTERS",
        "street_key": "HEADQUARTERS"
      },
      "geometry": {
        "type": "Point",
        "coordinates": [
          -78.63705394151361,
          38.81777307904478
        ]
      }
    },
    {
      "type": "Feature",
      "properties": {
        "name": "STONEY CREEK",
        "street_key": "STONEY CREEK"
      },
      "geometry": {
        "type": "Point",
        "coordinates": [
          -78.58035204723939,
          38.83150108686618
        ]
      }
    },
    {
      "type": "Feature",
      "properties": {
        "name": "GROVE HILL RIVER",
        "street_key": "GROVE HILL RIVER"
      },
      "geometry": {
        "type": "Point",
        "coordinates": [
          -78.5749793178045,
          38.54974751843533
        ]
      }
    },
    {
      "type": "Feature",
      "properties": {
        "name": "GROVE HILL RIVER",
        "street_key": "GROVE HILL RIVER"
      },
      "geometry": {
        "type": "Point",
        "coordinates": [
          -78.57280066973642,
          38.55188326038585
        ]
      }
    },
    {
      "type": "Feature",
      "properties": {
        "name": "CAMP ROOSEVELT",
        "street_key": "CAMP ROOSEVELT"
      },
      "geometry": {
        "type": "Point",
        "coordinates": [
          -78.49759672292353,
          38.76338749939266
        ]
      }
    },
    {
      "type": "Feature",
      "properties": {
        "name": "CONICVILLE",
        "street_key": "CONICVILLE"
      },
      "geometry": {
        "type": "Point",
        "coordinates": [
          -78.6851195435889,
          38.82944693723039
        ]
      }
    },
    {
      "type": "Feature",
      "properties": {
        "name": "CROOKED RUN",
        "street_key": "CROOKED RUN"
      },
      "geometry": {
        "type": "Point",
        "coordinates": [
          -78.70519764673547,
          38.77016157516013
        ]
      }
    },
    {
      "type": "Feature",
      "properties": {
        "name": "CAVERNS",
        "street_key": "CAVERNS"
      },
      "geometry": {
        "type": "Point",
        "coordinates": [
          -78.65109071034783,
          38.70672682186168
        ]
      }
    },
    {
      "type": "Feature",
      "properties": {
        "name": "CAVERNS",
        "street_key": "CAVERNS"
      },
      "geometry": {
        "type": "Point",
        "coordinates": [
          -78.65477024719534,
          38.70526439423748
        ]
      }
    },
    {
      "type": "Feature",
      "properties": {
        "name": "FORT VALLEY",
        "street_key": "FORT VALLEY"
      },
      "geometry": {
        "type": "Point",
        "coordinates": [
          -78.43005403911349,
          38.83090750959031
        ]
      }
    },
    {
      "type": "Feature",
      "properties": {
        "name": "FORT VALLEY",
        "street_key": "FORT VALLEY"
      },
      "geometry": {
        "type": "Point",
        "coordinates": [
          -78.42576949820719,
          38.8336757404073
        ]
      }
    },
    {
      "type": "Feature",
      "properties": {
        "name": "CAMP ROOSEVELT",
        "street_key": "CAMP ROOSEVELT"
      },
      "geometry": {
        "type": "Point",
        "coordinates": [
          -78.5109754027521,
          38.739417276752285
        ]
      }
    },
    {
      "type": "Feature",
      "properties": {
        "name": "CAMP ROOSEVELT",
        "street_key": "CAMP ROOSEVELT"
      },
      "geometry": {
        "type": "Point",
        "coordinates": [
          -78.50469331213485,
          38.755068027126484
        ]
      }
    },
    {
      "type": "Feature",
      "properties": {
        "name": "CAMP ROOSEVELT",
        "street_key": "CAMP ROOSEVELT"
      },
      "geometry": {
        "type": "Point",
        "coordinates": [
          -78.49431392455743,
          38.76619745813727
        ]
      }
    },
    {
      "type": "Feature",
      "properties": {
        "name": "CAMP ROOSEVELT",
        "street_key": "CAMP ROOSEVELT"
      },
      "geometry": {
        "type": "Point",
        "coordinates": [
          -78.49691762314461,
          38.76808195422064
        ]
      }
    },
    {
      "type": "Feature",
      "properties": {
        "name": "CROOKED RUN",
        "street_key": "CROOKED RUN"
      },
      "geometry": {
        "type": "Point",
        "coordinates": [
          -78.71613153686339,
          38.777936183437866
        ]
      }
    },
    {
      "type": "Feature",
      "properties": {
        "name": "JEROME",
        "street_key": "JEROME"
      },
      "geometry": {
        "type": "Point",
        "coordinates": [
          -78.70080547226303,
          38.83808402838982
        ]
      }
    },
    {
      "type": "Feature",
      "properties": {
        "name": "JEROME",
        "street_key": "JEROME"
      },
      "geometry": {
        "type": "Point",
        "coordinates": [
          -78.6976573131043,
          38.83564855390882
        ]
      }
    },
    {
      "type": "Feature",
      "properties": {
        "name": "CAVE RIDGE",
        "street_key": "CAVE RIDGE"
      },
      "geometry": {
        "type": "Point",
        "coordinates": [
          -78.66481617054109,
          38.82962295211266
        ]
      }
    },
    {
      "type": "Feature",
      "properties": {
        "name": "JEROME",
        "street_key": "JEROME"
      },
      "geometry": {
        "type": "Point",
        "coordinates": [
          -78.70472092658036,
          38.839638836926156
        ]
      }
    },
    {
      "type": "Feature",
      "properties": {
        "name": "CAVE RIDGE",
        "street_key": "CAVE RIDGE"
      },
      "geometry": {
        "type": "Point",
        "coordinates": [
          -78.67888737786836,
          38.82875188821081
        ]
      }
    },
    {
      "type": "Feature",
      "properties": {
        "name": "HEADQUARTERS",
        "street_key": "HEADQUARTERS"
      },
      "geometry": {
        "type": "Point",
        "coordinates": [
          -78.6367622651257,
          38.81010047937707
        ]
      }
    },
    {
      "type": "Feature",
      "properties": {
        "name": "CAVE RIDGE",
        "street_key": "CAVE RIDGE"
      },
      "geometry": {
        "type": "Point",
        "coordinates": [
          -78.64734894992817,
          38.83452400346988
        ]
      }
    },
    {
      "type": "Feature",
      "properties": {
        "name": "HEADQUARTERS",
        "street_key": "HEADQUARTERS"
      },
      "geometry": {
        "type": "Point",
        "coordinates": [
          -78.63803030680312,
          38.833306101122794
        ]
      }
    },
    {
      "type": "Feature",
      "properties": {
        "name": "MIDDLE",
        "street_key": "MIDDLE"
      },
      "geometry": {
        "type": "Point",
        "coordinates": [
          -78.62140402949466,
          38.80282316670402
        ]
      }
    },
    {
      "type": "Feature",
      "properties": {
        "name": "HEADQUARTERS",
        "street_key": "HEADQUARTERS"
      },
      "geometry": {
        "type": "Point",
        "coordinates": [
          -78.63719518978226,
          38.79888238682514
        ]
      }
    },
    {
      "type": "Feature",
      "properties": {
        "name": "MIDDLE",
        "street_key": "MIDDLE"
      },
      "geometry": {
        "type": "Point",
        "coordinates": [
          -78.63111253856282,
          38.79620760266404
        ]
      }
    },
    {
      "type": "Feature",
      "properties": {
        "name": "MIDDLE",
        "street_key": "MIDDLE"
      },
      "geometry": {
        "type": "Point",
        "coordinates": [
          -78.62634812693813,
          38.79860111189463
        ]
      }
    },
    {
      "type": "Feature",
      "properties": {
        "name": "HEADQUARTERS",
        "street_key": "HEADQUARTERS"
      },
      "geometry": {
        "type": "Point",
        "coordinates": [
          -78.63684080007758,
          38.80617167726276
        ]
      }
    },
    {
      "type": "Feature",
      "properties": {
        "name": "MIDDLE",
        "street_key": "MIDDLE"
      },
      "geometry": {
        "type": "Point",
        "coordinates": [
          -78.63751259389427,
          38.79067422550533
        ]
      }
    },
    {
      "type": "Feature",
      "properties": {
        "name": "MIDDLE",
        "street_key": "MIDDLE"
      },
      "geometry": {
        "type": "Point",
        "coordinates": [
          -78.623773649808,
          38.800266908063136
        ]
      }
    },
    {
      "type": "Feature",
      "properties": {
        "name": "MIDDLE",
        "street_key": "MIDDLE"
      },
      "geometry": {
        "type": "Point",
        "coordinates": [
          -78.61364380449528,
          38.80681334299413
        ]
      }
    },
    {
      "type": "Feature",
      "properties": {
        "name": "MIDDLE",
        "street_key": "MIDDLE"
      },
      "geometry": {
        "type": "Point",
        "coordinates": [
          -78.5933384963564,
          38.808548244953315
        ]
      }
    },
    {
      "type": "Feature",
      "properties": {
        "name": "EDINBURG GAP",
        "street_key": "EDINBURG GAP"
      },
      "geometry": {
        "type": "Point",
        "coordinates": [
          -78.5312119644625,
          38.814430439893144
        ]
      }
    },
    {
      "type": "Feature",
      "properties": {
        "name": "EDINBURG GAP",
        "street_key": "EDINBURG GAP"
      },
      "geometry": {
        "type": "Point",
        "coordinates": [
          -78.53470207194174,
          38.81799712196174
        ]
      }
    },
    {
      "type": "Feature",
      "properties": {
        "name": "MIDDLE",
        "street_key": "MIDDLE"
      },
      "geometry": {
        "type": "Point",
        "coordinates": [
          -78.59493301085655,
          38.809282098614005
        ]
      }
    },
    {
      "type": "Feature",
      "properties": {
        "name": "MIDDLE",
        "street_key": "MIDDLE"
      },
      "geometry": {
        "type": "Point",
        "coordinates": [
          -78.6031993502651,
          38.80913765501651
        ]
      }
    },
    {
      "type": "Feature",
      "properties": {
        "name": "STONEY CREEK",
        "street_key": "STONEY CREEK"
      },
      "geometry": {
        "type": "Point",
        "coordinates": [
          -78.59435037898757,
          38.84292449922564
        ]
      }
    },
    {
      "type": "Feature",
      "properties": {
        "name": "EDINBURG GAP",
        "street_key": "EDINBURG GAP"
      },
      "geometry": {
        "type": "Point",
        "coordinates": [
          -78.5352861051285,
          38.81862066288594
        ]
      }
    },
    {
      "type": "Feature",
      "properties": {
        "name": "MIDDLE",
        "street_key": "MIDDLE"
      },
      "geometry": {
        "type": "Point",
        "coordinates": [
          -78.60025977473308,
          38.810010153075524
        ]
      }
    },
    {
      "type": "Feature",
      "properties": {
        "name": "EDINBURG GAP",
        "street_key": "EDINBURG GAP"
      },
      "geometry": {
        "type": "Point",
        "coordinates": [
          -78.54740122154809,
          38.82339834581141
        ]
      }
    },
    {
      "type": "Feature",
      "properties": {
        "name": "EDINBURG GAP",
        "street_key": "EDINBURG GAP"
      },
      "geometry": {
        "type": "Point",
        "coordinates": [
          -78.55251038250832,
          38.82364476452102
        ]
      }
    },
    {
      "type": "Feature",
      "properties": {
        "name": "STONEY CREEK",
        "street_key": "STONEY CREEK"
      },
      "geometry": {
        "type": "Point",
        "coordinates": [
          -78.58893651640756,
          38.83844310887012
        ]
      }
    },
    {
      "type": "Feature",
      "properties": {
        "name": "STONEY CREEK",
        "street_key": "STONEY CREEK"
      },
      "geometry": {
        "type": "Point",
        "coordinates": [
          -78.5829401505967,
          38.832361631602694
        ]
      }
    },
    {
      "type": "Feature",
      "properties": {
        "name": "STONEY CREEK",
        "street_key": "STONEY CREEK"
      },
      "geometry": {
        "type": "Point",
        "coordinates": [
          -78.58576876200699,
          38.83275746916874
        ]
      }
    },
    {
      "type": "Feature",
      "properties": {
        "name": "EDINBURG GAP",
        "street_key": "EDINBURG GAP"
      },
      "geometry": {
        "type": "Point",
        "coordinates": [
          -78.52031432466296,
          38.795790734507584
        ]
      }
    },
    {
      "type": "Feature",
      "properties": {
        "name": "MIDDLE",
        "street_key": "MIDDLE"
      },
      "geometry": {
        "type": "Point",
        "coordinates": [
          -78.59595244507129,
          38.80971409120615
        ]
      }
    },
    {
      "type": "Feature",
      "properties": {
        "name": "MIDDLE",
        "street_key": "MIDDLE"
      },
      "geometry": {
        "type": "Point",
        "coordinates": [
          -78.5981591127518,
          38.81026045996466
        ]
      }
    },
    {
      "type": "Feature",
      "properties": {
        "name": "EDINBURG GAP",
        "street_key": "EDINBURG GAP"
      },
      "geometry": {
        "type": "Point",
        "coordinates": [
          -78.52612206888166,
          38.80671199812583
        ]
      }
    },
    {
      "type": "Feature",
      "properties": {
        "name": "QUICKSBURG",
        "street_key": "QUICKSBURG"
      },
      "geometry": {
        "type": "Point",
        "coordinates": [
          -78.66095992600434,
          38.68526467029735
        ]
      }
    },
    {
      "type": "Feature",
      "properties": {
        "name": "CROSSOVER",
        "street_key": "CROSSOVER"
      },
      "geometry": {
        "type": "Point",
        "coordinates": [
          -78.70607667614605,
          38.61671898872078
        ]
      }
    },
    {
      "type": "Feature",
      "properties": {
        "name": "RAMP",
        "street_key": "RAMP"
      },
      "geometry": {
        "type": "Point",
        "coordinates": [
          -78.70652872433234,
          38.61408767097771
        ]
      }
    },
    {
      "type": "Feature",
      "properties": {
        "name": "QUICKSBURG",
        "street_key": "QUICKSBURG"
      },
      "geometry": {
        "type": "Point",
        "coordinates": [
          -78.65609950977604,
          38.681971238848845
        ]
      }
    },
    {
      "type": "Feature",
      "properties": {
        "name": "QUICKSBURG",
        "street_key": "QUICKSBURG"
      },
      "geometry": {
        "type": "Point",
        "coordinates": [
          -78.66569584675551,
          38.68850730337547
        ]
      }
    },
    {
      "type": "Feature",
      "properties": {
        "name": "QUICKSBURG",
        "street_key": "QUICKSBURG"
      },
      "geometry": {
        "type": "Point",
        "coordinates": [
          -78.68372908358077,
          38.69510623462381
        ]
      }
    },
    {
      "type": "Feature",
      "properties": {
        "name": "QUICKSBURG",
        "street_key": "QUICKSBURG"
      },
      "geometry": {
        "type": "Point",
        "coordinates": [
          -78.67424284481672,
          38.69151498210699
        ]
      }
    },
    {
      "type": "Feature",
      "properties": {
        "name": "QUICKSBURG",
        "street_key": "QUICKSBURG"
      },
      "geometry": {
        "type": "Point",
        "coordinates": [
          -78.682005776791,
          38.70020834159193
        ]
      }
    },
    {
      "type": "Feature",
      "properties": {
        "name": "QUICKSBURG",
        "street_key": "QUICKSBURG"
      },
      "geometry": {
        "type": "Point",
        "coordinates": [
          -78.68612764946234,
          38.7040313962883
        ]
      }
    },
    {
      "type": "Feature",
      "properties": {
        "name": "CAVERNS",
        "street_key": "CAVERNS"
      },
      "geometry": {
        "type": "Point",
        "coordinates": [
          -78.6565344573787,
          38.70469566292347
        ]
      }
    },
    {
      "type": "Feature",
      "properties": {
        "name": "QUICKSBURG",
        "street_key": "QUICKSBURG"
      },
      "geometry": {
        "type": "Point",
        "coordinates": [
          -78.68000475915848,
          38.69297152819083
        ]
      }
    },
    {
      "type": "Feature",
      "properties": {
        "name": "MIDDLE",
        "street_key": "MIDDLE"
      },
      "geometry": {
        "type": "Point",
        "coordinates": [
          -78.70688993585172,
          38.73334933258713
        ]
      }
    },
    {
      "type": "Feature",
      "properties": {
        "name": "MIDDLE",
        "street_key": "MIDDLE"
      },
      "geometry": {
        "type": "Point",
        "coordinates": [
          -78.65389915974666,
          38.77394919249718
        ]
      }
    },
    {
      "type": "Feature",
      "properties": {
        "name": "QUICKSBURG",
        "street_key": "QUICKSBURG"
      },
      "geometry": {
        "type": "Point",
        "coordinates": [
          -78.71142301461191,
          38.70549868749214
        ]
      }
    },
    {
      "type": "Feature",
      "properties": {
        "name": "MT JACKSON",
        "street_key": "MT JACKSON"
      },
      "geometry": {
        "type": "Point",
        "coordinates": [
          -78.64519806028315,
          38.76334093046247
        ]
      }
    },
    {
      "type": "Feature",
      "properties": {
        "name": "MIDDLE",
        "street_key": "MIDDLE"
      },
      "geometry": {
        "type": "Point",
        "coordinates": [
          -78.64482593481664,
          38.78347235627956
        ]
      }
    },
    {
      "type": "Feature",
      "properties": {
        "name": "MIDDLE",
        "street_key": "MIDDLE"
      },
      "geometry": {
        "type": "Point",
        "coordinates": [
          -78.67373361230118,
          38.752533844887544
        ]
      }
    },
    {
      "type": "Feature",
      "properties": {
        "name": "CROOKED RUN",
        "street_key": "CROOKED RUN"
      },
      "geometry": {
        "type": "Point",
        "coordinates": [
          -78.71008229223045,
          38.774950514004054
        ]
      }
    },
    {
      "type": "Feature",
      "properties": {
        "name": "MIDDLE",
        "street_key": "MIDDLE"
      },
      "geometry": {
        "type": "Point",
        "coordinates": [
          -78.71557323171487,
          38.72393855784933
        ]
      }
    },
    {
      "type": "Feature",
      "properties": {
        "name": "MT JACKSON",
        "street_key": "MT JACKSON"
      },
      "geometry": {
        "type": "Point",
        "coordinates": [
          -78.63776905445678,
          38.76353786108278
        ]
      }
    },
    {
      "type": "Feature",
      "properties": {
        "name": "MT JACKSON",
        "street_key": "MT JACKSON"
      },
      "geometry": {
        "type": "Point",
        "coordinates": [
          -78.64101784106202,
          38.763189951391574
        ]
      }
    },
    {
      "type": "Feature",
      "properties": {
        "name": "MIDDLE",
        "street_key": "MIDDLE"
      },
      "geometry": {
        "type": "Point",
        "coordinates": [
          -78.69759096066599,
          38.73808140259035
        ]
      }
    },
    {
      "type": "Feature",
      "properties": {
        "name": "MIDDLE",
        "street_key": "MIDDLE"
      },
      "geometry": {
        "type": "Point",
        "coordinates": [
          -78.68404356883212,
          38.746276914073626
        ]
      }
    },
    {
      "type": "Feature",
      "properties": {
        "name": "MT JACKSON",
        "street_key": "MT JACKSON"
      },
      "geometry": {
        "type": "Point",
        "coordinates": [
          -78.63571563233872,
          38.76305054734803
        ]
      }
    },
    {
      "type": "Feature",
      "properties": {
        "name": "MIDDLE",
        "street_key": "MIDDLE"
      },
      "geometry": {
        "type": "Point",
        "coordinates": [
          -78.66418597206817,
          38.7627182274131
        ]
      }
    },
    {
      "type": "Feature",
      "properties": {
        "name": "MT JACKSON",
        "street_key": "MT JACKSON"
      },
      "geometry": {
        "type": "Point",
        "coordinates": [
          -78.65262690015527,
          38.766526993615585
        ]
      }
    },
    {
      "type": "Feature",
      "properties": {
        "name": "EGYPT BEND",
        "street_key": "EGYPT BEND"
      },
      "geometry": {
        "type": "Point",
        "coordinates": [
          -78.51303335241856,
          38.68651933402361
        ]
      }
    },
    {
      "type": "Feature",
      "properties": {
        "name": "FORT VALLEY",
        "street_key": "FORT VALLEY"
      },
      "geometry": {
        "type": "Point",
        "coordinates": [
          -78.50334724180186,
          38.71036929000556
        ]
      }
    },
    {
      "type": "Feature",
      "properties": {
        "name": "FORT VALLEY",
        "street_key": "FORT VALLEY"
      },
      "geometry": {
        "type": "Point",
        "coordinates": [
          -78.51607473384837,
          38.71248002524635
        ]
      }
    },
    {
      "type": "Feature",
      "properties": {
        "name": "EDINBURG GAP",
        "street_key": "EDINBURG GAP"
      },
      "geometry": {
        "type": "Point",
        "coordinates": [
          -78.50037156875362,
          38.77284511435344
        ]
      }
    },
    {
      "type": "Feature",
      "properties": {
        "name": "EDINBURG GAP",
        "street_key": "EDINBURG GAP"
      },
      "geometry": {
        "type": "Point",
        "coordinates": [
          -78.51555405773017,
          38.783825095301495
        ]
      }
    },
    {
      "type": "Feature",
      "properties": {
        "name": "FORT VALLEY",
        "street_key": "FORT VALLEY"
      },
      "geometry": {
        "type": "Point",
        "coordinates": [
          -78.49859166842471,
          38.7707375289897
        ]
      }
    },
    {
      "type": "Feature",
      "properties": {
        "name": "EDINBURG GAP",
        "street_key": "EDINBURG GAP"
      },
      "geometry": {
        "type": "Point",
        "coordinates": [
          -78.50405933118238,
          38.779393171623234
        ]
      }
    },
    {
      "type": "Feature",
      "properties": {
        "name": "CAMP ROOSEVELT",
        "street_key": "CAMP ROOSEVELT"
      },
      "geometry": {
        "type": "Point",
        "coordinates": [
          -78.49781421905939,
          38.76862807535635
        ]
      }
    },
    {
      "type": "Feature",
      "properties": {
        "name": "FORT VALLEY",
        "street_key": "FORT VALLEY"
      },
      "geometry": {
        "type": "Point",
        "coordinates": [
          -78.49110295990275,
          38.77853504822992
        ]
      }
    },
    {
      "type": "Feature",
      "properties": {
        "name": "FORT VALLEY",
        "street_key": "FORT VALLEY"
      },
      "geometry": {
        "type": "Point",
        "coordinates": [
          -78.47895184616893,
          38.78631074397554
        ]
      }
    },
    {
      "type": "Feature",
      "properties": {
        "name": "BIXLERS FERRY",
        "street_key": "BIXLERS FERRY"
      },
      "geometry": {
        "type": "Point",
        "coordinates": [
          -78.49154600876341,
          38.69513865493038
        ]
      }
    },
    {
      "type": "Feature",
      "properties": {
        "name": "BIXLERS FERRY",
        "street_key": "BIXLERS FERRY"
      },
      "geometry": {
        "type": "Point",
        "coordinates": [
          -78.48391880046329,
          38.68507405379144
        ]
      }
    },
    {
      "type": "Feature",
      "properties": {
        "name": "EGYPT BEND",
        "street_key": "EGYPT BEND"
      },
      "geometry": {
        "type": "Point",
        "coordinates": [
          -78.51124862114844,
          38.69017701263688
        ]
      }
    },
    {
      "type": "Feature",
      "properties": {
        "name": "FORT VALLEY",
        "street_key": "FORT VALLEY"
      },
      "geometry": {
        "type": "Point",
        "coordinates": [
          -78.50014589200512,
          38.70528653247891
        ]
      }
    },
    {
      "type": "Feature",
      "properties": {
        "name": "CAMP ROOSEVELT",
        "street_key": "CAMP ROOSEVELT"
      },
      "geometry": {
        "type": "Point",
        "coordinates": [
          -78.49879580050512,
          38.769739690418945
        ]
      }
    },
    {
      "type": "Feature",
      "properties": {
        "name": "EGYPT BEND",
        "street_key": "EGYPT BEND"
      },
      "geometry": {
        "type": "Point",
        "coordinates": [
          -78.50866798840461,
          38.69902622837022
        ]
      }
    },
    {
      "type": "Feature",
      "properties": {
        "name": "EGYPT BEND",
        "street_key": "EGYPT BEND"
      },
      "geometry": {
        "type": "Point",
        "coordinates": [
          -78.50282191483856,
          38.70257203451853
        ]
      }
    },
    {
      "type": "Feature",
      "properties": {
        "name": "EGYPT BEND",
        "street_key": "EGYPT BEND"
      },
      "geometry": {
        "type": "Point",
        "coordinates": [
          -78.52485702780233,
          38.67923666724066
        ]
      }
    },
    {
      "type": "Feature",
      "properties": {
        "name": "MILL CREEK CROSSROADS",
        "street_key": "MILL CREEK CROSSROADS"
      },
      "geometry": {
        "type": "Point",
        "coordinates": [
          -78.5220514213922,
          38.61750277173597
        ]
      }
    },
    {
      "type": "Feature",
      "properties": {
        "name": "LEAKSVILLE",
        "street_key": "LEAKSVILLE"
      },
      "geometry": {
        "type": "Point",
        "coordinates": [
          -78.53888166038674,
          38.612251985851486
        ]
      }
    },
    {
      "type": "Feature",
      "properties": {
        "name": "AIRPORT",
        "street_key": "AIRPORT"
      },
      "geometry": {
        "type": "Point",
        "coordinates": [
          -78.5066769453187,
          38.66095843044468
        ]
      }
    },
    {
      "type": "Feature",
      "properties": {
        "name": "BIG OAK",
        "street_key": "BIG OAK"
      },
      "geometry": {
        "type": "Point",
        "coordinates": [
          -78.49573873155109,
          38.65800328719153
        ]
      }
    },
    {
      "type": "Feature",
      "properties": {
        "name": "BIG OAK",
        "street_key": "BIG OAK"
      },
      "geometry": {
        "type": "Point",
        "coordinates": [
          -78.49537037091676,
          38.66025276893699
        ]
      }
    },
    {
      "type": "Feature",
      "properties": {
        "name": "BIG OAK",
        "street_key": "BIG OAK"
      },
      "geometry": {
        "type": "Point",
        "coordinates": [
          -78.51025421665346,
          38.64983734751847
        ]
      }
    },
    {
      "type": "Feature",
      "properties": {
        "name": "LEAKSVILLE",
        "street_key": "LEAKSVILLE"
      },
      "geometry": {
        "type": "Point",
        "coordinates": [
          -78.48348931863283,
          38.65179435632076
        ]
      }
    },
    {
      "type": "Feature",
      "properties": {
        "name": "BIXLERS FERRY",
        "street_key": "BIXLERS FERRY"
      },
      "geometry": {
        "type": "Point",
        "coordinates": [
          -78.47984326157199,
          38.67619009710674
        ]
      }
    },
    {
      "type": "Feature",
      "properties": {
        "name": "LEAKSVILLE",
        "street_key": "LEAKSVILLE"
      },
      "geometry": {
        "type": "Point",
        "coordinates": [
          -78.48212412957967,
          38.655762420480904
        ]
      }
    },
    {
      "type": "Feature",
      "properties": {
        "name": "LEAKSVILLE",
        "street_key": "LEAKSVILLE"
      },
      "geometry": {
        "type": "Point",
        "coordinates": [
          -78.50489597068376,
          38.63870560223278
        ]
      }
    },
    {
      "type": "Feature",
      "properties": {
        "name": "LEAKSVILLE",
        "street_key": "LEAKSVILLE"
      },
      "geometry": {
        "type": "Point",
        "coordinates": [
          -78.4915490157092,
          38.64535270222109
        ]
      }
    },
    {
      "type": "Feature",
      "properties": {
        "name": "AIRPORT",
        "street_key": "AIRPORT"
      },
      "geometry": {
        "type": "Point",
        "coordinates": [
          -78.48417048771523,
          38.67361419439979
        ]
      }
    },
    {
      "type": "Feature",
      "properties": {
        "name": "EGYPT BEND",
        "street_key": "EGYPT BEND"
      },
      "geometry": {
        "type": "Point",
        "coordinates": [
          -78.53748820471294,
          38.662491855405115
        ]
      }
    },
    {
      "type": "Feature",
      "properties": {
        "name": "EGYPT BEND",
        "street_key": "EGYPT BEND"
      },
      "geometry": {
        "type": "Point",
        "coordinates": [
          -78.54787210343892,
          38.64403058305836
        ]
      }
    },
    {
      "type": "Feature",
      "properties": {
        "name": "AIRPORT",
        "street_key": "AIRPORT"
      },
      "geometry": {
        "type": "Point",
        "coordinates": [
          -78.49652389891338,
          38.667474965403706
        ]
      }
    },
    {
      "type": "Feature",
      "properties": {
        "name": "LEAKSVILLE",
        "street_key": "LEAKSVILLE"
      },
      "geometry": {
        "type": "Point",
        "coordinates": [
          -78.55760862651006,
          38.591384294651625
        ]
      }
    },
    {
      "type": "Feature",
      "properties": {
        "name": "LEAKSVILLE",
        "street_key": "LEAKSVILLE"
      },
      "geometry": {
        "type": "Point",
        "coordinates": [
          -78.48258075785292,
          38.653607338993176
        ]
      }
    },
    {
      "type": "Feature",
      "properties": {
        "name": "AIRPORT",
        "street_key": "AIRPORT"
      },
      "geometry": {
        "type": "Point",
        "coordinates": [
          -78.49103593320643,
          38.67091648116645
        ]
      }
    },
    {
      "type": "Feature",
      "properties": {
        "name": "LEAKSVILLE",
        "street_key": "LEAKSVILLE"
      },
      "geometry": {
        "type": "Point",
        "coordinates": [
          -78.55778172615555,
          38.59088501231034
        ]
      }
    },
    {
      "type": "Feature",
      "properties": {
        "name": "ROCKINGHAM",
        "street_key": "ROCKINGHAM"
      },
      "geometry": {
        "type": "Point",
        "coordinates": [
          -78.58909762365931,
          38.59314649916218
        ]
      }
    },
    {
      "type": "Feature",
      "properties": {
        "name": "LEAKSVILLE",
        "street_key": "LEAKSVILLE"
      },
      "geometry": {
        "type": "Point",
        "coordinates": [
          -78.55616288521918,
          38.59605195654917
        ]
      }
    },
    {
      "type": "Feature",
      "properties": {
        "name": "LEAKSVILLE",
        "street_key": "LEAKSVILLE"
      },
      "geometry": {
        "type": "Point",
        "coordinates": [
          -78.54880530413264,
          38.6016547077053
        ]
      }
    },
    {
      "type": "Feature",
      "properties": {
        "name": "EGYPT BEND",
        "street_key": "EGYPT BEND"
      },
      "geometry": {
        "type": "Point",
        "coordinates": [
          -78.546821469288,
          38.648654390585975
        ]
      }
    },
    {
      "type": "Feature",
      "properties": {
        "name": "AIRPORT",
        "street_key": "AIRPORT"
      },
      "geometry": {
        "type": "Point",
        "coordinates": [
          -78.50757889990345,
          38.658922486502256
        ]
      }
    },
    {
      "type": "Feature",
      "properties": {
        "name": "BIG OAK",
        "street_key": "BIG OAK"
      },
      "geometry": {
        "type": "Point",
        "coordinates": [
          -78.49540520800632,
          38.65514864406891
        ]
      }
    },
    {
      "type": "Feature",
      "properties": {
        "name": "BIG OAK",
        "street_key": "BIG OAK"
      },
      "geometry": {
        "type": "Point",
        "coordinates": [
          -78.4943324876122,
          38.65615166495251
        ]
      }
    },
    {
      "type": "Feature",
      "properties": {
        "name": "LAKEWOOD",
        "street_key": "LAKEWOOD"
      },
      "geometry": {
        "type": "Point",
        "coordinates": [
          -78.47909838353769,
          38.65085888694444
        ]
      }
    },
    {
      "type": "Feature",
      "properties": {
        "name": "MILL CREEK CROSSROADS",
        "street_key": "MILL CREEK CROSSROADS"
      },
      "geometry": {
        "type": "Point",
        "coordinates": [
          -78.49858693528061,
          38.614589151976936
        ]
      }
    },
    {
      "type": "Feature",
      "properties": {
        "name": "BIXLERS FERRY",
        "street_key": "BIXLERS FERRY"
      },
      "geometry": {
        "type": "Point",
        "coordinates": [
          -78.48025515456986,
          38.67929602795933
        ]
      }
    },
    {
      "type": "Feature",
      "properties": {
        "name": "BIXLERS FERRY",
        "street_key": "BIXLERS FERRY"
      },
      "geometry": {
        "type": "Point",
        "coordinates": [
          -78.47639246826652,
          38.67293798032426
        ]
      }
    },
    {
      "type": "Feature",
      "properties": {
        "name": "EGYPT BEND",
        "street_key": "EGYPT BEND"
      },
      "geometry": {
        "type": "Point",
        "coordinates": [
          -78.54666026817196,
          38.6543670964497
        ]
      }
    },
    {
      "type": "Feature",
      "properties": {
        "name": "EGYPT BEND",
        "street_key": "EGYPT BEND"
      },
      "geometry": {
        "type": "Point",
        "coordinates": [
          -78.54887348672024,
          38.65286800143197
        ]
      }
    },
    {
      "type": "Feature",
      "properties": {
        "name": "EAST POINT",
        "street_key": "EAST POINT"
      },
      "geometry": {
        "type": "Point",
        "coordinates": [
          -78.65833038062598,
          38.43015569751694
        ]
      }
    },
    {
      "type": "Feature",
      "properties": {
        "name": "EAST POINT",
        "street_key": "EAST POINT"
      },
      "geometry": {
        "type": "Point",
        "coordinates": [
          -78.63237334785202,
          38.46895684091015
        ]
      }
    },
    {
      "type": "Feature",
      "properties": {
        "name": "EAST POINT",
        "street_key": "EAST POINT"
      },
      "geometry": {
        "type": "Point",
        "coordinates": [
          -78.64377035702196,
          38.45524290792991
        ]
      }
    },
    {
      "type": "Feature",
      "properties": {
        "name": "EAST POINT",
        "street_key": "EAST POINT"
      },
      "geometry": {
        "type": "Point",
        "coordinates": [
          -78.63964737717492,
          38.460819137111415
        ]
      }
    },
    {
      "type": "Feature",
      "properties": {
        "name": "EAST POINT",
        "street_key": "EAST POINT"
      },
      "geometry": {
        "type": "Point",
        "coordinates": [
          -78.62935040266619,
          38.47478057287177
        ]
      }
    },
    {
      "type": "Feature",
      "properties": {
        "name": "EAST POINT",
        "street_key": "EAST POINT"
      },
      "geometry": {
        "type": "Point",
        "coordinates": [
          -78.6569007750579,
          38.43395625744524
        ]
      }
    },
    {
      "type": "Feature",
      "properties": {
        "name": "EAST POINT",
        "street_key": "EAST POINT"
      },
      "geometry": {
        "type": "Point",
        "coordinates": [
          -78.65882374351912,
          38.424640167694186
        ]
      }
    },
    {
      "type": "Feature",
      "properties": {
        "name": "RAMP",
        "street_key": "RAMP"
      },
      "geometry": {
        "type": "Point",
        "coordinates": [
          -78.61895701584645,
          38.405719798668706
        ]
      }
    },
    {
      "type": "Feature",
      "properties": {
        "name": "EAST POINT",
        "street_key": "EAST POINT"
      },
      "geometry": {
        "type": "Point",
        "coordinates": [
          -78.64974821628137,
          38.4479689981928
        ]
      }
    },
    {
      "type": "Feature",
      "properties": {
        "name": "RAMP",
        "street_key": "RAMP"
      },
      "geometry": {
        "type": "Point",
        "coordinates": [
          -78.61890675853236,
          38.405842625473625
        ]
      }
    },
    {
      "type": "Feature",
      "properties": {
        "name": "EAST POINT",
        "street_key": "EAST POINT"
      },
      "geometry": {
        "type": "Point",
        "coordinates": [
          -78.62925415723592,
          38.47147409400593
        ]
      }
    },
    {
      "type": "Feature",
      "properties": {
        "name": "EAST POINT",
        "street_key": "EAST POINT"
      },
      "geometry": {
        "type": "Point",
        "coordinates": [
          -78.63516784551027,
          38.46635316761594
        ]
      }
    },
    {
      "type": "Feature",
      "properties": {
        "name": "EAST POINT",
        "street_key": "EAST POINT"
      },
      "geometry": {
        "type": "Point",
        "coordinates": [
          -78.66932418970985,
          38.410062821018066
        ]
      }
    },
    {
      "type": "Feature",
      "properties": {
        "name": "RAMP",
        "street_key": "RAMP"
      },
      "geometry": {
        "type": "Point",
        "coordinates": [
          -78.61834882320916,
          38.404039472579
        ]
      }
    },
    {
      "type": "Feature",
      "properties": {
        "name": "RAMP",
        "street_key": "RAMP"
      },
      "geometry": {
        "type": "Point",
        "coordinates": [
          -78.61625178224776,
          38.404483237825524
        ]
      }
    },
    {
      "type": "Feature",
      "properties": {
        "name": "RAMP",
        "street_key": "RAMP"
      },
      "geometry": {
        "type": "Point",
        "coordinates": [
          -78.61882339965477,
          38.40387841335675
        ]
      }
    },
    {
      "type": "Feature",
      "properties": {
        "name": "EAST POINT",
        "street_key": "EAST POINT"
      },
      "geometry": {
        "type": "Point",
        "coordinates": [
          -78.65610692257248,
          38.438199884418545
        ]
      }
    },
    {
      "type": "Feature",
      "properties": {
        "name": "EAST POINT",
        "street_key": "EAST POINT"
      },
      "geometry": {
        "type": "Point",
        "coordinates": [
          -78.65478913780973,
          38.44120527665692
        ]
      }
    },
    {
      "type": "Feature",
      "properties": {
        "name": "RAMP",
        "street_key": "RAMP"
      },
      "geometry": {
        "type": "Point",
        "coordinates": [
          -78.61795806920415,
          38.405006212585334
        ]
      }
    },
    {
      "type": "Feature",
      "properties": {
        "name": "EAST POINT",
        "street_key": "EAST POINT"
      },
      "geometry": {
        "type": "Point",
        "coordinates": [
          -78.68051687049886,
          38.40592804314165
        ]
      }
    },
    {
      "type": "Feature",
      "properties": {
        "name": "EAST POINT",
        "street_key": "EAST POINT"
      },
      "geometry": {
        "type": "Point",
        "coordinates": [
          -78.69240667386033,
          38.396800753611544
        ]
      }
    },
    {
      "type": "Feature",
      "properties": {
        "name": "RAMP",
        "street_key": "RAMP"
      },
      "geometry": {
        "type": "Point",
        "coordinates": [
          -78.61602417984118,
          38.40526407428711
        ]
      }
    },
    {
      "type": "Feature",
      "properties": {
        "name": "RAMP",
        "street_key": "RAMP"
      },
      "geometry": {
        "type": "Point",
        "coordinates": [
          -78.61838625076041,
          38.405729973029956
        ]
      }
    },
    {
      "type": "Feature",
      "properties": {
        "name": "EAST POINT",
        "street_key": "EAST POINT"
      },
      "geometry": {
        "type": "Point",
        "coordinates": [
          -78.62924722863443,
          38.474509163419285
        ]
      }
    },
    {
      "type": "Feature",
      "properties": {
        "name": "RAMP",
        "street_key": "RAMP"
      },
      "geometry": {
        "type": "Point",
        "coordinates": [
          -78.61842384389628,
          38.405791552934694
        ]
      }
    },
    {
      "type": "Feature",
      "properties": {
        "name": "EAST POINT",
        "street_key": "EAST POINT"
      },
      "geometry": {
        "type": "Point",
        "coordinates": [
          -78.65989846730854,
          38.419876310200955
        ]
      }
    },
    {
      "type": "Feature",
      "properties": {
        "name": "EAST POINT",
        "street_key": "EAST POINT"
      },
      "geometry": {
        "type": "Point",
        "coordinates": [
          -78.66182183927604,
          38.41610155970714
        ]
      }
    },
    {
      "type": "Feature",
      "properties": {
        "name": "RAMP",
        "street_key": "RAMP"
      },
      "geometry": {
        "type": "Point",
        "coordinates": [
          -78.61833062776478,
          38.40400797765966
        ]
      }
    },
    {
      "type": "Feature",
      "properties": {
        "name": "MARYLAND",
        "street_key": "MARYLAND"
      },
      "geometry": {
        "type": "Point",
        "coordinates": [
          -78.6234165716873,
          38.483696188426535
        ]
      }
    },
    {
      "type": "Feature",
      "properties": {
        "name": "MARYLAND",
        "street_key": "MARYLAND"
      },
      "geometry": {
        "type": "Point",
        "coordinates": [
          -78.62406162462547,
          38.483474866287935
        ]
      }
    },
    {
      "type": "Feature",
      "properties": {
        "name": "MARYLAND",
        "street_key": "MARYLAND"
      },
      "geometry": {
        "type": "Point",
        "coordinates": [
          -78.62220465517788,
          38.484139677259584
        ]
      }
    },
    {
      "type": "Feature",
      "properties": {
        "name": "MARYLAND",
        "street_key": "MARYLAND"
      },
      "geometry": {
        "type": "Point",
        "coordinates": [
          -78.6105396493987,
          38.491627854558985
        ]
      }
    },
    {
      "type": "Feature",
      "properties": {
        "name": "MARYLAND",
        "street_key": "MARYLAND"
      },
      "geometry": {
        "type": "Point",
        "coordinates": [
          -78.62462897507478,
          38.483237275723496
        ]
      }
    },
    {
      "type": "Feature",
      "properties": {
        "name": "MARYLAND",
        "street_key": "MARYLAND"
      },
      "geometry": {
        "type": "Point",
        "coordinates": [
          -78.62537221813675,
          38.482779266565366
        ]
      }
    },
    {
      "type": "Feature",
      "properties": {
        "name": "MARYLAND",
        "street_key": "MARYLAND"
      },
      "geometry": {
        "type": "Point",
        "coordinates": [
          -78.61595538962712,
          38.48841148045446
        ]
      }
    },
    {
      "type": "Feature",
      "properties": {
        "name": "MARYLAND",
        "street_key": "MARYLAND"
      },
      "geometry": {
        "type": "Point",
        "coordinates": [
          -78.6181525333656,
          38.487102877685174
        ]
      }
    },
    {
      "type": "Feature",
      "properties": {
        "name": "MARYLAND",
        "street_key": "MARYLAND"
      },
      "geometry": {
        "type": "Point",
        "coordinates": [
          -78.61925103241919,
          38.48645609208648
        ]
      }
    },
    {
      "type": "Feature",
      "properties": {
        "name": "MARYLAND",
        "street_key": "MARYLAND"
      },
      "geometry": {
        "type": "Point",
        "coordinates": [
          -78.62019692630886,
          38.48563549110805
        ]
      }
    },
    {
      "type": "Feature",
      "properties": {
        "name": "MARYLAND",
        "street_key": "MARYLAND"
      },
      "geometry": {
        "type": "Point",
        "coordinates": [
          -78.61485607131844,
          38.48906160332131
        ]
      }
    },
    {
      "type": "Feature",
      "properties": {
        "name": "EAST POINT",
        "street_key": "EAST POINT"
      },
      "geometry": {
        "type": "Point",
        "coordinates": [
          -78.62883210922652,
          38.47798912896964
        ]
      }
    },
    {
      "type": "Feature",
      "properties": {
        "name": "MARYLAND",
        "street_key": "MARYLAND"
      },
      "geometry": {
        "type": "Point",
        "coordinates": [
          -78.62103035460713,
          38.48469403359872
        ]
      }
    },
    {
      "type": "Feature",
      "properties": {
        "name": "MARYLAND",
        "street_key": "MARYLAND"
      },
      "geometry": {
        "type": "Point",
        "coordinates": [
          -78.61732771219984,
          38.487597868048
        ]
      }
    },
    {
      "type": "Feature",
      "properties": {
        "name": "CHAPEL",
        "street_key": "CHAPEL"
      },
      "geometry": {
        "type": "Point",
        "coordinates": [
          -78.49376637550174,
          38.57430967761627
        ]
      }
    },
    {
      "type": "Feature",
      "properties": {
        "name": "JUDY LN",
        "street_key": "JUDY LN"
      },
      "geometry": {
        "type": "Point",
        "coordinates": [
          -78.50036498091329,
          38.56432813858405
        ]
      }
    },
    {
      "type": "Feature",
      "properties": {
        "name": "JUDY LN",
        "street_key": "JUDY LN"
      },
      "geometry": {
        "type": "Point",
        "coordinates": [
          -78.49708726174347,
          38.56238168579491
        ]
      }
    },
    {
      "type": "Feature",
      "properties": {
        "name": "GROVE HILL RIVER",
        "street_key": "GROVE HILL RIVER"
      },
      "geometry": {
        "type": "Point",
        "coordinates": [
          -78.58012648832683,
          38.52938195192151
        ]
      }
    },
    {
      "type": "Feature",
      "properties": {
        "name": "GROVE HILL RIVER",
        "street_key": "GROVE HILL RIVER"
      },
      "geometry": {
        "type": "Point",
        "coordinates": [
          -78.59046378351094,
          38.52566497057713
        ]
      }
    },
    {
      "type": "Feature",
      "properties": {
        "name": "MARKSVILLE",
        "street_key": "MARKSVILLE"
      },
      "geometry": {
        "type": "Point",
        "coordinates": [
          -78.47977272888872,
          38.57547659866199
        ]
      }
    },
    {
      "type": "Feature",
      "properties": {
        "name": "GROVE HILL RIVER",
        "street_key": "GROVE HILL RIVER"
      },
      "geometry": {
        "type": "Point",
        "coordinates": [
          -78.58399456013866,
          38.526439531455665
        ]
      }
    },
    {
      "type": "Feature",
      "properties": {
        "name": "GROVE HILL RIVER",
        "street_key": "GROVE HILL RIVER"
      },
      "geometry": {
        "type": "Point",
        "coordinates": [
          -78.58022200557306,
          38.542347005374786
        ]
      }
    },
    {
      "type": "Feature",
      "properties": {
        "name": "JUDY",
        "street_key": "JUDY"
      },
      "geometry": {
        "type": "Point",
        "coordinates": [
          -78.50466559364867,
          38.567765555383495
        ]
      }
    },
    {
      "type": "Feature",
      "properties": {
        "name": "PARK",
        "street_key": "PARK"
      },
      "geometry": {
        "type": "Point",
        "coordinates": [
          -78.51617885884306,
          38.576843526028085
        ]
      }
    },
    {
      "type": "Feature",
      "properties": {
        "name": "JUDY",
        "street_key": "JUDY"
      },
      "geometry": {
        "type": "Point",
        "coordinates": [
          -78.50667047697695,
          38.56953497113104
        ]
      }
    },
    {
      "type": "Feature",
      "properties": {
        "name": "MARKSVILLE",
        "street_key": "MARKSVILLE"
      },
      "geometry": {
        "type": "Point",
        "coordinates": [
          -78.47772570645094,
          38.575031575112256
        ]
      }
    },
    {
      "type": "Feature",
      "properties": {
        "name": "JUDY",
        "street_key": "JUDY"
      },
      "geometry": {
        "type": "Point",
        "coordinates": [
          -78.50358409763525,
          38.56673901868872
        ]
      }
    },
    {
      "type": "Feature",
      "properties": {
        "name": "PARK",
        "street_key": "PARK"
      },
      "geometry": {
        "type": "Point",
        "coordinates": [
          -78.5164640830158,
          38.577026269312505
        ]
      }
    },
    {
      "type": "Feature",
      "properties": {
        "name": "COMERTOWN",
        "street_key": "COMERTOWN"
      },
      "geometry": {
        "type": "Point",
        "coordinates": [
          -78.58381571530889,
          38.507553288749016
        ]
      }
    },
    {
      "type": "Feature",
      "properties": {
        "name": "COMERTOWN",
        "street_key": "COMERTOWN"
      },
      "geometry": {
        "type": "Point",
        "coordinates": [
          -78.60494029697624,
          38.49482817981041
        ]
      }
    },
    {
      "type": "Feature",
      "properties": {
        "name": "COMERTOWN",
        "street_key": "COMERTOWN"
      },
      "geometry": {
        "type": "Point",
        "coordinates": [
          -78.60192506329152,
          38.496219817904425
        ]
      }
    },
    {
      "type": "Feature",
      "properties": {
        "name": "COMERTOWN",
        "street_key": "COMERTOWN"
      },
      "geometry": {
        "type": "Point",
        "coordinates": [
          -78.59541177351275,
          38.498634530028546
        ]
      }
    },
    {
      "type": "Feature",
      "properties": {
        "name": "PARK",
        "street_key": "PARK"
      },
      "geometry": {
        "type": "Point",
        "coordinates": [
          -78.51257860847761,
          38.574534342497074
        ]
      }
    },
    {
      "type": "Feature",
      "properties": {
        "name": "PARK",
        "street_key": "PARK"
      },
      "geometry": {
        "type": "Point",
        "coordinates": [
          -78.5152731570353,
          38.57629760948385
        ]
      }
    },
    {
      "type": "Feature",
      "properties": {
        "name": "PINE GROVE",
        "street_key": "PINE GROVE"
      },
      "geometry": {
        "type": "Point",
        "coordinates": [
          -78.48373141624657,
          38.56494183950882
        ]
      }
    },
    {
      "type": "Feature",
      "properties": {
        "name": "HONEYVILLE",
        "street_key": "HONEYVILLE"
      },
      "geometry": {
        "type": "Point",
        "coordinates": [
          -78.5095115963467,
          38.57195971240802
        ]
      }
    },
    {
      "type": "Feature",
      "properties": {
        "name": "JUDY LN",
        "street_key": "JUDY LN"
      },
      "geometry": {
        "type": "Point",
        "coordinates": [
          -78.49408869363111,
          38.557112160991224
        ]
      }
    },
    {
      "type": "Feature",
      "properties": {
        "name": "JUDY LN",
        "street_key": "JUDY LN"
      },
      "geometry": {
        "type": "Point",
        "coordinates": [
          -78.49209715049892,
          38.55541233790056
        ]
      }
    },
    {
      "type": "Feature",
      "properties": {
        "name": "PARK",
        "street_key": "PARK"
      },
      "geometry": {
        "type": "Point",
        "coordinates": [
          -78.51030258461633,
          38.5726283399453
        ]
      }
    },
    {
      "type": "Feature",
      "properties": {
        "name": "CHAPEL",
        "street_key": "CHAPEL"
      },
      "geometry": {
        "type": "Point",
        "coordinates": [
          -78.49168816872965,
          38.57560554191529
        ]
      }
    },
    {
      "type": "Feature",
      "properties": {
        "name": "IDA",
        "street_key": "IDA"
      },
      "geometry": {
        "type": "Point",
        "coordinates": [
          -78.44819072195125,
          38.579228484071876
        ]
      }
    },
    {
      "type": "Feature",
      "properties": {
        "name": "IDA",
        "street_key": "IDA"
      },
      "geometry": {
        "type": "Point",
        "coordinates": [
          -78.45622896605066,
          38.57686195878055
        ]
      }
    },
    {
      "type": "Feature",
      "properties": {
        "name": "MARKSVILLE",
        "street_key": "MARKSVILLE"
      },
      "geometry": {
        "type": "Point",
        "coordinates": [
          -78.47249778154014,
          38.573830316746644
        ]
      }
    },
    {
      "type": "Feature",
      "properties": {
        "name": "ETLAN",
        "street_key": "ETLAN"
      },
      "geometry": {
        "type": "Point",
        "coordinates": [
          -78.30848090382375,
          38.510626180584374
        ]
      }
    },
    {
      "type": "Feature",
      "properties": {
        "name": "ETLAN",
        "street_key": "ETLAN"
      },
      "geometry": {
        "type": "Point",
        "coordinates": [
          -78.30242743585906,
          38.51207229872659
        ]
      }
    },
    {
      "type": "Feature",
      "properties": {
        "name": "OLD BLUE RIDGE",
        "street_key": "OLD BLUE RIDGE"
      },
      "geometry": {
        "type": "Point",
        "coordinates": [
          -78.32487878918188,
          38.48694373428162
        ]
      }
    },
    {
      "type": "Feature",
      "properties": {
        "name": "WEAKLEY HOLLOW",
        "street_key": "WEAKLEY HOLLOW"
      },
      "geometry": {
        "type": "Point",
        "coordinates": [
          -78.32474984674397,
          38.489530071719216
        ]
      }
    },
    {
      "type": "Feature",
      "properties": {
        "name": "ETLAN",
        "street_key": "ETLAN"
      },
      "geometry": {
        "type": "Point",
        "coordinates": [
          -78.26613534151545,
          38.52639743986614
        ]
      }
    },
    {
      "type": "Feature",
      "properties": {
        "name": "ETLAN",
        "street_key": "ETLAN"
      },
      "geometry": {
        "type": "Point",
        "coordinates": [
          -78.27140728034351,
          38.526251399695504
        ]
      }
    },
    {
      "type": "Feature",
      "properties": {
        "name": "IDA",
        "street_key": "IDA"
      },
      "geometry": {
        "type": "Point",
        "coordinates": [
          -78.46181614800986,
          38.57185969473483
        ]
      }
    },
    {
      "type": "Feature",
      "properties": {
        "name": "WEAKLEY HOLLOW",
        "street_key": "WEAKLEY HOLLOW"
      },
      "geometry": {
        "type": "Point",
        "coordinates": [
          -78.32314020709681,
          38.49464092266784
        ]
      }
    },
    {
      "type": "Feature",
      "properties": {
        "name": "MARKSVILLE",
        "street_key": "MARKSVILLE"
      },
      "geometry": {
        "type": "Point",
        "coordinates": [
          -78.46658347890487,
          38.5707708662135
        ]
      }
    },
    {
      "type": "Feature",
      "properties": {
        "name": "OLD BLUE RIDGE",
        "street_key": "OLD BLUE RIDGE"
      },
      "geometry": {
        "type": "Point",
        "coordinates": [
          -78.30158007503363,
          38.45817986398972
        ]
      }
    },
    {
      "type": "Feature",
      "properties": {
        "name": "OLD BLUE RIDGE",
        "street_key": "OLD BLUE RIDGE"
      },
      "geometry": {
        "type": "Point",
        "coordinates": [
          -78.30874261600698,
          38.46317453055668
        ]
      }
    },
    {
      "type": "Feature",
      "properties": {
        "name": "OLD BLUE RIDGE",
        "street_key": "OLD BLUE RIDGE"
      },
      "geometry": {
        "type": "Point",
        "coordinates": [
          -78.31459723516882,
          38.46941862161429
        ]
      }
    },
    {
      "type": "Feature",
      "properties": {
        "name": "OLD BLUE RIDGE",
        "street_key": "OLD BLUE RIDGE"
      },
      "geometry": {
        "type": "Point",
        "coordinates": [
          -78.30277331127662,
          38.45927753134629
        ]
      }
    },
    {
      "type": "Feature",
      "properties": {
        "name": "OLD BLUE RIDGE",
        "street_key": "OLD BLUE RIDGE"
      },
      "geometry": {
        "type": "Point",
        "coordinates": [
          -78.28643360918348,
          38.453752204529636
        ]
      }
    },
    {
      "type": "Feature",
      "properties": {
        "name": "OLD BLUE RIDGE",
        "street_key": "OLD BLUE RIDGE"
      },
      "geometry": {
        "type": "Point",
        "coordinates": [
          -78.30091936221062,
          38.45799698644556
        ]
      }
    },
    {
      "type": "Feature",
      "properties": {
        "name": "OLD BLUE RIDGE",
        "street_key": "OLD BLUE RIDGE"
      },
      "geometry": {
        "type": "Point",
        "coordinates": [
          -78.293920039514,
          38.45545369461273
        ]
      }
    },
    {
      "type": "Feature",
      "properties": {
        "name": "HOOVER",
        "street_key": "HOOVER"
      },
      "geometry": {
        "type": "Point",
        "coordinates": [
          -78.27784879762666,
          38.44925897323473
        ]
      }
    },
    {
      "type": "Feature",
      "properties": {
        "name": "ETLAN",
        "street_key": "ETLAN"
      },
      "geometry": {
        "type": "Point",
        "coordinates": [
          -78.28941738152878,
          38.521337527955616
        ]
      }
    },
    {
      "type": "Feature",
      "properties": {
        "name": "OLD BLUE RIDGE",
        "street_key": "OLD BLUE RIDGE"
      },
      "geometry": {
        "type": "Point",
        "coordinates": [
          -78.30124769513128,
          38.458086182943134
        ]
      }
    },
    {
      "type": "Feature",
      "properties": {
        "name": "HOOVER",
        "street_key": "HOOVER"
      },
      "geometry": {
        "type": "Point",
        "coordinates": [
          -78.25959315189657,
          38.45322774611974
        ]
      }
    },
    {
      "type": "Feature",
      "properties": {
        "name": "ETLAN",
        "street_key": "ETLAN"
      },
      "geometry": {
        "type": "Point",
        "coordinates": [
          -78.26395048756882,
          38.525587786717814
        ]
      }
    },
    {
      "type": "Feature",
      "properties": {
        "name": "ETLAN",
        "street_key": "ETLAN"
      },
      "geometry": {
        "type": "Point",
        "coordinates": [
          -78.31666342553773,
          38.50365148671354
        ]
      }
    },
    {
      "type": "Feature",
      "properties": {
        "name": "OLD BLUE RIDGE",
        "street_key": "OLD BLUE RIDGE"
      },
      "geometry": {
        "type": "Point",
        "coordinates": [
          -78.3181949675756,
          38.47967430178652
        ]
      }
    },
    {
      "type": "Feature",
      "properties": {
        "name": "ETLAN",
        "street_key": "ETLAN"
      },
      "geometry": {
        "type": "Point",
        "coordinates": [
          -78.30034233970638,
          38.51298941272813
        ]
      }
    },
    {
      "type": "Feature",
      "properties": {
        "name": "HOOVER",
        "street_key": "HOOVER"
      },
      "geometry": {
        "type": "Point",
        "coordinates": [
          -78.27136365013405,
          38.446740218654725
        ]
      }
    },
    {
      "type": "Feature",
      "properties": {
        "name": "FAIRVIEW",
        "street_key": "FAIRVIEW"
      },
      "geometry": {
        "type": "Point",
        "coordinates": [
          -78.43077792640746,
          38.655758922851845
        ]
      }
    },
    {
      "type": "Feature",
      "properties": {
        "name": "ANTIOCH",
        "street_key": "ANTIOCH"
      },
      "geometry": {
        "type": "Point",
        "coordinates": [
          -78.4321478501123,
          38.65172785652003
        ]
      }
    },
    {
      "type": "Feature",
      "properties": {
        "name": "FAIRVIEW",
        "street_key": "FAIRVIEW"
      },
      "geometry": {
        "type": "Point",
        "coordinates": [
          -78.42814586937773,
          38.654131229040615
        ]
      }
    },
    {
      "type": "Feature",
      "properties": {
        "name": "HOLLOW RUN",
        "street_key": "HOLLOW RUN"
      },
      "geometry": {
        "type": "Point",
        "coordinates": [
          -78.43764552606618,
          38.59968987038839
        ]
      }
    },
    {
      "type": "Feature",
      "properties": {
        "name": "WALLACE",
        "street_key": "WALLACE"
      },
      "geometry": {
        "type": "Point",
        "coordinates": [
          -78.4278781042564,
          38.67360453220814
        ]
      }
    },
    {
      "type": "Feature",
      "properties": {
        "name": "WALLACE",
        "street_key": "WALLACE"
      },
      "geometry": {
        "type": "Point",
        "coordinates": [
          -78.4272099057925,
          38.674505041588105
        ]
      }
    },
    {
      "type": "Feature",
      "properties": {
        "name": "HOLLOW RUN",
        "street_key": "HOLLOW RUN"
      },
      "geometry": {
        "type": "Point",
        "coordinates": [
          -78.43445514815409,
          38.59544947552651
        ]
      }
    },
    {
      "type": "Feature",
      "properties": {
        "name": "DRY RUN",
        "street_key": "DRY RUN"
      },
      "geometry": {
        "type": "Point",
        "coordinates": [
          -78.4264968639933,
          38.669549511005684
        ]
      }
    },
    {
      "type": "Feature",
      "properties": {
        "name": "DRY RUN",
        "street_key": "DRY RUN"
      },
      "geometry": {
        "type": "Point",
        "coordinates": [
          -78.42594466052479,
          38.667610622308366
        ]
      }
    },
    {
      "type": "Feature",
      "properties": {
        "name": "REDMAN STORE",
        "street_key": "REDMAN STORE"
      },
      "geometry": {
        "type": "Point",
        "coordinates": [
          -78.4621442766598,
          38.62567229819707
        ]
      }
    },
    {
      "type": "Feature",
      "properties": {
        "name": "LAKEWOOD",
        "street_key": "LAKEWOOD"
      },
      "geometry": {
        "type": "Point",
        "coordinates": [
          -78.47005919983116,
          38.64790086420632
        ]
      }
    },
    {
      "type": "Feature",
      "properties": {
        "name": "WHISPERING HILL",
        "street_key": "WHISPERING HILL"
      },
      "geometry": {
        "type": "Point",
        "coordinates": [
          -78.42294476510031,
          38.682330624337055
        ]
      }
    },
    {
      "type": "Feature",
      "properties": {
        "name": "STONYMAN",
        "street_key": "STONYMAN"
      },
      "geometry": {
        "type": "Point",
        "coordinates": [
          -78.43475484278962,
          38.63099914100677
        ]
      }
    },
    {
      "type": "Feature",
      "properties": {
        "name": "REDMAN STORE",
        "street_key": "REDMAN STORE"
      },
      "geometry": {
        "type": "Point",
        "coordinates": [
          -78.46736795785888,
          38.627973209256375
        ]
      }
    },
    {
      "type": "Feature",
      "properties": {
        "name": "REDMAN STORE",
        "street_key": "REDMAN STORE"
      },
      "geometry": {
        "type": "Point",
        "coordinates": [
          -78.47227777021287,
          38.6277481458216
        ]
      }
    },
    {
      "type": "Feature",
      "properties": {
        "name": "RESERVOIR",
        "street_key": "RESERVOIR"
      },
      "geometry": {
        "type": "Point",
        "coordinates": [
          -78.44064739417098,
          38.661446612645854
        ]
      }
    },
    {
      "type": "Feature",
      "properties": {
        "name": "DRY RUN",
        "street_key": "DRY RUN"
      },
      "geometry": {
        "type": "Point",
        "coordinates": [
          -78.41650188559134,
          38.661743314484134
        ]
      }
    },
    {
      "type": "Feature",
      "properties": {
        "name": "VALLEY BURG",
        "street_key": "VALLEY BURG"
      },
      "geometry": {
        "type": "Point",
        "coordinates": [
          -78.40441173720038,
          38.62686903757922
        ]
      }
    },
    {
      "type": "Feature",
      "properties": {
        "name": "STONYMAN",
        "street_key": "STONYMAN"
      },
      "geometry": {
        "type": "Point",
        "coordinates": [
          -78.4422765601862,
          38.637532060602396
        ]
      }
    },
    {
      "type": "Feature",
      "properties": {
        "name": "MECHANIC",
        "street_key": "MECHANIC"
      },
      "geometry": {
        "type": "Point",
        "coordinates": [
          -78.46395165689265,
          38.668185217186924
        ]
      }
    },
    {
      "type": "Feature",
      "properties": {
        "name": "DRY RUN",
        "street_key": "DRY RUN"
      },
      "geometry": {
        "type": "Point",
        "coordinates": [
          -78.42150398825292,
          38.66388257111412
        ]
      }
    },
    {
      "type": "Feature",
      "properties": {
        "name": "MECHANIC",
        "street_key": "MECHANIC"
      },
      "geometry": {
        "type": "Point",
        "coordinates": [
          -78.4653176342815,
          38.66819577751042
        ]
      }
    },
    {
      "type": "Feature",
      "properties": {
        "name": "MECHANIC",
        "street_key": "MECHANIC"
      },
      "geometry": {
        "type": "Point",
        "coordinates": [
          -78.462809873432,
          38.66817050087339
        ]
      }
    },
    {
      "type": "Feature",
      "properties": {
        "name": "MECHANIC",
        "street_key": "MECHANIC"
      },
      "geometry": {
        "type": "Point",
        "coordinates": [
          -78.46954283438166,
          38.669297453407395
        ]
      }
    },
    {
      "type": "Feature",
      "properties": {
        "name": "VALLEY BURG",
        "street_key": "VALLEY BURG"
      },
      "geometry": {
        "type": "Point",
        "coordinates": [
          -78.39823248769068,
          38.63443434720895
        ]
      }
    },
    {
      "type": "Feature",
      "properties": {
        "name": "VALLEY BURG",
        "street_key": "VALLEY BURG"
      },
      "geometry": {
        "type": "Point",
        "coordinates": [
          -78.4112551672547,
          38.6133753293168
        ]
      }
    },
    {
      "type": "Feature",
      "properties": {
        "name": "FARMVIEW",
        "street_key": "FARMVIEW"
      },
      "geometry": {
        "type": "Point",
        "coordinates": [
          -78.44908097284411,
          38.61576368209302
        ]
      }
    },
    {
      "type": "Feature",
      "properties": {
        "name": "VALLEY BURG",
        "street_key": "VALLEY BURG"
      },
      "geometry": {
        "type": "Point",
        "coordinates": [
          -78.4075876503851,
          38.61778445352739
        ]
      }
    },
    {
      "type": "Feature",
      "properties": {
        "name": "FAIRVIEW",
        "street_key": "FAIRVIEW"
      },
      "geometry": {
        "type": "Point",
        "coordinates": [
          -78.42398359328422,
          38.651177392267
        ]
      }
    },
    {
      "type": "Feature",
      "properties": {
        "name": "DRY RUN",
        "street_key": "DRY RUN"
      },
      "geometry": {
        "type": "Point",
        "coordinates": [
          -78.41383099888616,
          38.65833807260212
        ]
      }
    },
    {
      "type": "Feature",
      "properties": {
        "name": "IDA",
        "street_key": "IDA"
      },
      "geometry": {
        "type": "Point",
        "coordinates": [
          -78.42409773832235,
          38.62530692910238
        ]
      }
    },
    {
      "type": "Feature",
      "properties": {
        "name": "STONYMAN",
        "street_key": "STONYMAN"
      },
      "geometry": {
        "type": "Point",
        "coordinates": [
          -78.43022096358764,
          38.628719074698814
        ]
      }
    },
    {
      "type": "Feature",
      "properties": {
        "name": "BROOKSTONE",
        "street_key": "BROOKSTONE"
      },
      "geometry": {
        "type": "Point",
        "coordinates": [
          -78.4095815118927,
          38.64537052350037
        ]
      }
    },
    {
      "type": "Feature",
      "properties": {
        "name": "STONYMAN",
        "street_key": "STONYMAN"
      },
      "geometry": {
        "type": "Point",
        "coordinates": [
          -78.43729726952924,
          38.63387768035111
        ]
      }
    },
    {
      "type": "Feature",
      "properties": {
        "name": "FAIRVIEW",
        "street_key": "FAIRVIEW"
      },
      "geometry": {
        "type": "Point",
        "coordinates": [
          -78.42588843590987,
          38.652534679037394
        ]
      }
    },
    {
      "type": "Feature",
      "properties": {
        "name": "RESERVOIR",
        "street_key": "RESERVOIR"
      },
      "geometry": {
        "type": "Point",
        "coordinates": [
          -78.43747715052588,
          38.65922644727845
        ]
      }
    },
    {
      "type": "Feature",
      "properties": {
        "name": "STONYMAN",
        "street_key": "STONYMAN"
      },
      "geometry": {
        "type": "Point",
        "coordinates": [
          -78.44920068344997,
          38.64362533493318
        ]
      }
    },
    {
      "type": "Feature",
      "properties": {
        "name": "RAMP",
        "street_key": "RAMP"
      },
      "geometry": {
        "type": "Point",
        "coordinates": [
          -78.45351377583052,
          38.67297320144937
        ]
      }
    },
    {
      "type": "Feature",
      "properties": {
        "name": "KIMBALL",
        "street_key": "KIMBALL"
      },
      "geometry": {
        "type": "Point",
        "coordinates": [
          -78.40177381532611,
          38.679285997241855
        ]
      }
    },
    {
      "type": "Feature",
      "properties": {
        "name": "FAIRVIEW",
        "street_key": "FAIRVIEW"
      },
      "geometry": {
        "type": "Point",
        "coordinates": [
          -78.43380989212363,
          38.65701043851591
        ]
      }
    },
    {
      "type": "Feature",
      "properties": {
        "name": "RESERVOIR",
        "street_key": "RESERVOIR"
      },
      "geometry": {
        "type": "Point",
        "coordinates": [
          -78.44221261371028,
          38.662515026068924
        ]
      }
    },
    {
      "type": "Feature",
      "properties": {
        "name": "STONYMAN",
        "street_key": "STONYMAN"
      },
      "geometry": {
        "type": "Point",
        "coordinates": [
          -78.46009673762043,
          38.648709214203585
        ]
      }
    },
    {
      "type": "Feature",
      "properties": {
        "name": "RAMP",
        "street_key": "RAMP"
      },
      "geometry": {
        "type": "Point",
        "coordinates": [
          -78.45324608903846,
          38.67386878113045
        ]
      }
    },
    {
      "type": "Feature",
      "properties": {
        "name": "BROOKSTONE",
        "street_key": "BROOKSTONE"
      },
      "geometry": {
        "type": "Point",
        "coordinates": [
          -78.40824493958051,
          38.64855074102384
        ]
      }
    },
    {
      "type": "Feature",
      "properties": {
        "name": "VALLEY BURG",
        "street_key": "VALLEY BURG"
      },
      "geometry": {
        "type": "Point",
        "coordinates": [
          -78.40405329037613,
          38.62013609633198
        ]
      }
    },
    {
      "type": "Feature",
      "properties": {
        "name": "LAKEWOOD",
        "street_key": "LAKEWOOD"
      },
      "geometry": {
        "type": "Point",
        "coordinates": [
          -78.47339910814289,
          38.649348502977695
        ]
      }
    },
    {
      "type": "Feature",
      "properties": {
        "name": "MILL CREEK",
        "street_key": "MILL CREEK"
      },
      "geometry": {
        "type": "Point",
        "coordinates": [
          -78.47187571754557,
          38.64885522622513
        ]
      }
    },
    {
      "type": "Feature",
      "properties": {
        "name": "IDA",
        "street_key": "IDA"
      },
      "geometry": {
        "type": "Point",
        "coordinates": [
          -78.41978385419446,
          38.616351898226576
        ]
      }
    },
    {
      "type": "Feature",
      "properties": {
        "name": "RESERVOIR",
        "street_key": "RESERVOIR"
      },
      "geometry": {
        "type": "Point",
        "coordinates": [
          -78.44647592367235,
          38.663864046917865
        ]
      }
    },
    {
      "type": "Feature",
      "properties": {
        "name": "HOLLOW RUN",
        "street_key": "HOLLOW RUN"
      },
      "geometry": {
        "type": "Point",
        "coordinates": [
          -78.43762788016748,
          38.60019459946742
        ]
      }
    },
    {
      "type": "Feature",
      "properties": {
        "name": "HOLLOW RUN",
        "street_key": "HOLLOW RUN"
      },
      "geometry": {
        "type": "Point",
        "coordinates": [
          -78.43916040170978,
          38.60400789914204
        ]
      }
    },
    {
      "type": "Feature",
      "properties": {
        "name": "HOLLOW RUN",
        "street_key": "HOLLOW RUN"
      },
      "geometry": {
        "type": "Point",
        "coordinates": [
          -78.43106947429833,
          38.593240426548405
        ]
      }
    },
    {
      "type": "Feature",
      "properties": {
        "name": "IDA",
        "street_key": "IDA"
      },
      "geometry": {
        "type": "Point",
        "coordinates": [
          -78.42309694588647,
          38.59202312910097
        ]
      }
    },
    {
      "type": "Feature",
      "properties": {
        "name": "IDA",
        "street_key": "IDA"
      },
      "geometry": {
        "type": "Point",
        "coordinates": [
          -78.42148932676884,
          38.59720951636519
        ]
      }
    },
    {
      "type": "Feature",
      "properties": {
        "name": "VALLEY BURG",
        "street_key": "VALLEY BURG"
      },
      "geometry": {
        "type": "Point",
        "coordinates": [
          -78.41623300058184,
          38.61096556201777
        ]
      }
    },
    {
      "type": "Feature",
      "properties": {
        "name": "IDA",
        "street_key": "IDA"
      },
      "geometry": {
        "type": "Point",
        "coordinates": [
          -78.41873492803042,
          38.605103807997224
        ]
      }
    },
    {
      "type": "Feature",
      "properties": {
        "name": "IDA",
        "street_key": "IDA"
      },
      "geometry": {
        "type": "Point",
        "coordinates": [
          -78.4251509948297,
          38.587716164587235
        ]
      }
    },
    {
      "type": "Feature",
      "properties": {
        "name": "IDA",
        "street_key": "IDA"
      },
      "geometry": {
        "type": "Point",
        "coordinates": [
          -78.42390342582401,
          38.58922539458454
        ]
      }
    },
    {
      "type": "Feature",
      "properties": {
        "name": "HOLLOW RUN",
        "street_key": "HOLLOW RUN"
      },
      "geometry": {
        "type": "Point",
        "coordinates": [
          -78.42876144800634,
          38.59227217471004
        ]
      }
    },
    {
      "type": "Feature",
      "properties": {
        "name": "RESERVOIR",
        "street_key": "RESERVOIR"
      },
      "geometry": {
        "type": "Point",
        "coordinates": [
          -78.44167737155986,
          38.662173193934045
        ]
      }
    },
    {
      "type": "Feature",
      "properties": {
        "name": "DRY RUN",
        "street_key": "DRY RUN"
      },
      "geometry": {
        "type": "Point",
        "coordinates": [
          -78.40949104068943,
          38.65392089707251
        ]
      }
    },
    {
      "type": "Feature",
      "properties": {
        "name": "IDA",
        "street_key": "IDA"
      },
      "geometry": {
        "type": "Point",
        "coordinates": [
          -78.4270919192209,
          38.585672216388645
        ]
      }
    },
    {
      "type": "Feature",
      "properties": {
        "name": "WALLACE",
        "street_key": "WALLACE"
      },
      "geometry": {
        "type": "Point",
        "coordinates": [
          -78.42980195354541,
          38.67008978911308
        ]
      }
    },
    {
      "type": "Feature",
      "properties": {
        "name": "MT ZION",
        "street_key": "MT ZION"
      },
      "geometry": {
        "type": "Point",
        "coordinates": [
          -78.45745380067586,
          38.63201336175
        ]
      }
    },
    {
      "type": "Feature",
      "properties": {
        "name": "RESERVOIR",
        "street_key": "RESERVOIR"
      },
      "geometry": {
        "type": "Point",
        "coordinates": [
          -78.44441725168282,
          38.663281604077035
        ]
      }
    },
    {
      "type": "Feature",
      "properties": {
        "name": "VALLEY BURG",
        "street_key": "VALLEY BURG"
      },
      "geometry": {
        "type": "Point",
        "coordinates": [
          -78.39929136678732,
          38.64482419034697
        ]
      }
    },
    {
      "type": "Feature",
      "properties": {
        "name": "WALLACE",
        "street_key": "WALLACE"
      },
      "geometry": {
        "type": "Point",
        "coordinates": [
          -78.42907747516368,
          38.67192833854325
        ]
      }
    },
    {
      "type": "Feature",
      "properties": {
        "name": "REDMAN STORE",
        "street_key": "REDMAN STORE"
      },
      "geometry": {
        "type": "Point",
        "coordinates": [
          -78.46458212677972,
          38.627766087185506
        ]
      }
    },
    {
      "type": "Feature",
      "properties": {
        "name": "RESERVOIR",
        "street_key": "RESERVOIR"
      },
      "geometry": {
        "type": "Point",
        "coordinates": [
          -78.44726075628502,
          38.66409634501475
        ]
      }
    },
    {
      "type": "Feature",
      "properties": {
        "name": "WALLACE",
        "street_key": "WALLACE"
      },
      "geometry": {
        "type": "Point",
        "coordinates": [
          -78.42650838540504,
          38.675410633863166
        ]
      }
    },
    {
      "type": "Feature",
      "properties": {
        "name": "MECHANIC",
        "street_key": "MECHANIC"
      },
      "geometry": {
        "type": "Point",
        "coordinates": [
          -78.4615192305793,
          38.66815089778789
        ]
      }
    },
    {
      "type": "Feature",
      "properties": {
        "name": "MECHANIC",
        "street_key": "MECHANIC"
      },
      "geometry": {
        "type": "Point",
        "coordinates": [
          -78.45999096419906,
          38.66812511947664
        ]
      }
    },
    {
      "type": "Feature",
      "properties": {
        "name": "RAMP",
        "street_key": "RAMP"
      },
      "geometry": {
        "type": "Point",
        "coordinates": [
          -78.45639018499291,
          38.67331728258938
        ]
      }
    },
    {
      "type": "Feature",
      "properties": {
        "name": "MT ZION",
        "street_key": "MT ZION"
      },
      "geometry": {
        "type": "Point",
        "coordinates": [
          -78.4525993698883,
          38.640512365228986
        ]
      }
    },
    {
      "type": "Feature",
      "properties": {
        "name": "REDMAN STORE",
        "street_key": "REDMAN STORE"
      },
      "geometry": {
        "type": "Point",
        "coordinates": [
          -78.45704167853317,
          38.62242094832675
        ]
      }
    },
    {
      "type": "Feature",
      "properties": {
        "name": "ANTIOCH",
        "street_key": "ANTIOCH"
      },
      "geometry": {
        "type": "Point",
        "coordinates": [
          -78.43393060444083,
          38.65016646588416
        ]
      }
    },
    {
      "type": "Feature",
      "properties": {
        "name": "REDMAN STORE",
        "street_key": "REDMAN STORE"
      },
      "geometry": {
        "type": "Point",
        "coordinates": [
          -78.45126287373225,
          38.61705717241739
        ]
      }
    },
    {
      "type": "Feature",
      "properties": {
        "name": "RESERVOIR",
        "street_key": "RESERVOIR"
      },
      "geometry": {
        "type": "Point",
        "coordinates": [
          -78.44818962838556,
          38.66481467104627
        ]
      }
    },
    {
      "type": "Feature",
      "properties": {
        "name": "KIMBALL",
        "street_key": "KIMBALL"
      },
      "geometry": {
        "type": "Point",
        "coordinates": [
          -78.40415939460807,
          38.67429522430652
        ]
      }
    },
    {
      "type": "Feature",
      "properties": {
        "name": "IDA",
        "street_key": "IDA"
      },
      "geometry": {
        "type": "Point",
        "coordinates": [
          -78.44143196657734,
          38.58121191467603
        ]
      }
    },
    {
      "type": "Feature",
      "properties": {
        "name": "IDA",
        "street_key": "IDA"
      },
      "geometry": {
        "type": "Point",
        "coordinates": [
          -78.43601265289138,
          38.58280615523092
        ]
      }
    },
    {
      "type": "Feature",
      "properties": {
        "name": "RESERVOIR",
        "street_key": "RESERVOIR"
      },
      "geometry": {
        "type": "Point",
        "coordinates": [
          -78.44867176690032,
          38.665287032456476
        ]
      }
    },
    {
      "type": "Feature",
      "properties": {
        "name": "IDA",
        "street_key": "IDA"
      },
      "geometry": {
        "type": "Point",
        "coordinates": [
          -78.43091107475905,
          38.584300901490835
        ]
      }
    },
    {
      "type": "Feature",
      "properties": {
        "name": "HOLLOW RUN",
        "street_key": "HOLLOW RUN"
      },
      "geometry": {
        "type": "Point",
        "coordinates": [
          -78.44407573362008,
          38.60947431510351
        ]
      }
    },
    {
      "type": "Feature",
      "properties": {
        "name": "FAIRVIEW",
        "street_key": "FAIRVIEW"
      },
      "geometry": {
        "type": "Point",
        "coordinates": [
          -78.41634678826581,
          38.64641751396289
        ]
      }
    },
    {
      "type": "Feature",
      "properties": {
        "name": "KIMBALL",
        "street_key": "KIMBALL"
      },
      "geometry": {
        "type": "Point",
        "coordinates": [
          -78.4224425510045,
          38.696404297364495
        ]
      }
    },
    {
      "type": "Feature",
      "properties": {
        "name": "KIMBALL",
        "street_key": "KIMBALL"
      },
      "geometry": {
        "type": "Point",
        "coordinates": [
          -78.44150164295277,
          38.70227399956172
        ]
      }
    },
    {
      "type": "Feature",
      "properties": {
        "name": "KIMBALL",
        "street_key": "KIMBALL"
      },
      "geometry": {
        "type": "Point",
        "coordinates": [
          -78.40371708984473,
          38.686805850538185
        ]
      }
    },
    {
      "type": "Feature",
      "properties": {
        "name": "KIMBALL",
        "street_key": "KIMBALL"
      },
      "geometry": {
        "type": "Point",
        "coordinates": [
          -78.43328790626936,
          38.699589309957254
        ]
      }
    },
    {
      "type": "Feature",
      "properties": {
        "name": "WHISPERING HILL",
        "street_key": "WHISPERING HILL"
      },
      "geometry": {
        "type": "Point",
        "coordinates": [
          -78.41958575474507,
          38.69358121346962
        ]
      }
    },
    {
      "type": "Feature",
      "properties": {
        "name": "WHISPERING HILL",
        "street_key": "WHISPERING HILL"
      },
      "geometry": {
        "type": "Point",
        "coordinates": [
          -78.42169248680577,
          38.689738565990766
        ]
      }
    },
    {
      "type": "Feature",
      "properties": {
        "name": "WHISPERING HILL",
        "street_key": "WHISPERING HILL"
      },
      "geometry": {
        "type": "Point",
        "coordinates": [
          -78.42192452373756,
          38.68559052364592
        ]
      }
    },
    {
      "type": "Feature",
      "properties": {
        "name": "KIMBALL",
        "street_key": "KIMBALL"
      },
      "geometry": {
        "type": "Point",
        "coordinates": [
          -78.40972267863283,
          38.68965367774766
        ]
      }
    },
    {
      "type": "Feature",
      "properties": {
        "name": "KIMBALL",
        "street_key": "KIMBALL"
      },
      "geometry": {
        "type": "Point",
        "coordinates": [
          -78.41396409597183,
          38.6927988038425
        ]
      }
    },
    {
      "type": "Feature",
      "properties": {
        "name": "RAMP",
        "street_key": "RAMP"
      },
      "geometry": {
        "type": "Point",
        "coordinates": [
          -78.3188456281954,
          38.66090308748397
        ]
      }
    },
    {
      "type": "Feature",
      "properties": {
        "name": "FORT VALLEY",
        "street_key": "FORT VALLEY"
      },
      "geometry": {
        "type": "Point",
        "coordinates": [
          -78.45589842803226,
          38.80508448644297
        ]
      }
    },
    {
      "type": "Feature",
      "properties": {
        "name": "FORT VALLEY",
        "street_key": "FORT VALLEY"
      },
      "geometry": {
        "type": "Point",
        "coordinates": [
          -78.47294666979923,
          38.78997366576538
        ]
      }
    },
    {
      "type": "Feature",
      "properties": {
        "name": "FORT VALLEY",
        "street_key": "FORT VALLEY"
      },
      "geometry": {
        "type": "Point",
        "coordinates": [
          -78.46923956877045,
          38.79411711035311
        ]
      }
    },
    {
      "type": "Feature",
      "properties": {
        "name": "FORT VALLEY",
        "street_key": "FORT VALLEY"
      },
      "geometry": {
        "type": "Point",
        "coordinates": [
          -78.4350784084841,
          38.82398748980395
        ]
      }
    },
    {
      "type": "Feature",
      "properties": {
        "name": "FORT VALLEY",
        "street_key": "FORT VALLEY"
      },
      "geometry": {
        "type": "Point",
        "coordinates": [
          -78.42069659100311,
          38.83973767710521
        ]
      }
    },
    {
      "type": "Feature",
      "properties": {
        "name": "FORT VALLEY",
        "street_key": "FORT VALLEY"
      },
      "geometry": {
        "type": "Point",
        "coordinates": [
          -78.4406062185344,
          38.81987447814519
        ]
      }
    },
    {
      "type": "Feature",
      "properties": {
        "name": "FORT VALLEY",
        "street_key": "FORT VALLEY"
      },
      "geometry": {
        "type": "Point",
        "coordinates": [
          -78.44534979218909,
          38.81491400994245
        ]
      }
    },
    {
      "type": "Feature",
      "properties": {
        "name": "FORT VALLEY",
        "street_key": "FORT VALLEY"
      },
      "geometry": {
        "type": "Point",
        "coordinates": [
          -78.44979043935462,
          38.812751857714815
        ]
      }
    },
    {
      "type": "Feature",
      "properties": {
        "name": "FORT VALLEY",
        "street_key": "FORT VALLEY"
      },
      "geometry": {
        "type": "Point",
        "coordinates": [
          -78.43822194412705,
          38.82178959068515
        ]
      }
    },
    {
      "type": "Feature",
      "properties": {
        "name": "BENTONVILLE",
        "street_key": "BENTONVILLE"
      },
      "geometry": {
        "type": "Point",
        "coordinates": [
          -78.27604352235865,
          38.81535737395289
        ]
      }
    },
    {
      "type": "Feature",
      "properties": {
        "name": "BENTONVILLE",
        "street_key": "BENTONVILLE"
      },
      "geometry": {
        "type": "Point",
        "coordinates": [
          -78.30440876771848,
          38.82707515896283
        ]
      }
    },
    {
      "type": "Feature",
      "properties": {
        "name": "BENTONVILLE",
        "street_key": "BENTONVILLE"
      },
      "geometry": {
        "type": "Point",
        "coordinates": [
          -78.2924938184683,
          38.82083318125807
        ]
      }
    },
    {
      "type": "Feature",
      "properties": {
        "name": "BENTONVILLE",
        "street_key": "BENTONVILLE"
      },
      "geometry": {
        "type": "Point",
        "coordinates": [
          -78.3133537041468,
          38.829564325083666
        ]
      }
    },
    {
      "type": "Feature",
      "properties": {
        "name": "BENTONVILLE",
        "street_key": "BENTONVILLE"
      },
      "geometry": {
        "type": "Point",
        "coordinates": [
          -78.29776799143154,
          38.82500023245086
        ]
      }
    },
    {
      "type": "Feature",
      "properties": {
        "name": "BENTONVILLE",
        "street_key": "BENTONVILLE"
      },
      "geometry": {
        "type": "Point",
        "coordinates": [
          -78.30104350907533,
          38.82682153239221
        ]
      }
    },
    {
      "type": "Feature",
      "properties": {
        "name": "BENTONVILLE",
        "street_key": "BENTONVILLE"
      },
      "geometry": {
        "type": "Point",
        "coordinates": [
          -78.31511615228281,
          38.829839881796765
        ]
      }
    },
    {
      "type": "Feature",
      "properties": {
        "name": "BENTONVILLE RD",
        "street_key": "BENTONVILLE RD"
      },
      "geometry": {
        "type": "Point",
        "coordinates": [
          -78.30966026484863,
          38.82852332131622
        ]
      }
    },
    {
      "type": "Feature",
      "properties": {
        "name": "BENTONVILLE",
        "street_key": "BENTONVILLE"
      },
      "geometry": {
        "type": "Point",
        "coordinates": [
          -78.27118817654804,
          38.81462396851537
        ]
      }
    },
    {
      "type": "Feature",
      "properties": {
        "name": "BENTONVILLE",
        "street_key": "BENTONVILLE"
      },
      "geometry": {
        "type": "Point",
        "coordinates": [
          -78.28195405655646,
          38.81752518080091
        ]
      }
    },
    {
      "type": "Feature",
      "properties": {
        "name": "BENTONVILLE RD",
        "street_key": "BENTONVILLE RD"
      },
      "geometry": {
        "type": "Point",
        "coordinates": [
          -78.26226510048947,
          38.81379084783555
        ]
      }
    },
    {
      "type": "Feature",
      "properties": {
        "name": "BENTONVILLE",
        "street_key": "BENTONVILLE"
      },
      "geometry": {
        "type": "Point",
        "coordinates": [
          -78.28575318654642,
          38.82030244456776
        ]
      }
    },
    {
      "type": "Feature",
      "properties": {
        "name": "BENTONVILLE RD",
        "street_key": "BENTONVILLE RD"
      },
      "geometry": {
        "type": "Point",
        "coordinates": [
          -78.31686975784679,
          38.83097674102694
        ]
      }
    },
    {
      "type": "Feature",
      "properties": {
        "name": "RAMP",
        "street_key": "RAMP"
      },
      "geometry": {
        "type": "Point",
        "coordinates": [
          -78.31961273372742,
          38.661295648782335
        ]
      }
    },
    {
      "type": "Feature",
      "properties": {
        "name": "BIXLERS FERRY",
        "street_key": "BIXLERS FERRY"
      },
      "geometry": {
        "type": "Point",
        "coordinates": [
          -78.47332411021169,
          38.67044439276861
        ]
      }
    },
    {
      "type": "Feature",
      "properties": {
        "name": "HOLLOW RUN",
        "street_key": "HOLLOW RUN"
      },
      "geometry": {
        "type": "Point",
        "coordinates": [
          -78.43736874103433,
          38.59862409450831
        ]
      }
    },
    {
      "type": "Feature",
      "properties": {
        "name": "HOLLOW RUN",
        "street_key": "HOLLOW RUN"
      },
      "geometry": {
        "type": "Point",
        "coordinates": [
          -78.43667908096747,
          38.5976842299299
        ]
      }
    },
    {
      "type": "Feature",
      "properties": {
        "name": "WHISPERING HILL",
        "street_key": "WHISPERING HILL"
      },
      "geometry": {
        "type": "Point",
        "coordinates": [
          -78.42416366100056,
          38.679445409068464
        ]
      }
    },
    {
      "type": "Feature",
      "properties": {
        "name": "WHISPERING HILL",
        "street_key": "WHISPERING HILL"
      },
      "geometry": {
        "type": "Point",
        "coordinates": [
          -78.42491259839177,
          38.67767502290794
        ]
      }
    },
    {
      "type": "Feature",
      "properties": {
        "name": "WHISPERING HILL",
        "street_key": "WHISPERING HILL"
      },
      "geometry": {
        "type": "Point",
        "coordinates": [
          -78.42573602553279,
          38.67636083580912
        ]
      }
    },
    {
      "type": "Feature",
      "properties": {
        "name": "WHISPERING HILL",
        "street_key": "WHISPERING HILL"
      },
      "geometry": {
        "type": "Point",
        "coordinates": [
          -78.42536892387797,
          38.67683060882977
        ]
      }
    },
    {
      "type": "Feature",
      "properties": {
        "name": "COMERTOWN",
        "street_key": "COMERTOWN"
      },
      "geometry": {
        "type": "Point",
        "coordinates": [
          -78.58083720456418,
          38.516080913414086
        ]
      }
    },
    {
      "type": "Feature",
      "properties": {
        "name": "EGYPT BEND",
        "street_key": "EGYPT BEND"
      },
      "geometry": {
        "type": "Point",
        "coordinates": [
          -78.49619359923788,
          38.7033053105281
        ]
      }
    },
    {
      "type": "Feature",
      "properties": {
        "name": "BIXLERS FERRY",
        "street_key": "BIXLERS FERRY"
      },
      "geometry": {
        "type": "Point",
        "coordinates": [
          -78.49267341762915,
          38.70076428756498
        ]
      }
    },
    {
      "type": "Feature",
      "properties": {
        "name": "MARYLAND",
        "street_key": "MARYLAND"
      },
      "geometry": {
        "type": "Point",
        "coordinates": [
          -78.6265922959906,
          38.481660270317185
        ]
      }
    },
    {
      "type": "Feature",
      "properties": {
        "name": "ANTIOCH",
        "street_key": "ANTIOCH"
      },
      "geometry": {
        "type": "Point",
        "coordinates": [
          -78.43067298589298,
          38.65302593963239
        ]
      }
    },
    {
      "type": "Feature",
      "properties": {
        "name": "ANTIOCH",
        "street_key": "ANTIOCH"
      },
      "geometry": {
        "type": "Point",
        "coordinates": [
          -78.42965083814508,
          38.65436604948073
        ]
      }
    },
    {
      "type": "Feature",
      "properties": {
        "name": "LEAKSVILLE",
        "street_key": "LEAKSVILLE"
      },
      "geometry": {
        "type": "Point",
        "coordinates": [
          -78.4809144402268,
          38.661190279702524
        ]
      }
    },
    {
      "type": "Feature",
      "properties": {
        "name": "COMERTOWN",
        "street_key": "COMERTOWN"
      },
      "geometry": {
        "type": "Point",
        "coordinates": [
          -78.58431476960058,
          38.50609567542212
        ]
      }
    },
    {
      "type": "Feature",
      "properties": {
        "name": "COMERTOWN",
        "street_key": "COMERTOWN"
      },
      "geometry": {
        "type": "Point",
        "coordinates": [
          -78.5850149408511,
          38.50100364794613
        ]
      }
    },
    {
      "type": "Feature",
      "properties": {
        "name": "COMERTOWN",
        "street_key": "COMERTOWN"
      },
      "geometry": {
        "type": "Point",
        "coordinates": [
          -78.58787980172058,
          38.49844385365245
        ]
      }
    },
    {
      "type": "Feature",
      "properties": {
        "name": "CHAPEL",
        "street_key": "CHAPEL"
      },
      "geometry": {
        "type": "Point",
        "coordinates": [
          -78.48894129282827,
          38.57632877297018
        ]
      }
    },
    {
      "type": "Feature",
      "properties": {
        "name": "CHAPEL",
        "street_key": "CHAPEL"
      },
      "geometry": {
        "type": "Point",
        "coordinates": [
          -78.48755817776613,
          38.57639978504131
        ]
      }
    },
    {
      "type": "Feature",
      "properties": {
        "name": "RIVER",
        "street_key": "RIVER"
      },
      "geometry": {
        "type": "Point",
        "coordinates": [
          -78.56370793257587,
          38.5831629578678
        ]
      }
    },
    {
      "type": "Feature",
      "properties": {
        "name": "RIVER",
        "street_key": "RIVER"
      },
      "geometry": {
        "type": "Point",
        "coordinates": [
          -78.56367998594285,
          38.58865951036202
        ]
      }
    },
    {
      "type": "Feature",
      "properties": {
        "name": "LEAKSVILLE",
        "street_key": "LEAKSVILLE"
      },
      "geometry": {
        "type": "Point",
        "coordinates": [
          -78.52816660081842,
          38.622492891311104
        ]
      }
    },
    {
      "type": "Feature",
      "properties": {
        "name": "GANDERS",
        "street_key": "GANDERS"
      },
      "geometry": {
        "type": "Point",
        "coordinates": [
          -78.53160214463985,
          38.636714796658794
        ]
      }
    },
    {
      "type": "Feature",
      "properties": {
        "name": "GANDERS",
        "street_key": "GANDERS"
      },
      "geometry": {
        "type": "Point",
        "coordinates": [
          -78.5296100268038,
          38.62737806689489
        ]
      }
    },
    {
      "type": "Feature",
      "properties": {
        "name": "RIVER",
        "street_key": "RIVER"
      },
      "geometry": {
        "type": "Point",
        "coordinates": [
          -78.56150616396623,
          38.577732718276465
        ]
      }
    },
    {
      "type": "Feature",
      "properties": {
        "name": "RIVER",
        "street_key": "RIVER"
      },
      "geometry": {
        "type": "Point",
        "coordinates": [
          -78.56077573769423,
          38.576729493966184
        ]
      }
    },
    {
      "type": "Feature",
      "properties": {
        "name": "RIVER",
        "street_key": "RIVER"
      },
      "geometry": {
        "type": "Point",
        "coordinates": [
          -78.56350402288413,
          38.56443783551717
        ]
      }
    },
    {
      "type": "Feature",
      "properties": {
        "name": "RIVER",
        "street_key": "RIVER"
      },
      "geometry": {
        "type": "Point",
        "coordinates": [
          -78.56016308014145,
          38.57403741845332
        ]
      }
    },
    {
      "type": "Feature",
      "properties": {
        "name": "GROVE HILL RIVER",
        "street_key": "GROVE HILL RIVER"
      },
      "geometry": {
        "type": "Point",
        "coordinates": [
          -78.60128218420299,
          38.53095539542297
        ]
      }
    },
    {
      "type": "Feature",
      "properties": {
        "name": "GROVE HILL RIVER",
        "street_key": "GROVE HILL RIVER"
      },
      "geometry": {
        "type": "Point",
        "coordinates": [
          -78.61010314030035,
          38.533349034602516
        ]
      }
    },
    {
      "type": "Feature",
      "properties": {
        "name": "COMERTOWN",
        "street_key": "COMERTOWN"
      },
      "geometry": {
        "type": "Point",
        "coordinates": [
          -78.60823168345982,
          38.49300334412221
        ]
      }
    },
    {
      "type": "Feature",
      "properties": {
        "name": "COMERTOWN",
        "street_key": "COMERTOWN"
      },
      "geometry": {
        "type": "Point",
        "coordinates": [
          -78.6059356419908,
          38.49428536181898
        ]
      }
    },
    {
      "type": "Feature",
      "properties": {
        "name": "HOLLOW RUN",
        "street_key": "HOLLOW RUN"
      },
      "geometry": {
        "type": "Point",
        "coordinates": [
          -78.42545526149439,
          38.589872628681206
        ]
      }
    },
    {
      "type": "Feature",
      "properties": {
        "name": "HOLLOW RUN",
        "street_key": "HOLLOW RUN"
      },
      "geometry": {
        "type": "Point",
        "coordinates": [
          -78.42701258362773,
          38.59147220293271
        ]
      }
    },
    {
      "type": "Feature",
      "properties": {
        "name": "MILL CREEK CROSSROADS",
        "street_key": "MILL CREEK CROSSROADS"
      },
      "geometry": {
        "type": "Point",
        "coordinates": [
          -78.50898015983029,
          38.61518654802293
        ]
      }
    },
    {
      "type": "Feature",
      "properties": {
        "name": "MILL CREEK CROSSROADS",
        "street_key": "MILL CREEK CROSSROADS"
      },
      "geometry": {
        "type": "Point",
        "coordinates": [
          -78.50454399605032,
          38.61556624579364
        ]
      }
    },
    {
      "type": "Feature",
      "properties": {
        "name": "MILL CREEK CROSSROADS",
        "street_key": "MILL CREEK CROSSROADS"
      },
      "geometry": {
        "type": "Point",
        "coordinates": [
          -78.48836298193662,
          38.616725016459455
        ]
      }
    },
    {
      "type": "Feature",
      "properties": {
        "name": "MILL CREEK CROSSROADS",
        "street_key": "MILL CREEK CROSSROADS"
      },
      "geometry": {
        "type": "Point",
        "coordinates": [
          -78.48063230632394,
          38.621117768228196
        ]
      }
    },
    {
      "type": "Feature",
      "properties": {
        "name": "JUDY LN",
        "street_key": "JUDY LN"
      },
      "geometry": {
        "type": "Point",
        "coordinates": [
          -78.50186860206114,
          38.56543449719481
        ]
      }
    },
    {
      "type": "Feature",
      "properties": {
        "name": "JUDY LN",
        "street_key": "JUDY LN"
      },
      "geometry": {
        "type": "Point",
        "coordinates": [
          -78.50298098613843,
          38.56625457393742
        ]
      }
    },
    {
      "type": "Feature",
      "properties": {
        "name": "COMERTOWN",
        "street_key": "COMERTOWN"
      },
      "geometry": {
        "type": "Point",
        "coordinates": [
          -78.58309639777539,
          38.52154577814388
        ]
      }
    },
    {
      "type": "Feature",
      "properties": {
        "name": "COMERTOWN",
        "street_key": "COMERTOWN"
      },
      "geometry": {
        "type": "Point",
        "coordinates": [
          -78.58623293039238,
          38.52516552094844
        ]
      }
    },
    {
      "type": "Feature",
      "properties": {
        "name": "COMERTOWN",
        "street_key": "COMERTOWN"
      },
      "geometry": {
        "type": "Point",
        "coordinates": [
          -78.58060773963048,
          38.510593639227665
        ]
      }
    },
    {
      "type": "Feature",
      "properties": {
        "name": "COMERTOWN",
        "street_key": "COMERTOWN"
      },
      "geometry": {
        "type": "Point",
        "coordinates": [
          -78.58996718679717,
          38.49856217083217
        ]
      }
    },
    {
      "type": "Feature",
      "properties": {
        "name": "COMERTOWN",
        "street_key": "COMERTOWN"
      },
      "geometry": {
        "type": "Point",
        "coordinates": [
          -78.58839510377213,
          38.498500508489734
        ]
      }
    },
    {
      "type": "Feature",
      "properties": {
        "name": "HOLLOW RUN",
        "street_key": "HOLLOW RUN"
      },
      "geometry": {
        "type": "Point",
        "coordinates": [
          -78.44728008775841,
          38.61342271062385
        ]
      }
    },
    {
      "type": "Feature",
      "properties": {
        "name": "HOLLOW RUN",
        "street_key": "HOLLOW RUN"
      },
      "geometry": {
        "type": "Point",
        "coordinates": [
          -78.44868540969577,
          38.615271203287534
        ]
      }
    },
    {
      "type": "Feature",
      "properties": {
        "name": "LEAKSVILLE",
        "street_key": "LEAKSVILLE"
      },
      "geometry": {
        "type": "Point",
        "coordinates": [
          -78.48124804960439,
          38.65968510714137
        ]
      }
    },
    {
      "type": "Feature",
      "properties": {
        "name": "LEAKSVILLE",
        "street_key": "LEAKSVILLE"
      },
      "geometry": {
        "type": "Point",
        "coordinates": [
          -78.48181771377887,
          38.657142901257025
        ]
      }
    },
    {
      "type": "Feature",
      "properties": {
        "name": "LEAKSVILLE",
        "street_key": "LEAKSVILLE"
      },
      "geometry": {
        "type": "Point",
        "coordinates": [
          -78.48153212718178,
          38.658423466015556
        ]
      }
    },
    {
      "type": "Feature",
      "properties": {
        "name": "AIRPORT",
        "street_key": "AIRPORT"
      },
      "geometry": {
        "type": "Point",
        "coordinates": [
          -78.49995368183872,
          38.665403009219666
        ]
      }
    },
    {
      "type": "Feature",
      "properties": {
        "name": "JUDY",
        "street_key": "JUDY"
      },
      "geometry": {
        "type": "Point",
        "coordinates": [
          -78.50837594503838,
          38.571002327340196
        ]
      }
    },
    {
      "type": "Feature",
      "properties": {
        "name": "JUDY",
        "street_key": "JUDY"
      },
      "geometry": {
        "type": "Point",
        "coordinates": [
          -78.50906606115682,
          38.57159127584028
        ]
      }
    },
    {
      "type": "Feature",
      "properties": {
        "name": "MARKSVILLE",
        "street_key": "MARKSVILLE"
      },
      "geometry": {
        "type": "Point",
        "coordinates": [
          -78.48352770464872,
          38.576004214431194
        ]
      }
    },
    {
      "type": "Feature",
      "properties": {
        "name": "BIXLERS FERRY",
        "street_key": "BIXLERS FERRY"
      },
      "geometry": {
        "type": "Point",
        "coordinates": [
          -78.47374866011286,
          38.67078663733054
        ]
      }
    },
    {
      "type": "Feature",
      "properties": {
        "name": "RAMP",
        "street_key": "RAMP"
      },
      "geometry": {
        "type": "Point",
        "coordinates": [
          -78.32076549745692,
          38.661971659558326
        ]
      }
    },
    {
      "type": "Feature",
      "properties": {
        "name": "BIXLERS FERRY",
        "street_key": "BIXLERS FERRY"
      },
      "geometry": {
        "type": "Point",
        "coordinates": [
          -78.48831057347529,
          38.690965110604125
        ]
      }
    },
    {
      "type": "Feature",
      "properties": {
        "name": "REDMAN STORE",
        "street_key": "REDMAN STORE"
      },
      "geometry": {
        "type": "Point",
        "coordinates": [
          -78.46810902781436,
          38.62794134199055
        ]
      }
    },
    {
      "type": "Feature",
      "properties": {
        "name": "BIXLERS FERRY",
        "street_key": "BIXLERS FERRY"
      },
      "geometry": {
        "type": "Point",
        "coordinates": [
          -78.47410029994361,
          38.67107719215854
        ]
      }
    },
    {
      "type": "Feature",
      "properties": {
        "name": "EDINBURG GAP",
        "street_key": "EDINBURG GAP"
      },
      "geometry": {
        "type": "Point",
        "coordinates": [
          -78.54197595061783,
          38.82453266318711
        ]
      }
    },
    {
      "type": "Feature",
      "properties": {
        "name": "FORT VALLEY",
        "street_key": "FORT VALLEY"
      },
      "geometry": {
        "type": "Point",
        "coordinates": [
          -78.51862519476389,
          38.72028583982929
        ]
      }
    },
    {
      "type": "Feature",
      "properties": {
        "name": "CAMP ROOSEVELT",
        "street_key": "CAMP ROOSEVELT"
      },
      "geometry": {
        "type": "Point",
        "coordinates": [
          -78.51794589189367,
          38.73078186722686
        ]
      }
    },
    {
      "type": "Feature",
      "properties": {
        "name": "FORT",
        "street_key": "FORT"
      },
      "geometry": {
        "type": "Point",
        "coordinates": [
          -78.55580917428156,
          38.82309098605129
        ]
      }
    },
    {
      "type": "Feature",
      "properties": {
        "name": "FORT",
        "street_key": "FORT"
      },
      "geometry": {
        "type": "Point",
        "coordinates": [
          -78.5549724825274,
          38.82315282612196
        ]
      }
    },
    {
      "type": "Feature",
      "properties": {
        "name": "FORT",
        "street_key": "FORT"
      },
      "geometry": {
        "type": "Point",
        "coordinates": [
          -78.5563929417683,
          38.82326559869881
        ]
      }
    },
    {
      "type": "Feature",
      "properties": {
        "name": "QUICKSBURG",
        "street_key": "QUICKSBURG"
      },
      "geometry": {
        "type": "Point",
        "coordinates": [
          -78.69844688605374,
          38.70336343119678
        ]
      }
    },
    {
      "type": "Feature",
      "properties": {
        "name": "FORT VALLEY",
        "street_key": "FORT VALLEY"
      },
      "geometry": {
        "type": "Point",
        "coordinates": [
          -78.43294390163109,
          38.82712899370462
        ]
      }
    },
    {
      "type": "Feature",
      "properties": {
        "name": "CAMP ROOSEVELT",
        "street_key": "CAMP ROOSEVELT"
      },
      "geometry": {
        "type": "Point",
        "coordinates": [
          -78.49475808864338,
          38.764536444321635
        ]
      }
    },
    {
      "type": "Feature",
      "properties": {
        "name": "CAMP ROOSEVELT",
        "street_key": "CAMP ROOSEVELT"
      },
      "geometry": {
        "type": "Point",
        "coordinates": [
          -78.49591339447056,
          38.76735571330997
        ]
      }
    },
    {
      "type": "Feature",
      "properties": {
        "name": "CONICVILLE",
        "street_key": "CONICVILLE"
      },
      "geometry": {
        "type": "Point",
        "coordinates": [
          -78.68923872654614,
          38.82940586640177
        ]
      }
    },
    {
      "type": "Feature",
      "properties": {
        "name": "JEROME",
        "street_key": "JEROME"
      },
      "geometry": {
        "type": "Point",
        "coordinates": [
          -78.6920418259782,
          38.83170759719282
        ]
      }
    },
    {
      "type": "Feature",
      "properties": {
        "name": "RAMP",
        "street_key": "RAMP"
      },
      "geometry": {
        "type": "Point",
        "coordinates": [
          -78.62142527845957,
          38.40547708280764
        ]
      }
    },
    {
      "type": "Feature",
      "properties": {
        "name": "RAMP",
        "street_key": "RAMP"
      },
      "geometry": {
        "type": "Point",
        "coordinates": [
          -78.61867667619543,
          38.4039845583837
        ]
      }
    },
    {
      "type": "Feature",
      "properties": {
        "name": "RAMP",
        "street_key": "RAMP"
      },
      "geometry": {
        "type": "Point",
        "coordinates": [
          -78.4566080277438,
          38.67253688158477
        ]
      }
    },
    {
      "type": "Feature",
      "properties": {
        "name": "RAMP",
        "street_key": "RAMP"
      },
      "geometry": {
        "type": "Point",
        "coordinates": [
          -78.32014008142029,
          38.66207899374324
        ]
      }
    },
    {
      "type": "Feature",
      "properties": {
        "name": "RAMP",
        "street_key": "RAMP"
      },
      "geometry": {
        "type": "Point",
        "coordinates": [
          -78.32210273339862,
          38.66249362531311
        ]
      }
    },
    {
      "type": "Feature",
      "properties": {
        "name": "RAMP",
        "street_key": "RAMP"
      },
      "geometry": {
        "type": "Point",
        "coordinates": [
          -78.31949509303789,
          38.66110464584096
        ]
      }
    },
    {
      "type": "Feature",
      "properties": {
        "name": "RAMP",
        "street_key": "RAMP"
      },
      "geometry": {
        "type": "Point",
        "coordinates": [
          -78.32199504019805,
          38.66219979365234
        ]
      }
    },
    {
      "type": "Feature",
      "properties": {
        "name": "RAMP",
        "street_key": "RAMP"
      },
      "geometry": {
        "type": "Point",
        "coordinates": [
          -78.32245150430533,
          38.661682126464754
        ]
      }
    },
    {
      "type": "Feature",
      "properties": {
        "name": "CAVERNS",
        "street_key": "CAVERNS"
      },
      "geometry": {
        "type": "Point",
        "coordinates": [
          -78.65735834621053,
          38.70442905554038
        ]
      }
    },
    {
      "type": "Feature",
      "properties": {
        "name": "CAVERNS",
        "street_key": "CAVERNS"
      },
      "geometry": {
        "type": "Point",
        "coordinates": [
          -78.65572987736957,
          38.704956650499355
        ]
      }
    },
    {
      "type": "Feature",
      "properties": {
        "name": "INTERSTATE 81 NB EXIT 273 ON",
        "street_key": "INTERSTATE 81 NB EXIT 273 ON"
      },
      "geometry": {
        "type": "Point",
        "coordinates": [
          -78.63226530120832,
          38.76235863932456
        ]
      }
    },
    {
      "type": "Feature",
      "properties": {
        "name": "MIDDLE",
        "street_key": "MIDDLE"
      },
      "geometry": {
        "type": "Point",
        "coordinates": [
          -78.59926544012956,
          38.81022086979587
        ]
      }
    },
    {
      "type": "Feature",
      "properties": {
        "name": "MIDDLE",
        "street_key": "MIDDLE"
      },
      "geometry": {
        "type": "Point",
        "coordinates": [
          -78.59718940738014,
          38.81013823512021
        ]
      }
    },
    {
      "type": "Feature",
      "properties": {
        "name": "JUDY LN",
        "street_key": "JUDY LN"
      },
      "geometry": {
        "type": "Point",
        "coordinates": [
          -78.49501664520301,
          38.55881914936369
        ]
      }
    },
    {
      "type": "Feature",
      "properties": {
        "name": "AIRPORT",
        "street_key": "AIRPORT"
      },
      "geometry": {
        "type": "Point",
        "coordinates": [
          -78.49516513507287,
          38.66944113640317
        ]
      }
    },
    {
      "type": "Feature",
      "properties": {
        "name": "WALLACE",
        "street_key": "WALLACE"
      },
      "geometry": {
        "type": "Point",
        "coordinates": [
          -78.42974543054828,
          38.670866638450846
        ]
      }
    },
    {
      "type": "Feature",
      "properties": {
        "name": "ANTIOCH",
        "street_key": "ANTIOCH"
      },
      "geometry": {
        "type": "Point",
        "coordinates": [
          -78.43849341390481,
          38.64619771480519
        ]
      }
    },
    {
      "type": "Feature",
      "properties": {
        "name": "AIRPORT",
        "street_key": "AIRPORT"
      },
      "geometry": {
        "type": "Point",
        "coordinates": [
          -78.49334917374165,
          38.670571449642516
        ]
      }
    },
    {
      "type": "Feature",
      "properties": {
        "name": "ANTIOCH",
        "street_key": "ANTIOCH"
      },
      "geometry": {
        "type": "Point",
        "coordinates": [
          -78.44309322316805,
          38.64179513377293
        ]
      }
    },
    {
      "type": "Feature",
      "properties": {
        "name": "EDINBURG GAP",
        "street_key": "EDINBURG GAP"
      },
      "geometry": {
        "type": "Point",
        "coordinates": [
          -78.53659973794524,
          38.82027305611982
        ]
      }
    },
    {
      "type": "Feature",
      "properties": {
        "name": "MARYLAND",
        "street_key": "MARYLAND"
      },
      "geometry": {
        "type": "Point",
        "coordinates": [
          -78.61279588333562,
          38.49028355313494
        ]
      }
    },
    {
      "type": "Feature",
      "properties": {
        "name": "FAIRVIEW",
        "street_key": "FAIRVIEW"
      },
      "geometry": {
        "type": "Point",
        "coordinates": [
          -78.42672502451578,
          38.65312633861805
        ]
      }
    },
    {
      "type": "Feature",
      "properties": {
        "name": "AIRPORT",
        "street_key": "AIRPORT"
      },
      "geometry": {
        "type": "Point",
        "coordinates": [
          -78.5077012922569,
          38.65965881141536
        ]
      }
    },
    {
      "type": "Feature",
      "properties": {
        "name": "BENTONVILLE",
        "street_key": "BENTONVILLE"
      },
      "geometry": {
        "type": "Point",
        "coordinates": [
          -78.27850910061909,
          38.81674579233255
        ]
      }
    },
    {
      "type": "Feature",
      "properties": {
        "name": "RIVER",
        "street_key": "RIVER"
      },
      "geometry": {
        "type": "Point",
        "coordinates": [
          -78.55961575767029,
          38.570580848668
        ]
      }
    },
    {
      "type": "Feature",
      "properties": {
        "name": "GROVE HILL RIVER",
        "street_key": "GROVE HILL RIVER"
      },
      "geometry": {
        "type": "Point",
        "coordinates": [
          -78.56999345684356,
          38.55812810679674
        ]
      }
    },
    {
      "type": "Feature",
      "properties": {
        "name": "EDINBURG GAP",
        "street_key": "EDINBURG GAP"
      },
      "geometry": {
        "type": "Point",
        "coordinates": [
          -78.53867676144579,
          38.822625077097
        ]
      }
    },
    {
      "type": "Feature",
      "properties": {
        "name": "AIRPORT",
        "street_key": "AIRPORT"
      },
      "geometry": {
        "type": "Point",
        "coordinates": [
          -78.50363542564835,
          38.661637608685425
        ]
      }
    },
    {
      "type": "Feature",
      "properties": {
        "name": "FORT VALLEY",
        "street_key": "FORT VALLEY"
      },
      "geometry": {
        "type": "Point",
        "coordinates": [
          -78.48321265605105,
          38.786279975731176
        ]
      }
    },
    {
      "type": "Feature",
      "properties": {
        "name": "GROVE HILL RIVER",
        "street_key": "GROVE HILL RIVER"
      },
      "geometry": {
        "type": "Point",
        "coordinates": [
          -78.57873219666308,
          38.53145485826435
        ]
      }
    },
    {
      "type": "Feature",
      "properties": {
        "name": "FAIRVIEW",
        "street_key": "FAIRVIEW"
      },
      "geometry": {
        "type": "Point",
        "coordinates": [
          -78.42542705311307,
          38.65220579319262
        ]
      }
    },
    {
      "type": "Feature",
      "properties": {
        "name": "MARYLAND",
        "street_key": "MARYLAND"
      },
      "geometry": {
        "type": "Point",
        "coordinates": [
          -78.61677980021653,
          38.487922557179296
        ]
      }
    },
    {
      "type": "Feature",
      "properties": {
        "name": "QUICKSBURG",
        "street_key": "QUICKSBURG"
      },
      "geometry": {
        "type": "Point",
        "coordinates": [
          -78.65901178851865,
          38.6839385618095
        ]
      }
    },
    {
      "type": "Feature",
      "properties": {
        "name": "QUICKSBURG",
        "street_key": "QUICKSBURG"
      },
      "geometry": {
        "type": "Point",
        "coordinates": [
          -78.65829182877555,
          38.68345017360798
        ]
      }
    },
    {
      "type": "Feature",
      "properties": {
        "name": "EGYPT BEND",
        "street_key": "EGYPT BEND"
      },
      "geometry": {
        "type": "Point",
        "coordinates": [
          -78.54949425645174,
          38.65165510959751
        ]
      }
    },
    {
      "type": "Feature",
      "properties": {
        "name": "BENTONVILLE",
        "street_key": "BENTONVILLE"
      },
      "geometry": {
        "type": "Point",
        "coordinates": [
          -78.29558396142464,
          38.823214826336496
        ]
      }
    },
    {
      "type": "Feature",
      "properties": {
        "name": "VALLEY BURG",
        "street_key": "VALLEY BURG"
      },
      "geometry": {
        "type": "Point",
        "coordinates": [
          -78.40201458887167,
          38.63101292428172
        ]
      }
    },
    {
      "type": "Feature",
      "properties": {
        "name": "GROVE HILL RIVER",
        "street_key": "GROVE HILL RIVER"
      },
      "geometry": {
        "type": "Point",
        "coordinates": [
          -78.57226866993292,
          38.55507258288293
        ]
      }
    }
  ]
}
