{
  "type": "FeatureCollection",
  "features": [
    {
      "type": "Feature",
      "properties": {
        "name": "I-81",
        "tier": 1,
        "highway_class": "major"
      },
      "geometry": {
        "type": "LineString",
        "coordinates": [
          [
            -78.9139359998834,
            38.390003999899626
          ],
          [
            -78.91404399983843,
            38.389785000171514
          ],
          [
            -78.91408900004427,
            38.38969699988178
          ],
          [
            -78.91477600013255,
            38.38829699987998
          ],
          [
            -78.91500999958596,
            38.38780299972842
          ],
          [
            -78.91534699986984,
            38.387052999675824
          ],
          [
            -78.91548800033515,
            38.38672700018521
          ],
          [
            -78.91561800003149,
            38.386411000071284
          ],
          [
            -78.9159009998887,
            38.38567600003224
          ],
          [
            -78.91605400004958,
            38.38524600027773
          ],
          [
            -78.91630400029484,
            38.38449599976262
          ],
          [
            -78.91640300002905,
            38.38417600014267
          ],
          [
            -78.91659499964965,
            38.383500999690426
          ],
          [
            -78.91677899977267,
            38.38277999999352
          ],
          [
            -78.91776499961169,
            38.37852399968633
          ],
          [
            -78.91810799974336,
            38.37704100012545
          ],
          [
            -78.91941699962254,
            38.3713560001379
          ],
          [
            -78.91952499957758,
            38.3709210000428
          ],
          [
            -78.91969600018012,
            38.3702710001684
          ],
          [
            -78.91982199967849,
            38.36984299990206
          ],
          [
            -78.91995700029602,
            38.3694089999763
          ],
          [
            -78.92028700000893,
            38.36844900020632
          ],
          [
            -78.92056700039139,
            38.36770599973392
          ],
          [
            -78.92073800009562,
            38.36728299977715
          ],
          [
            -78.92105799976275,
            38.36654700034319
          ],
          [
            -78.92126700000014,
            38.36609499971424
          ],
          [
            -78.92149899980372,
            38.36561299989775
          ],
          [
            -78.92176099974455,
            38.36510100029445
          ],
          [
            -78.92203399955602,
            38.36459699987697
          ],
          [
            -78.92226700008283,
            38.36418099991841
          ],
          [
            -78.92258400027525,
            38.363596999884074
          ],
          [
            -78.92295900019396,
            38.36298900027442
          ],
          [
            -78.92369499978771,
            38.36188000008234
          ],
          [
            -78.92390800022305,
            38.36155099990905
          ],
          [
            -78.92481500041934,
            38.360186000199086
          ],
          [
            -78.9249889995983,
            38.359940000249644
          ],
          [
            -78.92511300034516,
            38.3597659999868
          ],
          [
            -78.92631000007137,
            38.357954999842285
          ],
          [
            -78.92689199967933,
            38.357073999829346
          ],
          [
            -78.92720800004682,
            38.35659499997132
          ],
          [
            -78.92856799997963,
            38.3545329999579
          ],
          [
            -78.92864199959949,
            38.35442900035098
          ],
          [
            -78.9288390001413,
            38.35410999980535
          ],
          [
            -78.92905500005136,
            38.35375900015592
          ],
          [
            -78.93045699981697,
            38.35163300031288
          ],
          [
            -78.93069399964342,
            38.35131000010567
          ],
          [
            -78.93101900023176,
            38.350810000239186
          ],
          [
            -78.93118900011108,
            38.35053299996979
          ],
          [
            -78.93126799975379,
            38.350404999810394
          ],
          [
            -78.93156200037997,
            38.34988799995178
          ],
          [
            -78.93173200025929,
            38.3495850003128
          ],
          [
            -78.93183299964332,
            38.349388000130205
          ],
          [
            -78.93194599962122,
            38.34916900003844
          ],
          [
            -78.93214599963775,
            38.34876099981915
          ],
          [
            -78.93233599960855,
            38.3483469998373
          ],
          [
            -78.93257199961009,
            38.347789000313625
          ],
          [
            -78.93276199958089,
            38.347299000002245
          ],
          [
            -78.93287600028204,
            38.34697999975043
          ],
          [
            -78.93301900039715,
            38.34655800028648
          ],
          [
            -78.93317800040582,
            38.34602600031345
          ],
          [
            -78.93327299994205,
            38.34568399992795
          ],
          [
            -78.93331300012503,
            38.345538999956915
          ],
          [
            -78.93333900006431,
            38.345446999751836
          ],
          [
            -78.93335499995783,
            38.34537499978554
          ],
          [
            -78.93349700024805,
            38.34471900031858
          ],
          [
            -78.93357500006586,
            38.344289999994054
          ],
          [
            -78.93364399966285,
            38.3438520000222
          ],
          [
            -78.93368899986868,
            38.343522999657466
          ],
          [
            -78.93372800022674,
            38.3431909999097
          ],
          [
            -78.93376800040971,
            38.34273999977778
          ],
          [
            -78.933790000151,
            38.3424269999478
          ],
          [
            -78.93380600004453,
            38.34209899993759
          ],
          [
            -78.9338179997401,
            38.34166100010419
          ],
          [
            -78.93381400044046,
            38.341108999978246
          ],
          [
            -78.93380100002167,
            38.34067200030099
          ],
          [
            -78.93377500008239,
            38.34023199997642
          ],
          [
            -78.93369899991441,
            38.339464999652215
          ],
          [
            -78.93366999960209,
            38.33924900002002
          ],
          [
            -78.93351899998936,
            38.33826399974053
          ],
          [
            -78.93300599997838,
            38.33506799977368
          ],
          [
            -78.93284399959667,
            38.334058000318215
          ],
          [
            -78.93279900028914,
            38.333808000107275
          ],
          [
            -78.93267500044057,
            38.33309499996533
          ],
          [
            -78.93256699958724,
            38.3324329997365
          ],
          [
            -78.93252300010461,
            38.332161999868504
          ],
          [
            -78.93247600024894,
            38.33182900027845
          ],
          [
            -78.9323809998144,
            38.33127899979704
          ],
          [
            -78.93233599960855,
            38.3309580003006
          ],
          [
            -78.93205299975133,
            38.32920599965171
          ],
          [
            -78.93193700029869,
            38.328445000107614
          ],
          [
            -78.93141800043993,
            38.32527800014506
          ],
          [
            -78.9312540004084,
            38.32420299987608
          ],
          [
            -78.93110500044548,
            38.32329599982481
          ],
          [
            -78.9309870004447,
            38.32258199980902
          ],
          [
            -78.93079199955272,
            38.32128200021882
          ],
          [
            -78.93071600028306,
            38.320736999716914
          ],
          [
            -78.93068299977277,
            38.32033599992537
          ],
          [
            -78.93062099984849,
            38.319771999783086
          ],
          [
            -78.93052600031226,
            38.31878799985624
          ],
          [
            -78.93038800021999,
            38.31671300023556
          ],
          [
            -78.93023500005911,
            38.31425799998566
          ],
          [
            -78.93017800015771,
            38.313347999734766
          ],
          [
            -78.93019999989902,
            38.31320999974671
          ],
          [
            -78.93019499987614,
            38.31314399984344
          ]
        ]
      }
    },
    {
      "type": "Feature",
      "properties": {
        "name": "I-81",
        "tier": 1,
        "highway_class": "major"
      },
      "geometry": {
        "type": "LineString",
        "coordinates": [
          [
            -78.6862179999235,
            38.635742000113545
          ],
          [
            -78.68615099997635,
            38.63579099995001
          ],
          [
            -78.68612800041012,
            38.63580999992057
          ],
          [
            -78.68603100032574,
            38.635881000135306
          ],
          [
            -78.68562600026978,
            38.636196999812825
          ],
          [
            -78.68512999997724,
            38.63660200026949
          ],
          [
            -78.68418500014612,
            38.63742899966837
          ],
          [
            -78.68355800033231,
            38.63805599995323
          ],
          [
            -78.68337000001134,
            38.63824399996247
          ],
          [
            -78.68296300030556,
            38.63867900012737
          ],
          [
            -78.68261400032611,
            38.63906799972443
          ],
          [
            -78.68221500011795,
            38.63954799968137
          ],
          [
            -78.6817060003049,
            38.64018899986613
          ],
          [
            -78.68137900006676,
            38.64063900011736
          ],
          [
            -78.67992100022464,
            38.642801000236304
          ],
          [
            -78.67931100012929,
            38.64372400012958
          ],
          [
            -78.67892500033992,
            38.644344000029804
          ],
          [
            -78.67851500026109,
            38.644943000234285
          ],
          [
            -78.67813000029662,
            38.64550399994367
          ],
          [
            -78.67732199983453,
            38.64674199981594
          ],
          [
            -78.6769400002431,
            38.6473270001215
          ],
          [
            -78.67671900031016,
            38.64766500016346
          ],
          [
            -78.67640100029286,
            38.648153000192615
          ],
          [
            -78.6745390002197,
            38.651027999865036
          ],
          [
            -78.67298799959288,
            38.6532950003283
          ],
          [
            -78.67207899974676,
            38.65470899971298
          ],
          [
            -78.67016399997017,
            38.65763900021193
          ],
          [
            -78.6700180003803,
            38.65786300029537
          ],
          [
            -78.66899599965795,
            38.65942699972005
          ],
          [
            -78.6682650000871,
            38.66052299981637
          ],
          [
            -78.6674909999602,
            38.66178799979928
          ],
          [
            -78.6670480002694,
            38.66257999992411
          ],
          [
            -78.66655699999974,
            38.66347000013933
          ],
          [
            -78.66621300004314,
            38.66423200004125
          ],
          [
            -78.66564200030584,
            38.66553399984352
          ],
          [
            -78.66338299967434,
            38.67128400005913
          ],
          [
            -78.6613520004451,
            38.67635100010072
          ],
          [
            -78.65975700033565,
            38.680328999805276
          ],
          [
            -78.6592190002103,
            38.68168699990305
          ],
          [
            -78.6587880002151,
            38.68271599994251
          ],
          [
            -78.65872000044303,
            38.68288900033354
          ],
          [
            -78.658452999581,
            38.683573000146836
          ],
          [
            -78.65816700024905,
            38.68433899975316
          ],
          [
            -78.65812600024117,
            38.68444900029942
          ],
          [
            -78.65716799999126,
            38.686793999861735
          ],
          [
            -78.65670699985881,
            38.68801099991282
          ],
          [
            -78.65650799966717,
            38.68862699975363
          ],
          [
            -78.65644300026817,
            38.68886099991038
          ],
          [
            -78.65612900044881,
            38.689982999702
          ],
          [
            -78.65579600036288,
            38.69148100026329
          ],
          [
            -78.655679000187,
            38.69213099983465
          ],
          [
            -78.65551699980531,
            38.69323599971471
          ],
          [
            -78.65549599988891,
            38.69344200032692
          ],
          [
            -78.65545099968307,
            38.69388900031277
          ],
          [
            -78.65532699983451,
            38.69538900000053
          ],
          [
            -78.6553260000096,
            38.696729000173555
          ],
          [
            -78.65539700015471,
            38.69810800008768
          ],
          [
            -78.65546300027694,
            38.69881599975042
          ],
          [
            -78.65561999973748,
            38.69990000016643
          ],
          [
            -78.65563599963099,
            38.70001200008267
          ],
          [
            -78.6556420003771,
            38.700058000235344
          ],
          [
            -78.6557210000198,
            38.70060100016689
          ],
          [
            -78.65583599964755,
            38.701141000340456
          ],
          [
            -78.65596899971692,
            38.70176300032172
          ],
          [
            -78.65602800016647,
            38.70201999971511
          ],
          [
            -78.65603999986203,
            38.70207099988314
          ],
          [
            -78.65612400042593,
            38.702432000225286
          ],
          [
            -78.65629400030525,
            38.70302999999609
          ],
          [
            -78.65637799997083,
            38.70332800007592
          ],
          [
            -78.65655700007098,
            38.703930999840175
          ],
          [
            -78.6568120003391,
            38.70464500013219
          ],
          [
            -78.65703300027205,
            38.705258999728336
          ],
          [
            -78.65711600011274,
            38.70548900014458
          ],
          [
            -78.65731299975621,
            38.70597999970366
          ],
          [
            -78.65769299969783,
            38.706929000137414
          ],
          [
            -78.65857599960466,
            38.70901299975946
          ],
          [
            -78.65925699984514,
            38.710633000055125
          ],
          [
            -78.66022500014078,
            38.71315299982429
          ],
          [
            -78.66036700043101,
            38.713628999930755
          ],
          [
            -78.66046799981504,
            38.71397000030393
          ],
          [
            -78.66061000010525,
            38.71452599988222
          ],
          [
            -78.66072800010603,
            38.71511999996339
          ],
          [
            -78.6608100001218,
            38.71561999977371
          ],
          [
            -78.6608810002669,
            38.71627400015626
          ],
          [
            -78.66092899994749,
            38.7169900002293
          ],
          [
            -78.66094099964303,
            38.71778099979245
          ],
          [
            -78.66090300000822,
            38.71846000013229
          ],
          [
            -78.66083299968801,
            38.71910400023111
          ],
          [
            -78.660656000136,
            38.720133999753656
          ],
          [
            -78.66049899977718,
            38.72077200004877
          ],
          [
            -78.66027799984423,
            38.72149600025361
          ],
          [
            -78.66001900027646,
            38.72222399990968
          ],
          [
            -78.65957499986246,
            38.72319799971479
          ],
          [
            -78.6595020000675,
            38.72334599982421
          ],
          [
            -78.65929399965505,
            38.72376399997422
          ],
          [
            -78.65927799976153,
            38.723791999910304
          ],
          [
            -78.65916099958567,
            38.72399900019868
          ],
          [
            -78.65886199983491,
            38.724477999822746
          ],
          [
            -78.65885000013935,
            38.724496000003555
          ],
          [
            -78.6583329999304,
            38.72528399965786
          ],
          [
            -78.65789799973723,
            38.725870000186
          ],
          [
            -78.65755499960555,
            38.726290999775344
          ],
          [
            -78.65654399965219,
            38.727440000165096
          ],
          [
            -78.6564669996593,
            38.72752800000524
          ],
          [
            -78.6522980001724,
            38.73218599982462
          ],
          [
            -78.65213400014086,
            38.73240500004661
          ],
          [
            -78.65175199965113,
            38.73291299991245
          ],
          [
            -78.65155199963458,
            38.73326199979177
          ],
          [
            -78.65141299971742,
            38.73357500009043
          ],
          [
            -78.65113499988306,
            38.73428800004714
          ],
          [
            -78.65100400036182,
            38.734918999801124
          ],
          [
            -78.65096199963071,
            38.73530400021556
          ],
          [
            -78.65094800028531,
            38.73586099981223
          ],
          [
            -78.65097000002663,
            38.73610299966597
          ],
          [
            -78.65102500027822,
            38.7367199999696
          ],
          [
            -78.65138299958018,
            38.740737000039715
          ],
          [
            -78.65147800001475,
            38.741959999653034
          ],
          [
            -78.65151300017483,
            38.74302500000336
          ],
          [
            -78.65146499959594,
            38.743820999803624
          ],
          [
            -78.65138199975526,
            38.74447800003021
          ],
          [
            -78.65123299979237,
            38.7453470002983
          ],
          [
            -78.65114099973084,
            38.745681999795984
          ],
          [
            -78.65095800033107,
            38.74630699967656
          ],
          [
            -78.65056400014575,
            38.74736199987013
          ],
          [
            -78.65051999976482,
            38.74747800014942
          ],
          [
            -78.65048399977982,
            38.74757499980947
          ],
          [
            -78.65045600019073,
            38.74764899987317
          ],
          [
            -78.65044500032008,
            38.74767800001927
          ],
          [
            -78.6504339995511,
            38.74770199993797
          ],
          [
            -78.65033099961893,
            38.74792400020475
          ],
          [
            -78.65019400024991,
            38.74821799974178
          ],
          [
            -78.64969499958433,
            38.74918400030529
          ],
          [
            -78.64939800038171,
            38.74970200007706
          ],
          [
            -78.64890299991407,
            38.75042800008864
          ],
          [
            -78.64835200026825,
            38.75111699976556
          ],
          [
            -78.64810600022095,
            38.75139799971756
          ],
          [
            -78.6477089996626,
            38.75183899987784
          ],
          [
            -78.64751299984403,
            38.75204199994778
          ],
          [
            -78.64695899982516,
            38.75261599970302
          ],
          [
            -78.6465050002637,
            38.75302899967038
          ],
          [
            -78.64564999994597,
            38.753731000187734
          ],
          [
            -78.64423200028682,
            38.75479299970315
          ],
          [
            -78.64252500002438,
            38.75608900031153
          ],
          [
            -78.63976999999863,
            38.7581919998961
          ],
          [
            -78.63731000042401,
            38.76005300003454
          ],
          [
            -78.63505699964028,
            38.76176099999605
          ],
          [
            -78.63423700038096,
            38.76238299982351
          ],
          [
            -78.63353799969882,
            38.76290999992665
          ],
          [
            -78.63045200013529,
            38.76523399968183
          ],
          [
            -78.62882699988862,
            38.766498999909224
          ],
          [
            -78.62786699998887,
            38.76723099970986
          ],
          [
            -78.62752899988006,
            38.76748899988194
          ],
          [
            -78.627425000123,
            38.76757499973195
          ],
          [
            -78.62646500022328,
            38.76836799982456
          ],
          [
            -78.62440300013357,
            38.770169999685756
          ],
          [
            -78.62292799967472,
            38.7715540000056
          ],
          [
            -78.62272000016058,
            38.77174899971732
          ],
          [
            -78.62171400023009,
            38.77275500007282
          ],
          [
            -78.62138199996906,
            38.77308299975051
          ],
          [
            -78.6211240002262,
            38.77336000034487
          ],
          [
            -78.61985299998184,
            38.77472500019654
          ],
          [
            -78.61943000038255,
            38.77521700026626
          ],
          [
            -78.61848999967599,
            38.776309999921686
          ],
          [
            -78.61839000011686,
            38.77643299979997
          ],
          [
            -78.61819199975014,
            38.77668099973517
          ],
          [
            -78.61723799969819,
            38.77787500003156
          ],
          [
            -78.61645400042387,
            38.778873999938114
          ],
          [
            -78.61621400022436,
            38.779190999946806
          ],
          [
            -78.61466400032074,
            38.78140899977712
          ],
          [
            -78.61400800019463,
            38.78245500020047
          ],
          [
            -78.61346099984846,
            38.783326000177134
          ],
          [
            -78.61244599969712,
            38.78508799991438
          ],
          [
            -78.61208500002209,
            38.78571399984956
          ],
          [
            -78.61197299986911,
            38.7859580000113
          ],
          [
            -78.61158600025482,
            38.78672800002222
          ],
          [
            -78.6107889996634,
            38.788313999651066
          ],
          [
            -78.60954500008152,
            38.790985000222186
          ],
          [
            -78.60875099986313,
            38.7927709998864
          ],
          [
            -78.60804100020867,
            38.79423500024673
          ],
          [
            -78.60792800023076,
            38.79446899977248
          ],
          [
            -78.60663000022222,
            38.79714699985008
          ],
          [
            -78.60484099994402,
            38.80106399980124
          ],
          [
            -78.60426400035892,
            38.8023060001397
          ],
          [
            -78.6036080002328,
            38.80371599985623
          ],
          [
            -78.60314299990239,
            38.80461999995373
          ],
          [
            -78.60234299983624,
            38.805923000115726
          ],
          [
            -78.60215299986542,
            38.806193999880335
          ],
          [
            -78.60174299978661,
            38.806781999846855
          ],
          [
            -78.60144800023382,
            38.807156999923286
          ],
          [
            -78.60107499996492,
            38.80762999966692
          ],
          [
            -78.60054699988531,
            38.80826000029726
          ],
          [
            -78.60026599967793,
            38.80854400010849
          ],
          [
            -78.59854500007008,
            38.81028299991703
          ],
          [
            -78.5970129997098,
            38.811733000099544
          ],
          [
            -78.5957869996713,
            38.81292300032635
          ],
          [
            -78.59550700018714,
            38.813192999816465
          ],
          [
            -78.59549399976834,
            38.81320699974657
          ],
          [
            -78.5949499997952,
            38.81375599978535
          ],
          [
            -78.59193299982864,
            38.816568000177824
          ],
          [
            -78.58989099983046,
            38.81851399994198
          ],
          [
            -78.5889989997028,
            38.81936499985608
          ],
          [
            -78.5873729996312,
            38.82087800019349
          ],
          [
            -78.58540000012826,
            38.822621000271425
          ],
          [
            -78.5818180002722,
            38.82572500032861
          ],
          [
            -78.58151799979822,
            38.82599100001181
          ],
          [
            -78.58056100027154,
            38.82669699995555
          ],
          [
            -78.57943200031741,
            38.82771400007463
          ],
          [
            -78.57905200037581,
            38.82808000019569
          ],
          [
            -78.57870199967313,
            38.82838199993039
          ],
          [
            -78.57795000018585,
            38.829053999905724
          ],
          [
            -78.57734000009049,
            38.829598000171565
          ],
          [
            -78.57725899989963,
            38.82966699975125
          ],
          [
            -78.57713699970088,
            38.82977199971353
          ],
          [
            -78.57670200040603,
            38.83014399979322
          ],
          [
            -78.57342199977543,
            38.83298300016018
          ],
          [
            -78.57336400004911,
            38.83302800006603
          ],
          [
            -78.57314899996395,
            38.83319699980055
          ],
          [
            -78.57304100000893,
            38.83328000027273
          ],
          [
            -78.57233800002714,
            38.833824999687124
          ],
          [
            -78.57078200027573,
            38.834931999669024
          ],
          [
            -78.57009400036256,
            38.83540000001856
          ],
          [
            -78.56871299961504,
            38.836255999938466
          ],
          [
            -78.56194899993596,
            38.84030300025387
          ],
          [
            -78.56014999961202,
            38.841394999697805
          ],
          [
            -78.55980099963256,
            38.84159999991967
          ],
          [
            -78.55854700000495,
            38.84233599965503
          ],
          [
            -78.55645499977804,
            38.84360699988923
          ],
          [
            -78.55384500041556,
            38.8451610000138
          ],
          [
            -78.54605999983909,
            38.84979500016266
          ],
          [
            -78.54557500031551,
            38.850107000168066
          ],
          [
            -78.54549599977446,
            38.85015800019351
          ],
          [
            -78.54512800042674,
            38.850394000150814
          ],
          [
            -78.54506499977924,
            38.85043499995388
          ],
          [
            -78.54362000035594,
            38.85140600032707
          ],
          [
            -78.54151100041058,
            38.853007999714556
          ],
          [
            -78.54069200007784,
            38.85364399987272
          ],
          [
            -78.53945299962054,
            38.854687999668705
          ],
          [
            -78.53881400011116,
            38.85527699969021
          ],
          [
            -78.53835700017667,
            38.85575499981218
          ],
          [
            -78.53773899968539,
            38.85634400009109
          ],
          [
            -78.53703999990157,
            38.85704199991012
          ],
          [
            -78.53631199980542,
            38.85782700026984
          ],
          [
            -78.53555299974713,
            38.8586800001812
          ],
          [
            -78.53492400028351,
            38.85947399979919
          ],
          [
            -78.53417400044607,
            38.86048800004961
          ],
          [
            -78.53344100032704,
            38.861530999838934
          ],
          [
            -78.53312099976159,
            38.86198499997653
          ],
          [
            -78.53307999975371,
            38.86204399984633
          ],
          [
            -78.5327209997285,
            38.862559000151876
          ],
          [
            -78.5320019998532,
            38.86376800019869
          ],
          [
            -78.53079400025635,
            38.865962999998985
          ],
          [
            -78.5296719999749,
            38.86814499973394
          ],
          [
            -78.52913100037482,
            38.86911100021106
          ],
          [
            -78.52819700041437,
            38.8707789999892
          ],
          [
            -78.5279110001841,
            38.871325999860964
          ],
          [
            -78.5275389997401,
            38.8720399999666
          ],
          [
            -78.52697899987345,
            38.87316300003074
          ],
          [
            -78.52688299961399,
            38.873354999727844
          ],
          [
            -78.52578899981995,
            38.87537799999605
          ],
          [
            -78.52477500039187,
            38.877246999665616
          ],
          [
            -78.52390400018058,
            38.87885300020848
          ],
          [
            -78.52361100027761,
            38.879394000096276
          ],
          [
            -78.52315000014518,
            38.880242999987594
          ],
          [
            -78.52228200030696,
            38.881909000097245
          ],
          [
            -78.52171999989216,
            38.882944999835686
          ],
          [
            -78.52140500024788,
            38.88352599968307
          ],
          [
            -78.52031899995146,
            38.885391000004496
          ],
          [
            -78.52002699987342,
            38.88584600011702
          ],
          [
            -78.51941199975518,
            38.88680700030101
          ],
          [
            -78.51918400014952,
            38.88714800017384
          ],
          [
            -78.51902799961562,
            38.887380000119514
          ],
          [
            -78.51890999961483,
            38.887556000079186
          ],
          [
            -78.5183020000676,
            38.88846300006535
          ],
          [
            -78.51751100022227,
            38.88956099974631
          ],
          [
            -78.5158159996554,
            38.89173900001177
          ],
          [
            -78.5149789997793,
            38.8927810000904
          ],
          [
            -78.5147109999907,
            38.89309199972635
          ],
          [
            -78.51430099991188,
            38.89356799976027
          ],
          [
            -78.51399100029046,
            38.89391699991446
          ],
          [
            -78.51307200039862,
            38.89495200023786
          ],
          [
            -78.51299399968251,
            38.895037000249445
          ],
          [
            -78.51244999970937,
            38.89562600016694
          ],
          [
            -78.5093669996206,
            38.89884499986853
          ],
          [
            -78.5087330001341,
            38.8995070003361
          ],
          [
            -78.50818499996302,
            38.90007900005123
          ],
          [
            -78.50386699961487,
            38.904586999788656
          ],
          [
            -78.50320299999115,
            38.90531000015275
          ],
          [
            -78.50214000015924,
            38.906515000009435
          ],
          [
            -78.50091599977056,
            38.90795699969603
          ],
          [
            -78.50052300030849,
            38.90839000023349
          ],
          [
            -78.49945899975337,
            38.909617999864864
          ],
          [
            -78.49694700030018,
            38.91247099977998
          ],
          [
            -78.496476000122,
            38.91300600011829
          ],
          [
            -78.49547100001644,
            38.91418100033965
          ],
          [
            -78.49532500042655,
            38.91435199987707
          ],
          [
            -78.4939920002579,
            38.91591800002041
          ],
          [
            -78.49174100002233,
            38.918526000259874
          ],
          [
            -78.49095199982682,
            38.91941099979053
          ],
          [
            -78.48853699955971,
            38.922284999716425
          ],
          [
            -78.48668399970741,
            38.92429200017825
          ],
          [
            -78.48629299989516,
            38.92475000006432
          ],
          [
            -78.4857249996326,
            38.92538100014104
          ],
          [
            -78.48489299977936,
            38.92635199974097
          ],
          [
            -78.48415800001052,
            38.927185000229734
          ],
          [
            -78.48318999971488,
            38.92824199971236
          ],
          [
            -78.48260899993183,
            38.92884599973293
          ],
          [
            -78.48160100035152,
            38.92986200024004
          ],
          [
            -78.48067300023884,
            38.93076900000218
          ],
          [
            -78.47966599958512,
            38.93171599980161
          ],
          [
            -78.47898900044092,
            38.93233599976876
          ],
          [
            -78.47883499955682,
            38.9324769999235
          ],
          [
            -78.47790200031957,
            38.93329099994028
          ],
          [
            -78.47703799978098,
            38.93402500006433
          ],
          [
            -78.47568299987104,
            38.93512999969442
          ],
          [
            -78.46871199960441,
            38.940628999904575
          ],
          [
            -78.46793400017788,
            38.94127200005591
          ],
          [
            -78.46617400021198,
            38.94276700011708
          ],
          [
            -78.46543900044317,
            38.94340800012113
          ],
          [
            -78.46213299987328,
            38.9462899999077
          ],
          [
            -78.46019999965502,
            38.947975000016
          ],
          [
            -78.45895799972297,
            38.949057999851945
          ],
          [
            -78.45811300034929,
            38.94979099982696
          ],
          [
            -78.45783600033984,
            38.950024999885024
          ],
          [
            -78.45697299962619,
            38.95075400011149
          ],
          [
            -78.45609200026749,
            38.95149100019924
          ],
          [
            -78.45426000033157,
            38.95294099981481
          ],
          [
            -78.4532560000509,
            38.95369500013045
          ],
          [
            -78.45300400015581,
            38.95388000030811
          ],
          [
            -78.45228199990746,
            38.95440899990362
          ],
          [
            -78.45111299977036,
            38.9552310002798
          ],
          [
            -78.45084699963157,
            38.955417999923064
          ],
          [
            -78.45077499966155,
            38.955468000162476
          ],
          [
            -78.4498070002642,
            38.95614899982703
          ],
          [
            -78.44749599975418,
            38.957781999693445
          ],
          [
            -78.4458489997662,
            38.958936000287565
          ],
          [
            -78.44113600030614,
            38.96226500019778
          ],
          [
            -78.4369860001875,
            38.965182000293446
          ],
          [
            -78.43521700000076,
            38.966470000194015
          ],
          [
            -78.43410099956711,
            38.96734099971836
          ],
          [
            -78.4328460001146,
            38.96833900033631
          ],
          [
            -78.43219199963829,
            38.96887200014877
          ],
          [
            -78.43077499980407,
            38.97008899965392
          ],
          [
            -78.42908199978531,
            38.9716289996612
          ],
          [
            -78.42835500041241,
            38.972329000277654
          ],
          [
            -78.42760200020192,
            38.973065000065205
          ],
          [
            -78.42744300019325,
            38.973221000168884
          ],
          [
            -78.42680499961047,
            38.97387500024802
          ],
          [
            -78.42611500004747,
            38.97460500031317
          ],
          [
            -78.42538899960117,
            38.97539000028093
          ],
          [
            -78.42429700035527,
            38.97660300005898
          ],
          [
            -78.42321199988375,
            38.9779070000591
          ],
          [
            -78.42267899978127,
            38.978566000228234
          ],
          [
            -78.42177400013313,
            38.97969700031246
          ],
          [
            -78.42167100020096,
            38.97982599989115
          ],
          [
            -78.4211819995811,
            38.98043800027651
          ],
          [
            -78.42008299976419,
            38.9818260003008
          ],
          [
            -78.41977800016568,
            38.9822019996804
          ],
          [
            -78.41944500007973,
            38.98262799978133
          ],
          [
            -78.41868699984637,
            38.983571999670495
          ],
          [
            -78.41746800037888,
            38.98510899998944
          ],
          [
            -78.41708000004137,
            38.98556600021207
          ],
          [
            -78.41673299971171,
            38.98594800013296
          ],
          [
            -78.41607900013373,
            38.9866109997742
          ],
          [
            -78.41584899997996,
            38.98682200000356
          ],
          [
            -78.41554000018348,
            38.987105000316554
          ],
          [
            -78.41526800019692,
            38.987337000252204
          ],
          [
            -78.41428400000774,
            38.98812100023514
          ],
          [
            -78.41353599982011,
            38.988636999981374
          ],
          [
            -78.41350300020814,
            38.988658999941116
          ],
          [
            -78.41334300037457,
            38.98875900024301
          ],
          [
            -78.41301899961115,
            38.98897899985138
          ],
          [
            -78.41231999982733,
            38.98938999966492
          ],
          [
            -78.41152700033219,
            38.989814000092366
          ],
          [
            -78.41066899964137,
            38.99022700034101
          ],
          [
            -78.4094509999988,
            38.99079500021913
          ],
          [
            -78.40476799977768,
            38.992980999864834
          ],
          [
            -78.40448300027063,
            38.993111000181145
          ],
          [
            -78.40384800006089,
            38.99340200031372
          ],
          [
            -78.40265700018249,
            38.99396100028487
          ],
          [
            -78.4017709999026,
            38.99437700014176
          ],
          [
            -78.3909430003186,
            38.99941400030864
          ],
          [
            -78.38876999990083,
            39.00043000015549
          ],
          [
            -78.38597899989009,
            39.001728000168285
          ],
          [
            -78.38434600014578,
            39.002487000335535
          ],
          [
            -78.38382100043926,
            39.00273099967055
          ],
          [
            -78.38330599988012,
            39.00296999981985
          ],
          [
            -78.38074699967298,
            39.004159000316214
          ],
          [
            -78.37830299999186,
            39.005295000139945
          ],
          [
            -78.37566000011911,
            39.00651500000915
          ],
          [
            -78.37361499974786,
            39.007475999892996
          ],
          [
            -78.3686250002784,
            39.00982000034835
          ],
          [
            -78.36666600012087,
            39.01071799986977
          ],
          [
            -78.36453100023625,
            39.01171200024774
          ],
          [
            -78.36357299998633,
            39.01215799987966
          ],
          [
            -78.36262399995725,
            39.01259800020034
          ],
          [
            -78.36128300029101,
            39.01322000003514
          ],
          [
            -78.35878799965796,
            39.01437699965592
          ],
          [
            -78.35799599998771,
            39.014710999850834
          ],
          [
            -78.35751399993887,
            39.014885999897835
          ],
          [
            -78.35693700035378,
            39.01504499986424
          ],
          [
            -78.35648600026707,
            39.015143000179
          ],
          [
            -78.35632399988536,
            39.01517800000924
          ],
          [
            -78.35585100005736,
            39.01524599992902
          ],
          [
            -78.35522599989338,
            39.01530100007294
          ],
          [
            -78.35466799967655,
            39.01532700018954
          ],
          [
            -78.35376399985331,
            39.01529599980783
          ],
          [
            -78.3528480003345,
            39.015189000052054
          ],
          [
            -78.3520809998803,
            39.01503600019172
          ],
          [
            -78.3512640000957,
            39.014799000028326
          ],
          [
            -78.3498840000714,
            39.014269999905615
          ],
          [
            -78.34838699987122,
            39.01367899994004
          ],
          [
            -78.34806300000614,
            39.01355400011059
          ],
          [
            -78.34759299965285,
            39.01337200011459
          ],
          [
            -78.34540500006477,
            39.012514000306105
          ],
          [
            -78.341155000387,
            39.0108470001501
          ],
          [
            -78.34040300000143,
            39.01055799968756
          ],
          [
            -78.34022800009924,
            39.0104909997088
          ],
          [
            -78.33856699986755,
            39.0098320000984
          ],
          [
            -78.33651900002157,
            39.00903599993394
          ],
          [
            -78.33538900024251,
            39.008597000077835
          ],
          [
            -78.3346779998648,
            39.00831599973355
          ],
          [
            -78.3340929998838,
            39.00808499975965
          ],
          [
            -78.33385799970715,
            39.00799799990028
          ],
          [
            -78.33316599959603,
            39.00772599987438
          ],
          [
            -78.32828099970853,
            39.0058049997551
          ],
          [
            -78.32728300017396,
            39.00542199987323
          ],
          [
            -78.32638600002343,
            39.005124000045406
          ],
          [
            -78.32566899979793,
            39.004906000346075
          ],
          [
            -78.32509399986266,
            39.00474299995262
          ],
          [
            -78.32448600031545,
            39.00459300016665
          ],
          [
            -78.32398699964985,
            39.00448299993529
          ],
          [
            -78.32352300004266,
            39.00438799985169
          ],
          [
            -78.3222019995696,
            39.00417900033564
          ],
          [
            -78.32183099984883,
            39.00413700028827
          ],
          [
            -78.32170600017535,
            39.004111999899145
          ]
        ]
      }
    },
    {
      "type": "Feature",
      "properties": {
        "name": "I-81",
        "tier": 1,
        "highway_class": "major"
      },
      "geometry": {
        "type": "LineString",
        "coordinates": [
          [
            -78.9306929998185,
            38.31342399981014
          ],
          [
            -78.93071399973492,
            38.31364899974255
          ],
          [
            -78.93076800016158,
            38.31421499991873
          ],
          [
            -78.93084699980432,
            38.315108000074304
          ],
          [
            -78.93132899985315,
            38.320332000304674
          ],
          [
            -78.93138599975455,
            38.32115499989256
          ],
          [
            -78.93143000013549,
            38.321682999711044
          ],
          [
            -78.931522000197,
            38.32242899969609
          ],
          [
            -78.93156499985469,
            38.32290299975644
          ],
          [
            -78.93158199957314,
            38.32305300014694
          ],
          [
            -78.93171399981762,
            38.32419400032835
          ],
          [
            -78.93176400004634,
            38.32455999982714
          ],
          [
            -78.93193999977343,
            38.325724999714986
          ],
          [
            -78.93201699976632,
            38.32635299997482
          ],
          [
            -78.932135999592,
            38.32702299998481
          ],
          [
            -78.93221000011017,
            38.327510000078746
          ],
          [
            -78.93236999994373,
            38.32855100031662
          ],
          [
            -78.9324660002032,
            38.3292070003154
          ],
          [
            -78.93256800031045,
            38.329976999849954
          ],
          [
            -78.93292599961244,
            38.33233000002044
          ],
          [
            -78.93307700012349,
            38.333321000055214
          ],
          [
            -78.93314900009352,
            38.33372999976347
          ],
          [
            -78.93318199970547,
            38.333916000011065
          ],
          [
            -78.9332260000864,
            38.33423099975068
          ],
          [
            -78.93394800033477,
            38.33902600027537
          ],
          [
            -78.93403200000036,
            38.33968899997361
          ],
          [
            -78.93406600033553,
            38.34001299967866
          ],
          [
            -78.93410099959732,
            38.34055299995963
          ],
          [
            -78.93412200041203,
            38.34110999977297
          ],
          [
            -78.93412499988676,
            38.34165899982541
          ],
          [
            -78.93411400001611,
            38.34210100020422
          ],
          [
            -78.93409099955157,
            38.34253799971587
          ],
          [
            -78.93406999963517,
            38.34279000034794
          ],
          [
            -78.9340350003734,
            38.34319999991652
          ],
          [
            -78.93398299959654,
            38.34363500032412
          ],
          [
            -78.93388600041048,
            38.34428799978787
          ],
          [
            -78.93378699977796,
            38.34482799990591
          ],
          [
            -78.93362399957134,
            38.345506000287315
          ],
          [
            -78.93360199983003,
            38.34558999973687
          ],
          [
            -78.93356699966994,
            38.345728999811406
          ],
          [
            -78.93345299986713,
            38.3461669997056
          ],
          [
            -78.93335699960765,
            38.34649000030644
          ],
          [
            -78.93325399967549,
            38.34681100003491
          ],
          [
            -78.93302600006984,
            38.34744499967971
          ],
          [
            -78.93289800002334,
            38.34778099987506
          ],
          [
            -78.93268899978597,
            38.34828300031976
          ],
          [
            -78.93250600038618,
            38.348696000272994
          ],
          [
            -78.932359999898,
            38.349005000337094
          ],
          [
            -78.93220599991221,
            38.34931300010577
          ],
          [
            -78.9319940002001,
            38.349718000301124
          ],
          [
            -78.93180300040439,
            38.35006100033035
          ],
          [
            -78.93165600009131,
            38.35031700023001
          ],
          [
            -78.93092899982008,
            38.35151100000476
          ],
          [
            -78.93057300016791,
            38.35213199978559
          ],
          [
            -78.92955999966641,
            38.353790000348
          ],
          [
            -78.92925000004502,
            38.354277000169084
          ],
          [
            -78.92899099957894,
            38.35468299968324
          ],
          [
            -78.92751099999553,
            38.357103999732644
          ],
          [
            -78.92742300013198,
            38.35724000012454
          ],
          [
            -78.92576500027333,
            38.35995100006193
          ],
          [
            -78.92568800028043,
            38.36009300005017
          ],
          [
            -78.92557399957931,
            38.360300999748425
          ],
          [
            -78.92444899982311,
            38.362126999987574
          ],
          [
            -78.92389200032953,
            38.36300200001715
          ],
          [
            -78.92266399974287,
            38.36501099992391
          ],
          [
            -78.92231499976342,
            38.365608999958894
          ],
          [
            -78.92209300000556,
            38.366009999947586
          ],
          [
            -78.92192800014914,
            38.36631900007956
          ],
          [
            -78.92166799985813,
            38.36682100019168
          ],
          [
            -78.92146500036685,
            38.36723299991859
          ],
          [
            -78.92122000014446,
            38.36775100001842
          ],
          [
            -78.92103400037163,
            38.36816500033673
          ],
          [
            -78.92068500039217,
            38.36900199982477
          ],
          [
            -78.9204050000097,
            38.369738000351816
          ],
          [
            -78.92033999971237,
            38.36992100009315
          ],
          [
            -78.92025400039695,
            38.37016300024125
          ],
          [
            -78.9199830002353,
            38.37099899977627
          ],
          [
            -78.91985400036387,
            38.37144099996439
          ],
          [
            -78.91970500040094,
            38.37197800020611
          ],
          [
            -78.91956800013361,
            38.37251900024553
          ],
          [
            -78.91947000022431,
            38.37294800023804
          ],
          [
            -78.91935300004845,
            38.37349100017179
          ],
          [
            -78.91897800012973,
            38.37529900028075
          ],
          [
            -78.9188569997559,
            38.375916000167
          ],
          [
            -78.9186109997086,
            38.377106000280236
          ],
          [
            -78.91832899967629,
            38.37846799994985
          ],
          [
            -78.91785199965031,
            38.38077700014725
          ],
          [
            -78.91775399974102,
            38.38121799981153
          ],
          [
            -78.91755899974736,
            38.38199099971464
          ],
          [
            -78.91743700044694,
            38.38242400029687
          ],
          [
            -78.91731600007311,
            38.38283100029911
          ],
          [
            -78.91715799988937,
            38.383334999770085
          ],
          [
            -78.91704699956128,
            38.38367100028303
          ],
          [
            -78.91689900032159,
            38.38408899997483
          ],
          [
            -78.91660399987049,
            38.38486599975875
          ],
          [
            -78.91627099978456,
            38.38566900014347
          ],
          [
            -78.91594600009455,
            38.38638599971368
          ],
          [
            -78.91431699964991,
            38.38972300033058
          ],
          [
            -78.91427599964203,
            38.38980399969192
          ],
          [
            -78.914167999687,
            38.390026000240766
          ]
        ]
      }
    },
    {
      "type": "Feature",
      "properties": {
        "name": "I-81",
        "tier": 1,
        "highway_class": "major"
      },
      "geometry": {
        "type": "LineString",
        "coordinates": [
          [
            -78.83399099980676,
            38.453551000339814
          ],
          [
            -78.83090000022037,
            38.45626000022034
          ],
          [
            -78.82998600035138,
            38.45705499982366
          ],
          [
            -78.82707700033986,
            38.45961099972733
          ],
          [
            -78.82615400025004,
            38.46041400032644
          ],
          [
            -78.8259399999898,
            38.46060400022299
          ],
          [
            -78.8254679999867,
            38.461022999747655
          ],
          [
            -78.82506399975566,
            38.461404999833995
          ],
          [
            -78.82488999967839,
            38.46157800007484
          ],
          [
            -78.82459199975254,
            38.461872999955425
          ],
          [
            -78.82412700032046,
            38.4623739996825
          ],
          [
            -78.82132500043907,
            38.465459999696556
          ],
          [
            -78.8188580002934,
            38.46817800032289
          ],
          [
            -78.81731400023759,
            38.469875000345404
          ],
          [
            -78.81625399988042,
            38.47104000013246
          ],
          [
            -78.81569200036394,
            38.471669999848785
          ],
          [
            -78.81531400007219,
            38.47212400026839
          ],
          [
            -78.81494300035139,
            38.47259299984398
          ],
          [
            -78.81465399974809,
            38.47297699999921
          ],
          [
            -78.81438199976154,
            38.473360000142534
          ],
          [
            -78.81418699976787,
            38.47364500033369
          ],
          [
            -78.81374800027504,
            38.474330999838756
          ],
          [
            -78.813456000197,
            38.47482299972099
          ],
          [
            -78.81322699986812,
            38.475232999871174
          ],
          [
            -78.81296300027748,
            38.475737999793225
          ],
          [
            -78.81271499968206,
            38.47624599980418
          ],
          [
            -78.81248299987847,
            38.476769000194174
          ],
          [
            -78.81227500036431,
            38.47728200008418
          ],
          [
            -78.81218800032568,
            38.47750999987933
          ],
          [
            -78.81200099982962,
            38.47803500026515
          ],
          [
            -78.81160099979653,
            38.47919599972557
          ],
          [
            -78.81105199980054,
            38.480791999842744
          ],
          [
            -78.810887999769,
            38.481248999681775
          ],
          [
            -78.81082099982184,
            38.48143499967755
          ],
          [
            -78.81078200036211,
            38.48154100007296
          ],
          [
            -78.81071399969173,
            38.481727000018445
          ],
          [
            -78.81053899978954,
            38.4821489997406
          ],
          [
            -78.81040400007035,
            38.48247299982357
          ],
          [
            -78.8102240001453,
            38.48286800018999
          ],
          [
            -78.80991899964845,
            38.48348799985317
          ],
          [
            -78.80970299973838,
            38.483891999658184
          ],
          [
            -78.80942099970606,
            38.48439899994444
          ],
          [
            -78.80912500032836,
            38.484893999774606
          ],
          [
            -78.80873899964067,
            38.48548199971057
          ],
          [
            -78.80860100044673,
            38.485684999838476
          ],
          [
            -78.80809400028353,
            38.486391000119106
          ],
          [
            -78.8078039998553,
            38.4867629998113
          ],
          [
            -78.80738000043108,
            38.48727999983141
          ],
          [
            -78.80715299975203,
            38.48754199978826
          ],
          [
            -78.80673699982546,
            38.48799699997256
          ],
          [
            -78.80573699974273,
            38.489039999830865
          ],
          [
            -78.80557799973408,
            38.48920100017698
          ],
          [
            -78.8053960001592,
            38.489395000282144
          ],
          [
            -78.80520600018839,
            38.48958700016191
          ],
          [
            -78.80456799960562,
            38.49025099978649
          ],
          [
            -78.80431300023582,
            38.49051099981074
          ],
          [
            -78.80411800024214,
            38.49071799988132
          ],
          [
            -78.80335099978795,
            38.49150400017472
          ],
          [
            -78.80252200030779,
            38.49235800031034
          ],
          [
            -78.80233999983459,
            38.492556000297604
          ],
          [
            -78.80198300035752,
            38.492920999760635
          ],
          [
            -78.80154300014148,
            38.49338299972727
          ],
          [
            -78.80025299963054,
            38.49470500014464
          ],
          [
            -78.79838600043284,
            38.496623000136985
          ],
          [
            -78.79785800035324,
            38.497153999686425
          ],
          [
            -78.79713000025708,
            38.4978680000883
          ],
          [
            -78.7963639996278,
            38.498601999896856
          ],
          [
            -78.79599399973195,
            38.49895599991454
          ],
          [
            -78.79568599976038,
            38.499244999709575
          ],
          [
            -78.79477600008934,
            38.50008099985471
          ],
          [
            -78.7942930002156,
            38.500525999786966
          ],
          [
            -78.79346399983712,
            38.5012649997826
          ],
          [
            -78.79184100013856,
            38.50266700003608
          ],
          [
            -78.79139800044778,
            38.503045000155005
          ],
          [
            -78.78975899995739,
            38.50439200000851
          ],
          [
            -78.78934899987856,
            38.50470799995813
          ],
          [
            -78.78774100024864,
            38.50598300003367
          ],
          [
            -78.78727300044349,
            38.50636599982235
          ],
          [
            -78.78665099975424,
            38.50689899987906
          ],
          [
            -78.78607900019203,
            38.50741899973309
          ],
          [
            -78.78556500035613,
            38.507916000180174
          ],
          [
            -78.785346000073,
            38.50814099987411
          ],
          [
            -78.78467599970318,
            38.50883000016907
          ],
          [
            -78.78441200011254,
            38.50912300014017
          ],
          [
            -78.783951999805,
            38.509654000326826
          ],
          [
            -78.78361899971907,
            38.510058999898035
          ],
          [
            -78.78318199987605,
            38.51061299993007
          ],
          [
            -78.78278400039112,
            38.51114399967264
          ],
          [
            -78.78241500032019,
            38.51166600029655
          ],
          [
            -78.78222600017429,
            38.511946999857294
          ],
          [
            -78.78197599992903,
            38.51231999997905
          ],
          [
            -78.78182799979103,
            38.512555000218704
          ],
          [
            -78.78171599963804,
            38.51272200002151
          ],
          [
            -78.78154900013178,
            38.5130099998784
          ],
          [
            -78.78129300003874,
            38.513434000285095
          ],
          [
            -78.78095400010503,
            38.51402099973719
          ],
          [
            -78.78052300010981,
            38.514782000015124
          ],
          [
            -78.78016599973442,
            38.51541299992447
          ],
          [
            -78.77802199962896,
            38.51924000015132
          ],
          [
            -78.77747799965584,
            38.520201999670846
          ],
          [
            -78.77703800033811,
            38.52097999988193
          ],
          [
            -78.77366999984396,
            38.526971000178754
          ],
          [
            -78.77351599985816,
            38.52724500021482
          ],
          [
            -78.773236000374,
            38.527766000018886
          ],
          [
            -78.77290400011297,
            38.52834599984598
          ],
          [
            -78.77256799965399,
            38.52894700008664
          ],
          [
            -78.77176099991514,
            38.53037000009307
          ],
          [
            -78.7716320000437,
            38.53058500003304
          ],
          [
            -78.77129700030795,
            38.531144000102955
          ],
          [
            -78.77104899971252,
            38.53153100014781
          ],
          [
            -78.77071800017472,
            38.532023000152044
          ],
          [
            -78.77024500034673,
            38.532708999689554
          ],
          [
            -78.76973300016066,
            38.53341799987521
          ],
          [
            -78.76917499994381,
            38.53411799997421
          ],
          [
            -78.76879900020018,
            38.53457500021588
          ],
          [
            -78.76838699957321,
            38.53506100024445
          ],
          [
            -78.76782400023181,
            38.53568799979044
          ],
          [
            -78.7670619998005,
            38.53650000004445
          ],
          [
            -78.76520099955226,
            38.53842499965574
          ],
          [
            -78.76449300044591,
            38.53916599965169
          ],
          [
            -78.76393500022908,
            38.5397410003378
          ],
          [
            -78.76318799986637,
            38.54051199976401
          ],
          [
            -78.76242100031048,
            38.5413130000656
          ],
          [
            -78.76037099991636,
            38.543454999892234
          ],
          [
            -78.75874200037002,
            38.54511499988955
          ],
          [
            -78.75814399997023,
            38.54573799982128
          ],
          [
            -78.75376000039817,
            38.55030600016229
          ],
          [
            -78.75250400022242,
            38.55160700021823
          ],
          [
            -78.75157299973668,
            38.55257099981805
          ],
          [
            -78.75111599980221,
            38.55306400030369
          ],
          [
            -78.75075500012717,
            38.553462000291404
          ],
          [
            -78.75026600040565,
            38.55402199997433
          ],
          [
            -78.7498139995957,
            38.55456099979945
          ],
          [
            -78.74929700028507,
            38.555209000289594
          ],
          [
            -78.74905500043573,
            38.5555519998999
          ],
          [
            -78.7487499999389,
            38.55596300030254
          ],
          [
            -78.748236000103,
            38.55671199991735
          ],
          [
            -78.74787399970475,
            38.5572599999871
          ],
          [
            -78.74759099984753,
            38.557706000098236
          ],
          [
            -78.74709899975294,
            38.55851900003086
          ],
          [
            -78.74676700039024,
            38.55910799967531
          ],
          [
            -78.7464760001371,
            38.559640000122826
          ],
          [
            -78.74625500020417,
            38.560033000244516
          ],
          [
            -78.74604400031697,
            38.5604570003433
          ],
          [
            -78.74586900041479,
            38.560832000324396
          ],
          [
            -78.74576599958431,
            38.56105199973986
          ],
          [
            -78.7456529996064,
            38.56131499985597
          ],
          [
            -78.74553799997867,
            38.5615809997797
          ],
          [
            -78.74528299971054,
            38.56220499987794
          ],
          [
            -78.74516700025791,
            38.56250600013159
          ],
          [
            -78.74495999967036,
            38.563042999789396
          ],
          [
            -78.74490500031708,
            38.56321299972255
          ],
          [
            -78.744681999836,
            38.56389200012638
          ],
          [
            -78.74460999986599,
            38.56411300023018
          ],
          [
            -78.74410900044889,
            38.56573899978181
          ],
          [
            -78.74401300018941,
            38.56615000023361
          ],
          [
            -78.74387400027226,
            38.566589000062905
          ],
          [
            -78.74362099965393,
            38.56740599995533
          ],
          [
            -78.74341999981249,
            38.56801400018428
          ],
          [
            -78.7432599999789,
            38.56846099974663
          ],
          [
            -78.74310699981804,
            38.56882899971751
          ],
          [
            -78.74281100044034,
            38.56956999964899
          ],
          [
            -78.74259200015725,
            38.57008300009543
          ],
          [
            -78.74226499991907,
            38.570801000300605
          ],
          [
            -78.74201300002402,
            38.57131599992583
          ],
          [
            -78.74164800015103,
            38.572026000263804
          ],
          [
            -78.74136299974566,
            38.57253400021166
          ],
          [
            -78.74101299994129,
            38.57313999969824
          ],
          [
            -78.74056699987746,
            38.57387200004975
          ],
          [
            -78.74015000012595,
            38.5745089997646
          ],
          [
            -78.7395419996804,
            38.575382000323266
          ],
          [
            -78.73920100009686,
            38.57584800009886
          ],
          [
            -78.73819299961824,
            38.577187000054394
          ],
          [
            -78.73784399963878,
            38.577642999729264
          ],
          [
            -78.7375769996751,
            38.57801199974964
          ],
          [
            -78.7363730002762,
            38.57960099987962
          ],
          [
            -78.73575800015797,
            38.580423999949815
          ],
          [
            -78.73544099996556,
            38.58084799981648
          ],
          [
            -78.73528399960672,
            38.58104700005181
          ],
          [
            -78.73502000001608,
            38.581404999651596
          ],
          [
            -78.7346340002267,
            38.58191799985524
          ],
          [
            -78.72726999959967,
            38.591702999944275
          ],
          [
            -78.72672300015182,
            38.59242399978392
          ],
          [
            -78.72544199986173,
            38.594130999875105
          ],
          [
            -78.72502099991223,
            38.59469199977601
          ],
          [
            -78.72447899958894,
            38.595406999669194
          ],
          [
            -78.72322599978625,
            38.59707599964978
          ],
          [
            -78.72275999963092,
            38.597690000020734
          ],
          [
            -78.72248900036759,
            38.598057999788594
          ],
          [
            -78.72207599991572,
            38.59859900015394
          ],
          [
            -78.72010500006262,
            38.601217999954414
          ],
          [
            -78.71937299976852,
            38.60216699994532
          ],
          [
            -78.71870499994684,
            38.6029989996538
          ],
          [
            -78.71778500023007,
            38.6040979996611
          ],
          [
            -78.71707700022542,
            38.60491299972681
          ],
          [
            -78.71699500020965,
            38.60499999969784
          ],
          [
            -78.71667399981928,
            38.60536700024635
          ],
          [
            -78.71593200037775,
            38.606174000046195
          ],
          [
            -78.71493300011997,
            38.607222000253145
          ],
          [
            -78.71413899990158,
            38.60802299978293
          ],
          [
            -78.71331399972105,
            38.608826000098034
          ],
          [
            -78.71263000000584,
            38.60947399972534
          ],
          [
            -78.71046300033417,
            38.6114830003183
          ],
          [
            -78.70979399978926,
            38.61210299969709
          ],
          [
            -78.70964999984922,
            38.61223800031194
          ],
          [
            -78.70929300037216,
            38.61258899987938
          ],
          [
            -78.70920600033352,
            38.61267699991563
          ],
          [
            -78.70869900017033,
            38.613194000142215
          ],
          [
            -78.70827999987065,
            38.61363799997787
          ],
          [
            -78.70754599992672,
            38.614484000348426
          ],
          [
            -78.70743299994882,
            38.61461499981409
          ],
          [
            -78.70724100032821,
            38.61480699969176
          ],
          [
            -78.70693900020441,
            38.61517500012654
          ],
          [
            -78.70642100017056,
            38.61582700007618
          ],
          [
            -78.70613300029048,
            38.61620799995705
          ],
          [
            -78.70578799961065,
            38.616675000281894
          ],
          [
            -78.70544899967695,
            38.6171630000406
          ],
          [
            -78.70505500038996,
            38.61774700013992
          ],
          [
            -78.70449399980008,
            38.61863800015129
          ],
          [
            -78.70407399967551,
            38.61933799990446
          ],
          [
            -78.70331200014249,
            38.62060500018503
          ],
          [
            -78.70187500021679,
            38.62301199994242
          ],
          [
            -78.7014819998564,
            38.623622999888724
          ],
          [
            -78.70125300042585,
            38.623969000146715
          ],
          [
            -78.70097600041643,
            38.62436899978432
          ],
          [
            -78.70061700039122,
            38.62484799983595
          ],
          [
            -78.70031299971929,
            38.62524000031215
          ],
          [
            -78.69994100017362,
            38.62568800023749
          ],
          [
            -78.69956500042997,
            38.62612200004013
          ],
          [
            -78.69913199988662,
            38.62659199983589
          ],
          [
            -78.69873500022658,
            38.62700100000617
          ],
          [
            -78.69820200012411,
            38.62752000023206
          ],
          [
            -78.69764700028034,
            38.62802299968286
          ],
          [
            -78.69745200028666,
            38.628191000129455
          ],
          [
            -78.69736199987497,
            38.62826800034878
          ],
          [
            -78.6969750002607,
            38.62859200010139
          ],
          [
            -78.69659399959586,
            38.62889700010096
          ],
          [
            -78.69598600004863,
            38.629359999852504
          ],
          [
            -78.69526100032556,
            38.62987799983817
          ],
          [
            -78.69483199998014,
            38.63016199991639
          ],
          [
            -78.6940329997389,
            38.63067299974933
          ],
          [
            -78.69014100026142,
            38.633160000268894
          ],
          [
            -78.68799600033105,
            38.63452399992928
          ],
          [
            -78.68745400000775,
            38.63487699977635
          ],
          [
            -78.68680499955431,
            38.63531499981982
          ],
          [
            -78.6862179999235,
            38.635742000113545
          ]
        ]
      }
    },
    {
      "type": "Feature",
      "properties": {
        "name": "I-81",
        "tier": 1,
        "highway_class": "major"
      },
      "geometry": {
        "type": "LineString",
        "coordinates": [
          [
            -79.22341999998521,
            37.93633399972287
          ],
          [
            -79.22330700000732,
            37.93645599983581
          ],
          [
            -79.22301800030232,
            37.9367250000314
          ],
          [
            -79.22269600008704,
            37.937053000128294
          ],
          [
            -79.22253399970535,
            37.9372280003156
          ],
          [
            -79.22230699992461,
            37.937483000146315
          ],
          [
            -79.22163599972988,
            37.93820600000719
          ],
          [
            -79.22080899989953,
            37.93910700018057
          ],
          [
            -79.21949699964729,
            37.940552999804915
          ],
          [
            -79.21910099981217,
            37.941016999883146
          ],
          [
            -79.21877899959688,
            37.94139399973783
          ],
          [
            -79.21831800036276,
            37.94194999993661
          ],
          [
            -79.217827999918,
            37.94249299965613
          ],
          [
            -79.21673900014683,
            37.943764000166006
          ],
          [
            -79.21646899981009,
            37.94406899969764
          ],
          [
            -79.2145530002086,
            37.9463100000354
          ],
          [
            -79.21365199986008,
            37.94735500026616
          ],
          [
            -79.21241199957785,
            37.94880799998732
          ],
          [
            -79.21198899997856,
            37.94928800034631
          ],
          [
            -79.21168699985475,
            37.94963999984433
          ],
          [
            -79.21134500044631,
            37.95003899975352
          ],
          [
            -79.21069799964272,
            37.95078000010984
          ],
          [
            -79.2092959998771,
            37.95242199991627
          ],
          [
            -79.2086559996445,
            37.953184999753006
          ],
          [
            -79.20856399958299,
            37.9532940001958
          ],
          [
            -79.20786599962409,
            37.95408099965921
          ],
          [
            -79.2071400000761,
            37.95495400022149
          ],
          [
            -79.20696799964864,
            37.95515199997172
          ],
          [
            -79.20644299994208,
            37.95575299977964
          ],
          [
            -79.20593900015193,
            37.95633899988989
          ],
          [
            -79.20527399980496,
            37.95712200027287
          ],
          [
            -79.20487399977189,
            37.9575700002458
          ],
          [
            -79.20407399970573,
            37.95849699990134
          ],
          [
            -79.20377499995499,
            37.9588300003045
          ],
          [
            -79.20333899993688,
            37.95933400022496
          ],
          [
            -79.20293600042906,
            37.95981700003145
          ],
          [
            -79.20251100028163,
            37.96031000019765
          ],
          [
            -79.20208100011132,
            37.960817000067344
          ],
          [
            -79.20165000011609,
            37.961307999781624
          ],
          [
            -79.19937700013922,
            37.963965000268104
          ],
          [
            -79.19878999961006,
            37.96463000024963
          ],
          [
            -79.19795100008416,
            37.96556300001851
          ],
          [
            -79.19735400040759,
            37.96619500002597
          ],
          [
            -79.19700100023016,
            37.96656599966692
          ],
          [
            -79.1959690003604,
            37.9676340000143
          ],
          [
            -79.19510700036997,
            37.96847700005601
          ],
          [
            -79.19263100000349,
            37.97076299968701
          ],
          [
            -79.19231999965886,
            37.971045999979076
          ],
          [
            -79.19135200026155,
            37.97192699999941
          ],
          [
            -79.18974700010634,
            37.97336700012753
          ],
          [
            -79.18808000002684,
            37.974882999832055
          ],
          [
            -79.1871900004473,
            37.97573200006216
          ],
          [
            -79.18667999991106,
            37.97624400034503
          ],
          [
            -79.18617100009803,
            37.976777000197636
          ],
          [
            -79.1855989996375,
            37.977398000343875
          ],
          [
            -79.18513400020541,
            37.97793500034236
          ],
          [
            -79.18477199980717,
            37.97837900007963
          ],
          [
            -79.18436299955326,
            37.97889299994205
          ],
          [
            -79.18416599990975,
            37.97911100011634
          ],
          [
            -79.1840770002213,
            37.97920900025003
          ],
          [
            -79.18320000016224,
            37.98046100024022
          ],
          [
            -79.18282600006842,
            37.981017999792094
          ],
          [
            -79.1825569995566,
            37.98142999987924
          ],
          [
            -79.18231499970726,
            37.98181999972447
          ],
          [
            -79.18209299994942,
            37.98219699975241
          ],
          [
            -79.18185100010007,
            37.98260700005966
          ],
          [
            -79.18131899982252,
            37.9836009998852
          ],
          [
            -79.18095499977444,
            37.984325999904144
          ],
          [
            -79.18061800038886,
            37.9850639999112
          ],
          [
            -79.17980499990391,
            37.98700700000877
          ],
          [
            -79.17922300029596,
            37.988422000247375
          ],
          [
            -79.17874500044506,
            37.98962399970053
          ],
          [
            -79.17804300028818,
            37.99134100010426
          ],
          [
            -79.17772500027088,
            37.99212099997564
          ],
          [
            -79.17681399987663,
            37.99435700003452
          ],
          [
            -79.17636799981278,
            37.995422000044805
          ],
          [
            -79.17627599975127,
            37.99562700034598
          ],
          [
            -79.17585899999976,
            37.996564000150016
          ],
          [
            -79.1754530001189,
            37.99739599975202
          ],
          [
            -79.17490999997067,
            37.99839899975988
          ],
          [
            -79.17455500014344,
            37.99901100012932
          ],
          [
            -79.17425200019474,
            37.99950199992118
          ],
          [
            -79.17393800037539,
            37.99999599996979
          ],
          [
            -79.17353300031944,
            38.00059100010433
          ],
          [
            -79.1734110001207,
            38.00076999988305
          ],
          [
            -79.1729969998439,
            38.001342000027655
          ],
          [
            -79.17250499974932,
            38.00199999967535
          ],
          [
            -79.17197800039294,
            38.00266099968499
          ],
          [
            -79.1712849995586,
            38.00347699998919
          ],
          [
            -79.1709470003481,
            38.00385799989187
          ],
          [
            -79.17071999966905,
            38.00410599999844
          ],
          [
            -79.17035899999404,
            38.004488999816566
          ],
          [
            -79.16975999976934,
            38.0051029999544
          ],
          [
            -79.16897800014483,
            38.00585800030712
          ],
          [
            -79.16833299988936,
            38.006443000222255
          ],
          [
            -79.16759700029561,
            38.00708200026226
          ],
          [
            -79.16701099959137,
            38.00756100031988
          ],
          [
            -79.16652699989271,
            38.00794600004374
          ],
          [
            -79.16582800010887,
            38.00847900034338
          ],
          [
            -79.16542200022803,
            38.00877499968747
          ],
          [
            -79.16480200008691,
            38.00921299968541
          ],
          [
            -79.16417299972497,
            38.009640000149
          ],
          [
            -79.1634859996367,
            38.01008700012462
          ],
          [
            -79.1573599996421,
            38.01401999984052
          ],
          [
            -79.15554299977478,
            38.01518499977143
          ],
          [
            -79.15111700036994,
            38.01802300028709
          ],
          [
            -79.1504600004189,
            38.01844999967841
          ],
          [
            -79.1475890000422,
            38.02029399968037
          ],
          [
            -79.14693700011405,
            38.02070699991814
          ],
          [
            -79.14604199961333,
            38.02127800025999
          ],
          [
            -79.14578700024352,
            38.0214299998503
          ],
          [
            -79.14550600003614,
            38.02159900027699
          ],
          [
            -79.14507099984294,
            38.02188600026778
          ],
          [
            -79.14453699991556,
            38.02222899971436
          ],
          [
            -79.14413199985961,
            38.02248699996276
          ],
          [
            -79.1432659996712,
            38.023057999880145
          ],
          [
            -79.14296799974538,
            38.023249999674356
          ],
          [
            -79.14258500032903,
            38.023478000236175
          ],
          [
            -79.14219899964135,
            38.023741999814106
          ],
          [
            -79.1412160001754,
            38.02437899997488
          ],
          [
            -79.14100799976293,
            38.02450499990277
          ],
          [
            -79.14076799956342,
            38.02465699987561
          ],
          [
            -79.14012800022914,
            38.02507100018586
          ],
          [
            -79.13931599956909,
            38.02559199972367
          ],
          [
            -79.13918000002498,
            38.025683000113105
          ],
          [
            -79.13783500016078,
            38.02654299979871
          ],
          [
            -79.13721900021763,
            38.026944000344905
          ],
          [
            -79.13686500021528,
            38.02715699990134
          ],
          [
            -79.13633299993772,
            38.027500000147946
          ],
          [
            -79.1355350004197,
            38.02803699990625
          ],
          [
            -79.13501800021076,
            38.02840299966011
          ],
          [
            -79.13466599985827,
            38.02865899970429
          ],
          [
            -79.13396299987647,
            38.029192000102
          ],
          [
            -79.13370500013362,
            38.029401999982355
          ],
          [
            -79.13315399958947,
            38.0298500002625
          ],
          [
            -79.13250900023233,
            38.03038000030975
          ],
          [
            -79.13171500001394,
            38.03108100018304
          ],
          [
            -79.1308949998563,
            38.03186399985441
          ],
          [
            -79.1303180002712,
            38.03243900016781
          ],
          [
            -79.12979900041242,
            38.032979999665244
          ],
          [
            -79.12921799973107,
            38.03360700025695
          ],
          [
            -79.12867799995591,
            38.034230999708264
          ],
          [
            -79.12823299971699,
            38.034766000127995
          ],
          [
            -79.12777199958452,
            38.03535300019358
          ],
          [
            -79.1274109999095,
            38.03582900020248
          ],
          [
            -79.12720400022027,
            38.03612000003236
          ],
          [
            -79.12679699961618,
            38.03669099982748
          ],
          [
            -79.12636099959809,
            38.037350000276255
          ],
          [
            -79.12568500027879,
            38.03840199996085
          ],
          [
            -79.12480099964871,
            38.039804999750444
          ],
          [
            -79.12418899990354,
            38.04076400024683
          ],
          [
            -79.12394200003133,
            38.041152000030735
          ],
          [
            -79.12369400033421,
            38.041539000210626
          ],
          [
            -79.12293500027593,
            38.042728000029996
          ],
          [
            -79.1226869996805,
            38.04312800005184
          ],
          [
            -79.12157699999294,
            38.044866000265685
          ],
          [
            -79.12146099964198,
            38.04503000015763
          ],
          [
            -79.12091300036923,
            38.04588000013892
          ],
          [
            -79.12050999996309,
            38.0465299999995
          ],
          [
            -79.12014000006724,
            38.04709200008996
          ],
          [
            -79.11964999962247,
            38.047877999951346
          ],
          [
            -79.11849599955399,
            38.04969799986456
          ],
          [
            -79.11730899987352,
            38.051558000264926
          ],
          [
            -79.1159919995984,
            38.0536479998386
          ],
          [
            -79.11562699972542,
            38.05421099995619
          ],
          [
            -79.11515800009536,
            38.05495500009499
          ],
          [
            -79.11424300040149,
            38.056355999946184
          ],
          [
            -79.11394700012546,
            38.05678499975669
          ],
          [
            -79.1136399999788,
            38.05720999993349
          ],
          [
            -79.11275000039926,
            38.05835900032962
          ],
          [
            -79.11188599986069,
            38.05941600014159
          ],
          [
            -79.11173900044591,
            38.059583999792345
          ],
          [
            -79.11146200043646,
            38.05990099976683
          ],
          [
            -79.11127999996329,
            38.06009400000699
          ],
          [
            -79.11107300027406,
            38.06029899978517
          ],
          [
            -79.11098100021252,
            38.06039700033197
          ],
          [
            -79.11079799991444,
            38.060589999971214
          ],
          [
            -79.11041899979774,
            38.06097400032684
          ],
          [
            -79.10958600011962,
            38.06180199967374
          ],
          [
            -79.10889700038155,
            38.0624449996687
          ],
          [
            -79.10865899983185,
            38.062667000039866
          ],
          [
            -79.1082610003469,
            38.06302000031996
          ],
          [
            -79.10705799987461,
            38.06398000020598
          ],
          [
            -79.10652700032027,
            38.06437900002925
          ],
          [
            -79.10518199955774,
            38.06532799989088
          ],
          [
            -79.10490000042377,
            38.06552700026363
          ],
          [
            -79.10392000043255,
            38.066149999931746
          ],
          [
            -79.1032840003979,
            38.066537000214744
          ],
          [
            -79.10292299982457,
            38.066768999819594
          ],
          [
            -79.10220800014723,
            38.067177000242225
          ],
          [
            -79.10081499970414,
            38.067948999884344
          ],
          [
            -79.10018799989032,
            38.068293000028895
          ],
          [
            -79.0981729996563,
            38.06941199975566
          ],
          [
            -79.0975940004214,
            38.06972500031983
          ],
          [
            -79.09550899986718,
            38.07087800000221
          ],
          [
            -79.09490700016772,
            38.07121500000275
          ],
          [
            -79.094420000096,
            38.07148799976929
          ],
          [
            -79.09262599979492,
            38.07247799964688
          ],
          [
            -79.092152000142,
            38.07269800007869
          ],
          [
            -79.09147599992438,
            38.0730770000904
          ],
          [
            -79.09122900005218,
            38.07322200004945
          ],
          [
            -79.09106699967046,
            38.0733169997204
          ],
          [
            -79.09045599975019,
            38.073701999691906
          ],
          [
            -79.09040300004673,
            38.073740000174325
          ],
          [
            -79.09037000043479,
            38.07375699982544
          ],
          [
            -79.08957600021641,
            38.07426399975169
          ],
          [
            -79.08865499977642,
            38.074873000352035
          ],
          [
            -79.08813199971969,
            38.07523299985486
          ],
          [
            -79.08760199999026,
            38.07561200016675
          ],
          [
            -79.08721100017802,
            38.07590599998704
          ],
          [
            -79.0869080002293,
            38.07614899994936
          ],
          [
            -79.0868370000842,
            38.076200999944106
          ],
          [
            -79.08656000007475,
            38.076412999866385
          ],
          [
            -79.08555199959613,
            38.077239000072744
          ],
          [
            -79.08488600032258,
            38.07781500029942
          ],
          [
            -79.08461799963567,
            38.07806500014246
          ],
          [
            -79.08451499970352,
            38.07816699973673
          ],
          [
            -79.0842030004323,
            38.078493000078886
          ],
          [
            -79.08372300003326,
            38.07895599992385
          ],
          [
            -79.08341599988661,
            38.07923999969473
          ],
          [
            -79.0830989996942,
            38.07955600020497
          ],
          [
            -79.0826419997597,
            38.080040999963096
          ],
          [
            -79.08212299990093,
            38.08061899972801
          ],
          [
            -79.08175100035525,
            38.08104899994871
          ],
          [
            -79.08146500012498,
            38.08140000024907
          ],
          [
            -79.08116200017628,
            38.08175500029954
          ],
          [
            -79.08087400029619,
            38.08211800004287
          ],
          [
            -79.0803810003767,
            38.08278800030214
          ],
          [
            -79.07995500040434,
            38.0833899998641
          ],
          [
            -79.07913400042179,
            38.08461200012666
          ],
          [
            -79.07907499997225,
            38.08471099970954
          ],
          [
            -79.07867199956611,
            38.08538400029131
          ],
          [
            -79.07829199962453,
            38.08604900005621
          ],
          [
            -79.07818500039271,
            38.08628199975918
          ],
          [
            -79.07790400018531,
            38.08682300012026
          ],
          [
            -79.07740100022006,
            38.087852000243295
          ],
          [
            -79.07673599987311,
            38.089232000196624
          ],
          [
            -79.07611400008219,
            38.09052899976039
          ],
          [
            -79.07584000044581,
            38.091104000232065
          ],
          [
            -79.07539299965873,
            38.092025000033225
          ],
          [
            -79.07511700037253,
            38.092602999795744
          ],
          [
            -79.07474900012649,
            38.093359999712284
          ],
          [
            -79.07454499991199,
            38.093762000154705
          ],
          [
            -79.07431800013127,
            38.09418600006497
          ],
          [
            -79.07381799964077,
            38.09507000028455
          ],
          [
            -79.07350100034667,
            38.095577999830816
          ],
          [
            -79.07325100010141,
            38.09596400029255
          ],
          [
            -79.07299199963533,
            38.09634200027075
          ],
          [
            -79.07271600034912,
            38.096734000094386
          ],
          [
            -79.07237900006524,
            38.097196999657456
          ],
          [
            -79.0719260003287,
            38.09777399991158
          ],
          [
            -79.07162500002981,
            38.098138999914184
          ],
          [
            -79.07125099993601,
            38.09857600031605
          ],
          [
            -79.0708840004132,
            38.09899600008361
          ],
          [
            -79.07055899982488,
            38.09933900022393
          ],
          [
            -79.070413000235,
            38.09949300022486
          ],
          [
            -79.06966400022247,
            38.100237000037126
          ],
          [
            -79.06916399973196,
            38.10071499992741
          ],
          [
            -79.0687799995924,
            38.1010720000373
          ],
          [
            -79.06777100018718,
            38.10201899970208
          ],
          [
            -79.06657600011081,
            38.103101999813354
          ],
          [
            -79.06617000022993,
            38.10347600008796
          ],
          [
            -79.06605200022916,
            38.103626999851016
          ],
          [
            -79.06596500019053,
            38.10371600031418
          ],
          [
            -79.06534900024738,
            38.10430000016337
          ],
          [
            -79.06507200023795,
            38.10455500032912
          ],
          [
            -79.06445100027193,
            38.10513800032506
          ],
          [
            -79.06391300014658,
            38.10565199969867
          ],
          [
            -79.0633790002192,
            38.10614499970617
          ],
          [
            -79.0629359996301,
            38.10656700018407
          ],
          [
            -79.0627449998344,
            38.10671299965788
          ],
          [
            -79.06263600005444,
            38.10679600015335
          ],
          [
            -79.06238199961123,
            38.10703799974825
          ],
          [
            -79.06197300025563,
            38.1074460002703
          ],
          [
            -79.06140499999307,
            38.10798200001546
          ],
          [
            -79.06134300006877,
            38.10804000033497
          ],
          [
            -79.06066000017849,
            38.108682000064256
          ],
          [
            -79.05954700011786,
            38.1097619999061
          ],
          [
            -79.05740100036259,
            38.11177499995938
          ],
          [
            -79.05705400003295,
            38.11210799969353
          ],
          [
            -79.05680600033585,
            38.112335999845705
          ],
          [
            -79.0565929999005,
            38.1125299996504
          ],
          [
            -79.05569900012301,
            38.11337099971608
          ],
          [
            -79.05454599987944,
            38.114465000015876
          ],
          [
            -79.05291300013513,
            38.11599600028747
          ],
          [
            -79.05234700042071,
            38.11654100002227
          ],
          [
            -79.05209600035053,
            38.116765000246005
          ],
          [
            -79.05083000012905,
            38.11795600028985
          ],
          [
            -79.05001300034445,
            38.11873100028071
          ],
          [
            -79.04972100026639,
            38.118999999902115
          ],
          [
            -79.04850600009854,
            38.120140999759755
          ],
          [
            -79.04830400043218,
            38.12033500003337
          ],
          [
            -79.04778100037544,
            38.12082199987725
          ],
          [
            -79.04745699961202,
            38.12112300017368
          ],
          [
            -79.04743499987072,
            38.12114200010612
          ],
          [
            -79.0472290000064,
            38.121329999878114
          ],
          [
            -79.0471860003487,
            38.121367000343874
          ],
          [
            -79.04639600032827,
            38.12205200026978
          ],
          [
            -79.04600799999076,
            38.12236900011654
          ],
          [
            -79.04546700039069,
            38.122800999881036
          ],
          [
            -79.04498799981656,
            38.12317199974234
          ],
          [
            -79.04449700044519,
            38.12353800002125
          ],
          [
            -79.04380399961084,
            38.124034000019805
          ],
          [
            -79.04287499967324,
            38.12465300027803
          ],
          [
            -79.04220799967646,
            38.12506800022715
          ],
          [
            -79.04152999980904,
            38.12548399987409
          ],
          [
            -79.04050700016012,
            38.12608199993947
          ],
          [
            -79.03946699989446,
            38.12667399982338
          ],
          [
            -79.03870500036143,
            38.12710700017582
          ],
          [
            -79.03848299970528,
            38.127232999908564
          ],
          [
            -79.03655399968497,
            38.12833099988282
          ],
          [
            -79.03635299984352,
            38.12844600005799
          ],
          [
            -79.03566199955729,
            38.12883999981906
          ],
          [
            -79.03301799985964,
            38.13034700000933
          ],
          [
            -79.03159199980459,
            38.131171999937706
          ],
          [
            -79.0310789997936,
            38.1314589998713
          ],
          [
            -79.03038699968246,
            38.13184699981671
          ],
          [
            -79.02960800043103,
            38.13231900012388
          ],
          [
            -79.02872299997605,
            38.1329319996626
          ],
          [
            -79.02792299990988,
            38.13356799994934
          ],
          [
            -79.02743099981528,
            38.13397599993484
          ],
          [
            -79.02686400027595,
            38.13450000010344
          ],
          [
            -79.02645300037221,
            38.13489900014131
          ],
          [
            -79.0264170003872,
            38.13493799970393
          ],
          [
            -79.02580499974368,
            38.13559999987976
          ],
          [
            -79.02502899996696,
            38.13652999994971
          ],
          [
            -79.02481499970673,
            38.13679300030265
          ],
          [
            -79.02444099961289,
            38.137251999803134
          ],
          [
            -79.0242359995735,
            38.13750100003753
          ],
          [
            -79.02111599967478,
            38.141293999850525
          ],
          [
            -79.02050700030264,
            38.14202500012267
          ],
          [
            -79.01989200018441,
            38.14277299998351
          ],
          [
            -79.01963299971833,
            38.14310700004788
          ],
          [
            -79.01939699971678,
            38.14343400004046
          ],
          [
            -79.01931800007405,
            38.14355599967739
          ],
          [
            -79.01903199984379,
            38.14399499971188
          ],
          [
            -79.01873300009305,
            38.14450700035306
          ],
          [
            -79.01860800041958,
            38.144746999968646
          ],
          [
            -79.01857900010725,
            38.144802000328625
          ],
          [
            -79.01835499980128,
            38.14526800009638
          ],
          [
            -79.01822199973189,
            38.14557799969099
          ],
          [
            -79.01811299995194,
            38.14584999967689
          ],
          [
            -79.01796499981393,
            38.146262999900884
          ],
          [
            -79.01772600033765,
            38.14704000031909
          ],
          [
            -79.01763900029901,
            38.1473580000784
          ],
          [
            -79.01738700040394,
            38.148235999787396
          ],
          [
            -79.01724599993862,
            38.148728999817116
          ],
          [
            -79.01710500037163,
            38.14922700022435
          ],
          [
            -79.01618999977941,
            38.15243700019914
          ],
          [
            -79.01484499991521,
            38.15712999976514
          ],
          [
            -79.01447400019445,
            38.1584240002816
          ],
          [
            -79.01446900017156,
            38.158442000201084
          ],
          [
            -79.01436799988925,
            38.15879099984167
          ],
          [
            -79.01409599990266,
            38.15965900003057
          ],
          [
            -79.0139140003278,
            38.16033299967773
          ],
          [
            -79.01386599974892,
            38.16049199971223
          ],
          [
            -79.01362300007466,
            38.161367999935145
          ],
          [
            -79.01337600020244,
            38.162087000059486
          ],
          [
            -79.01336699998163,
            38.16211400034649
          ],
          [
            -79.01318500040674,
            38.16260099969923
          ],
          [
            -79.01290599984917,
            38.16317499980971
          ],
          [
            -79.01251400021201,
            38.16382600027134
          ],
          [
            -79.01231500002038,
            38.16412799989385
          ],
          [
            -79.01200299985085,
            38.164544000061724
          ],
          [
            -79.0115769998785,
            38.16505699993561
          ],
          [
            -79.01139699995345,
            38.16525700005938
          ],
          [
            -79.01113300036279,
            38.165522000155185
          ],
          [
            -79.01090999988173,
            38.1657330000117
          ],
          [
            -79.01021899959551,
            38.16638599969117
          ],
          [
            -79.01007399983055,
            38.166521000128284
          ],
          [
            -79.0081699999246,
            38.16828000023644
          ],
          [
            -79.00757599972277,
            38.16881899982381
          ],
          [
            -79.00667500027258,
            38.169655000191824
          ],
          [
            -79.00631500042248,
            38.16997899970945
          ],
          [
            -79.00608400044378,
            38.17017400030088
          ],
          [
            -79.00554499959522,
            38.170665000287045
          ],
          [
            -79.00489100001724,
            38.17127799966758
          ],
          [
            -79.00450799970258,
            38.17166099966255
          ],
          [
            -79.00380300007097,
            38.17242799997028
          ],
          [
            -79.00349599992431,
            38.17277899974106
          ],
          [
            -79.0032070002193,
            38.173123000008964
          ],
          [
            -79.00309699971615,
            38.17325500000921
          ],
          [
            -79.00273000019334,
            38.17372200015588
          ],
          [
            -79.00244099959002,
            38.17410699997258
          ],
          [
            -79.00226800023597,
            38.17435100023605
          ],
          [
            -79.0017409999813,
            38.17513799973573
          ],
          [
            -79.00126599960512,
            38.175924999916795
          ],
          [
            -79.00098600012096,
            38.17643900014338
          ],
          [
            -79.00073500005078,
            38.17692399995908
          ],
          [
            -79.00048599963046,
            38.177447000285476
          ],
          [
            -79.00023399973537,
            38.178020000087514
          ],
          [
            -79.0001159997346,
            38.17831799983891
          ],
          [
            -78.99996699977167,
            38.17869300024694
          ],
          [
            -78.99970800020391,
            38.179436000185305
          ],
          [
            -78.99953300030172,
            38.18003499999024
          ],
          [
            -78.99943500039244,
            38.18039600015871
          ],
          [
            -78.99890700031284,
            38.18254999987905
          ],
          [
            -78.99885100023633,
            38.18276199972677
          ],
          [
            -78.99872499983964,
            38.183284999810546
          ],
          [
            -78.99844199998242,
            38.18446099981153
          ],
          [
            -78.99830100041544,
            38.18503000022291
          ],
          [
            -78.99803100007868,
            38.1861299998203
          ],
          [
            -78.99785700000142,
            38.1868349999397
          ],
          [
            -78.99765100013708,
            38.18767699996392
          ],
          [
            -78.99725399957875,
            38.18929900003798
          ],
          [
            -78.99715400001963,
            38.18964999973805
          ],
          [
            -78.9970679998059,
            38.190002000329464
          ],
          [
            -78.99697499991949,
            38.190419000128514
          ],
          [
            -78.99677499990294,
            38.19118599997564
          ],
          [
            -78.99673100042034,
            38.191363999782254
          ],
          [
            -78.99665600007727,
            38.19170799985766
          ],
          [
            -78.99643699979414,
            38.19255000003342
          ],
          [
            -78.99639400013643,
            38.19272500016705
          ],
          [
            -78.99607399957098,
            38.1940409997878
          ],
          [
            -78.9959199995852,
            38.194638000137395
          ],
          [
            -78.99571200007104,
            38.195532000080284
          ],
          [
            -78.99551500042755,
            38.19627000006013
          ],
          [
            -78.99545299960496,
            38.196506000051876
          ],
          [
            -78.99514399980848,
            38.19779599971211
          ],
          [
            -78.99490699998202,
            38.198798000211276
          ],
          [
            -78.99480599969966,
            38.19925699983618
          ],
          [
            -78.99462199957665,
            38.20003000033795
          ],
          [
            -78.99412199998446,
            38.202055000113745
          ],
          [
            -78.99386800043956,
            38.20301300002917
          ],
          [
            -78.99384699962485,
            38.20310800029979
          ],
          [
            -78.99382400005862,
            38.20320500030705
          ],
          [
            -78.99360899997347,
            38.20408800009147
          ],
          [
            -78.99347099988123,
            38.204627999770494
          ],
          [
            -78.9932580003442,
            38.20552699973008
          ],
          [
            -78.99273199991443,
            38.20764399981793
          ],
          [
            -78.99209300040505,
            38.21025100027159
          ],
          [
            -78.9920189998869,
            38.21053000021882
          ],
          [
            -78.99187599977176,
            38.21113699981212
          ],
          [
            -78.99155600010462,
            38.212375000293676
          ],
          [
            -78.99153299964007,
            38.212450000047674
          ],
          [
            -78.99139100024819,
            38.21290399966608
          ],
          [
            -78.99116899959202,
            38.21352200007367
          ],
          [
            -78.99099200004001,
            38.213956000178776
          ],
          [
            -78.99084300007709,
            38.214291000332565
          ],
          [
            -78.99063800003768,
            38.214717999917404
          ],
          [
            -78.99045899993754,
            38.2150559997478
          ],
          [
            -78.99016600003458,
            38.21557300015349
          ],
          [
            -78.98997900043683,
            38.21587100012608
          ],
          [
            -78.98963200010719,
            38.21640100030203
          ],
          [
            -78.98934500005201,
            38.21680400001884
          ],
          [
            -78.98911300024842,
            38.217106000259584
          ],
          [
            -78.98886200017824,
            38.2174219997726
          ],
          [
            -78.98859400038965,
            38.21773800003061
          ],
          [
            -78.98822299977057,
            38.21815599986276
          ],
          [
            -78.98780699984397,
            38.218586000274264
          ],
          [
            -78.98742799972727,
            38.218956999875616
          ],
          [
            -78.98693599963269,
            38.21940400011474
          ],
          [
            -78.9861339999167,
            38.22009399985284
          ],
          [
            -78.98576900004372,
            38.220408999751776
          ],
          [
            -78.98308000014022,
            38.222695000258085
          ],
          [
            -78.98198899982093,
            38.22362200014292
          ],
          [
            -78.98168699969713,
            38.223873999666054
          ],
          [
            -78.98112900037862,
            38.22435999975936
          ],
          [
            -78.9804659996815,
            38.22491799978311
          ],
          [
            -78.97983200019499,
            38.22545300028271
          ],
          [
            -78.97937199988745,
            38.225852000078945
          ],
          [
            -78.97778199980087,
            38.22720800026258
          ],
          [
            -78.9764329997387,
            38.22835900026142
          ],
          [
            -78.97581299959761,
            38.22888100035246
          ],
          [
            -78.97542199978535,
            38.229218000090796
          ],
          [
            -78.97494399993445,
            38.2296190002452
          ],
          [
            -78.97213500038038,
            38.232015000326946
          ],
          [
            -78.97130600000189,
            38.232715999770576
          ],
          [
            -78.96992000012982,
            38.23389999976806
          ],
          [
            -78.96743100024285,
            38.23601100029872
          ],
          [
            -78.96719799971603,
            38.236217000038444
          ],
          [
            -78.96688100042194,
            38.23648399988425
          ],
          [
            -78.96628999969484,
            38.2369919999386
          ],
          [
            -78.96583899960814,
            38.237391999750685
          ],
          [
            -78.96537199962789,
            38.23782100025057
          ],
          [
            -78.96462299961536,
            38.23855300024777
          ],
          [
            -78.96388399964854,
            38.23931100004094
          ],
          [
            -78.96317200034426,
            38.24010899991488
          ],
          [
            -78.96278599965657,
            38.24054199969187
          ],
          [
            -78.9620209997505,
            38.241465000276456
          ],
          [
            -78.96115799993515,
            38.242527000078795
          ],
          [
            -78.96053100012135,
            38.243280999726316
          ],
          [
            -78.96011000017185,
            38.243810999865836
          ],
          [
            -78.95902700024847,
            38.24513900006766
          ],
          [
            -78.95868900013969,
            38.24553999991208
          ],
          [
            -78.9581540003874,
            38.24621299964939
          ],
          [
            -78.95763999965315,
            38.24684499980122
          ],
          [
            -78.95714900028182,
            38.24743300029466
          ],
          [
            -78.95699000027314,
            38.247643999897534
          ],
          [
            -78.9567409998528,
            38.247973999666605
          ],
          [
            -78.95568499969359,
            38.24927399993575
          ],
          [
            -78.95478800044137,
            38.25034900013628
          ],
          [
            -78.95366299978689,
            38.25160100026651
          ],
          [
            -78.95328500039342,
            38.25203099977426
          ],
          [
            -78.95268299979567,
            38.25266600034974
          ],
          [
            -78.95243400027364,
            38.25290400006686
          ],
          [
            -78.95218400002838,
            38.253141000113246
          ],
          [
            -78.95185699979024,
            38.25347000002155
          ],
          [
            -78.95137800011443,
            38.25398400022904
          ],
          [
            -78.95092600020283,
            38.25448500016856
          ],
          [
            -78.95080800020204,
            38.25461599982387
          ],
          [
            -78.95062800027699,
            38.25478899970681
          ],
          [
            -78.95001900000652,
            38.25537899996151
          ],
          [
            -78.94885499989229,
            38.256462000085165
          ],
          [
            -78.94821899985766,
            38.25703899975054
          ],
          [
            -78.94759600024182,
            38.25761700001234
          ],
          [
            -78.94613400020175,
            38.25895600011113
          ],
          [
            -78.94549499979406,
            38.259552000261856
          ],
          [
            -78.94368600032267,
            38.261217000187315
          ],
          [
            -78.9434779999102,
            38.26139699978102
          ],
          [
            -78.94299699968629,
            38.26184899964741
          ],
          [
            -78.94244500021556,
            38.26234699984888
          ],
          [
            -78.94198599973292,
            38.26276900000744
          ],
          [
            -78.94149199998851,
            38.263245999650394
          ],
          [
            -78.9411890000398,
            38.26354700014516
          ],
          [
            -78.9407940000296,
            38.26398100010649
          ],
          [
            -78.94055899985297,
            38.264250999989706
          ],
          [
            -78.94010199991847,
            38.26481199972007
          ],
          [
            -78.93978999974892,
            38.26522399971857
          ],
          [
            -78.93967699977102,
            38.265381999847904
          ],
          [
            -78.9393870002411,
            38.26581600013092
          ],
          [
            -78.93926900024034,
            38.26600399991017
          ],
          [
            -78.93917499963068,
            38.26615500030337
          ],
          [
            -78.93886099981133,
            38.26668399997084
          ],
          [
            -78.93869000010712,
            38.26700200010477
          ],
          [
            -78.9384289999912,
            38.26752700024018
          ],
          [
            -78.93826300030985,
            38.26789699973528
          ],
          [
            -78.93810199975306,
            38.26829000020761
          ],
          [
            -78.93788599984299,
            38.268865999652526
          ],
          [
            -78.93764999984143,
            38.2696070001178
          ],
          [
            -78.9376049996356,
            38.269775999981846
          ],
          [
            -78.93751000009935,
            38.27016599995742
          ],
          [
            -78.93748199961193,
            38.27028500016775
          ],
          [
            -78.93738799990062,
            38.27077599995135
          ],
          [
            -78.937296999664,
            38.27131500033575
          ],
          [
            -78.93702700022558,
            38.2731819999944
          ],
          [
            -78.93689699963093,
            38.27407600032575
          ],
          [
            -78.93673599997247,
            38.27503400030502
          ],
          [
            -78.93665999980448,
            38.27543900018191
          ],
          [
            -78.93646200033606,
            38.27634600000571
          ],
          [
            -78.93639399966568,
            38.276625000277605
          ],
          [
            -78.93622799998434,
            38.2772289997896
          ],
          [
            -78.93611400018152,
            38.27764800033011
          ],
          [
            -78.93485700018087,
            38.28197799992192
          ],
          [
            -78.93409899994751,
            38.284554000294854
          ],
          [
            -78.93373599972433,
            38.285748999660306
          ],
          [
            -78.93367299997514,
            38.28596000010158
          ],
          [
            -78.93348999967704,
            38.28667399967198
          ],
          [
            -78.93292099958956,
            38.28864099969697
          ],
          [
            -78.93271300007541,
            38.28933999981313
          ],
          [
            -78.93200400024584,
            38.29178999998294
          ],
          [
            -78.93191399983417,
            38.29206499965219
          ],
          [
            -78.93182500014571,
            38.29234100015685
          ],
          [
            -78.931662999764,
            38.2928730000991
          ],
          [
            -78.93153600044069,
            38.29331799970843
          ],
          [
            -78.93143599998328,
            38.29369100026835
          ],
          [
            -78.93135800016546,
            38.29402100026724
          ],
          [
            -78.93021099976967,
            38.297968000093675
          ],
          [
            -78.93002199962379,
            38.29867199969155
          ],
          [
            -78.92995399985172,
            38.29896499979127
          ],
          [
            -78.92983000000315,
            38.29957500033393
          ],
          [
            -78.92971299982729,
            38.300284000227656
          ],
          [
            -78.92965599992588,
            38.300709000222106
          ],
          [
            -78.92962699961356,
            38.30099199989412
          ],
          [
            -78.929578999933,
            38.30162600000247
          ],
          [
            -78.92956300003948,
            38.301972000286426
          ],
          [
            -78.92954499959781,
            38.30272199993067
          ],
          [
            -78.92957499973504,
            38.30358299979442
          ],
          [
            -78.92977800012463,
            38.306877000260116
          ],
          [
            -78.92978099959936,
            38.30693399994724
          ],
          [
            -78.92978599962223,
            38.30701799970133
          ],
          [
            -78.92994299998108,
            38.3095679998073
          ],
          [
            -78.93019499987614,
            38.31314399984344
          ]
        ]
      }
    },
    {
      "type": "Feature",
      "properties": {
        "name": "I-81",
        "tier": 1,
        "highway_class": "major"
      },
      "geometry": {
        "type": "LineString",
        "coordinates": [
          [
            -79.2239470002399,
            37.936631999711636
          ],
          [
            -79.22340900011457,
            37.937161999706895
          ],
          [
            -79.22301900012722,
            37.937544999654726
          ],
          [
            -79.22233899971165,
            37.93823599980073
          ],
          [
            -79.22224500000033,
            37.93833599996865
          ],
          [
            -79.22134500037505,
            37.93928999974617
          ],
          [
            -79.22030599993428,
            37.94044699990122
          ],
          [
            -79.21949099979952,
            37.941365000144636
          ],
          [
            -79.21895199984925,
            37.94197199989367
          ],
          [
            -79.21832199966241,
            37.94269399991642
          ],
          [
            -79.21208199986498,
            37.94974899988017
          ],
          [
            -79.20989400027689,
            37.952234000276924
          ],
          [
            -79.208936000027,
            37.95333399973293
          ],
          [
            -79.20836600011458,
            37.95399800019991
          ],
          [
            -79.20772900025506,
            37.9547530002082
          ],
          [
            -79.20701100020464,
            37.955631999962655
          ],
          [
            -79.20665499965419,
            37.95606799969717
          ],
          [
            -79.20474900009842,
            37.958432000076215
          ],
          [
            -79.20322099993612,
            37.960311000267936
          ],
          [
            -79.20249899968776,
            37.96118399973378
          ],
          [
            -79.20201199961605,
            37.96175999991981
          ],
          [
            -79.20111700001362,
            37.96280299986033
          ],
          [
            -79.20087099996634,
            37.963077000088234
          ],
          [
            -79.20037899987175,
            37.96363699990188
          ],
          [
            -79.2000449999609,
            37.963996000188054
          ],
          [
            -79.19939800005561,
            37.96471099971343
          ],
          [
            -79.19809800039725,
            37.966088000298505
          ],
          [
            -79.1970670003524,
            37.9671529998775
          ],
          [
            -79.1959269996293,
            37.96829099965165
          ],
          [
            -79.19530300018856,
            37.96889700005807
          ],
          [
            -79.19355999994109,
            37.97053999984945
          ],
          [
            -79.19341199980309,
            37.97067399967747
          ],
          [
            -79.19284699991356,
            37.97118699975495
          ],
          [
            -79.19136099958405,
            37.97252600010013
          ],
          [
            -79.19046699980655,
            37.97330800007782
          ],
          [
            -79.19000400002427,
            37.973722999913335
          ],
          [
            -79.18954399971673,
            37.974145000116465
          ],
          [
            -79.18920700033117,
            37.97444500016474
          ],
          [
            -79.18878700020659,
            37.97482199983943
          ],
          [
            -79.18832699989905,
            37.975244000097376
          ],
          [
            -79.18777299988018,
            37.975766000258034
          ],
          [
            -79.18664300010113,
            37.97692400006722
          ],
          [
            -79.18614199978573,
            37.97746900010228
          ],
          [
            -79.18573300043012,
            37.97794000020127
          ],
          [
            -79.1852749997724,
            37.97849299977013
          ],
          [
            -79.18481600018809,
            37.97904900028205
          ],
          [
            -79.18471400008083,
            37.97918099982055
          ],
          [
            -79.18435500005565,
            37.97964500019793
          ],
          [
            -79.18394099977886,
            37.98022800001256
          ],
          [
            -79.18346600030101,
            37.980913999796314
          ],
          [
            -79.18306200006998,
            37.98152699996722
          ],
          [
            -79.18239800044624,
            37.9826379998965
          ],
          [
            -79.18205899961421,
            37.9832399996586
          ],
          [
            -79.18177800030514,
            37.98377400014102
          ],
          [
            -79.18136900005123,
            37.98460499992464
          ],
          [
            -79.18103099994242,
            37.98534000006174
          ],
          [
            -79.18075200028316,
            37.985989999654755
          ],
          [
            -79.18027899955683,
            37.98713999980573
          ],
          [
            -79.17955499965865,
            37.9888759998979
          ],
          [
            -79.1792890004182,
            37.989536000286165
          ],
          [
            -79.17925900028095,
            37.98962099997964
          ],
          [
            -79.17882200043796,
            37.9906599998014
          ],
          [
            -79.17852000031417,
            37.99140399981904
          ],
          [
            -79.17819600044906,
            37.99218100011231
          ],
          [
            -79.17772500027088,
            37.993309000061394
          ],
          [
            -79.17751400038368,
            37.99382899992547
          ],
          [
            -79.17702099956585,
            37.99500600013832
          ],
          [
            -79.17679999963292,
            37.99554800019763
          ],
          [
            -79.17636399961484,
            37.996594999753114
          ],
          [
            -79.17608999997844,
            37.9972339999569
          ],
          [
            -79.1758969996346,
            37.99765699973125
          ],
          [
            -79.17563899989175,
            37.9981929998655
          ],
          [
            -79.17526700034605,
            37.998921000145465
          ],
          [
            -79.17482499958187,
            37.999731000271474
          ],
          [
            -79.17439299976174,
            38.00045999967295
          ],
          [
            -79.1742279999053,
            38.000719000326754
          ],
          [
            -79.17377900036672,
            38.001424999762115
          ],
          [
            -79.17345499960332,
            38.0018959996914
          ],
          [
            -79.17311499984469,
            38.00237599985678
          ],
          [
            -79.17283299981237,
            38.00275999970885
          ],
          [
            -79.17248600038106,
            38.00321900006794
          ],
          [
            -79.17234499991575,
            38.00339200007147
          ],
          [
            -79.17209800004355,
            38.00370800033367
          ],
          [
            -79.17147200005465,
            38.00446399965478
          ],
          [
            -79.17106299980074,
            38.00492800010814
          ],
          [
            -79.1706660001407,
            38.005362999945675
          ],
          [
            -79.17030399974247,
            38.00575000020441
          ],
          [
            -79.16971100026383,
            38.00635200000718
          ],
          [
            -79.16927100004779,
            38.00678400016341
          ],
          [
            -79.16882400015905,
            38.007207000061854
          ],
          [
            -79.16838700031603,
            38.007605999978324
          ],
          [
            -79.1679060000921,
            38.00802400015701
          ],
          [
            -79.16734000037766,
            38.00850100018748
          ],
          [
            -79.16676200006935,
            38.00897099984842
          ],
          [
            -79.16617000041565,
            38.0094329998735
          ],
          [
            -79.16556799981788,
            38.00988400010617
          ],
          [
            -79.1648999999962,
            38.01036100006702
          ],
          [
            -79.1643369997565,
            38.0107470000409
          ],
          [
            -79.16379199995845,
            38.011109000171885
          ],
          [
            -79.16357100002553,
            38.01125100019654
          ],
          [
            -79.16233300029145,
            38.01201500018357
          ],
          [
            -79.16028000042257,
            38.01325899968781
          ],
          [
            -79.15830700002135,
            38.014462999841875
          ],
          [
            -79.15358100014252,
            38.01732900003923
          ],
          [
            -79.1509109996073,
            38.018953999946916
          ],
          [
            -79.14779999992942,
            38.02084000017089
          ],
          [
            -79.14705299956671,
            38.02129300017309
          ],
          [
            -79.14635499960778,
            38.02173899991238
          ],
          [
            -79.14618999975134,
            38.0218379996498
          ],
          [
            -79.14539499970805,
            38.02230800013101
          ],
          [
            -79.14497899978144,
            38.0225499998114
          ],
          [
            -79.14412299963877,
            38.02307200021386
          ],
          [
            -79.14388199961435,
            38.02321500033539
          ],
          [
            -79.14316899958683,
            38.023650999844506
          ],
          [
            -79.14289400012554,
            38.0238120000948
          ],
          [
            -79.14213599989215,
            38.024290999806844
          ],
          [
            -79.14138199985675,
            38.024752000317676
          ],
          [
            -79.1407879996549,
            38.0251089997382
          ],
          [
            -79.14068100042311,
            38.02517399995093
          ],
          [
            -79.1404629999649,
            38.025292000080945
          ],
          [
            -79.14024700005484,
            38.02542399990523
          ],
          [
            -79.13849799995958,
            38.026490999897064
          ],
          [
            -79.13772800003065,
            38.02698499994891
          ],
          [
            -79.13647100002999,
            38.02785300019383
          ],
          [
            -79.13610699998192,
            38.02811999984446
          ],
          [
            -79.13594799997328,
            38.02823599977111
          ],
          [
            -79.13553399969649,
            38.02855400018962
          ],
          [
            -79.13502300023362,
            38.0289539997929
          ],
          [
            -79.13441999981096,
            38.02944400016921
          ],
          [
            -79.13410599999159,
            38.02970800018595
          ],
          [
            -79.1339290004396,
            38.029856999780755
          ],
          [
            -79.13365999992777,
            38.03009400015974
          ],
          [
            -79.13325900006977,
            38.03044599991364
          ],
          [
            -79.1325910002481,
            38.03107599970101
          ],
          [
            -79.13224499974335,
            38.03140899978533
          ],
          [
            -79.13137299970718,
            38.0323049999456
          ],
          [
            -79.13094799955974,
            38.032767999847806
          ],
          [
            -79.13053099980822,
            38.033235000204684
          ],
          [
            -79.13022100018682,
            38.03359599985834
          ],
          [
            -79.12979900041242,
            38.034102000209984
          ],
          [
            -79.12919000014199,
            38.03487300016752
          ],
          [
            -79.12876300034472,
            38.03545199993141
          ],
          [
            -79.128268999702,
            38.036133999992636
          ],
          [
            -79.12776300026201,
            38.03684200025318
          ],
          [
            -79.1247429999224,
            38.04106400020166
          ],
          [
            -79.12430899955415,
            38.041666000006735
          ],
          [
            -79.12416499961411,
            38.04188099995056
          ],
          [
            -79.12405400018433,
            38.04202899988067
          ],
          [
            -79.12355399969383,
            38.042721999981204
          ],
          [
            -79.12158600021377,
            38.04548499979363
          ],
          [
            -79.12123800005924,
            38.04598399996673
          ],
          [
            -79.12084499969883,
            38.04658300013308
          ],
          [
            -79.12023899980143,
            38.04759200021697
          ],
          [
            -79.11990800026365,
            38.04817000029345
          ],
          [
            -79.1197299999884,
            38.0485079997633
          ],
          [
            -79.11922700002316,
            38.04949800003476
          ],
          [
            -79.11904200007523,
            38.04989400021456
          ],
          [
            -79.11878799963202,
            38.0504689997401
          ],
          [
            -79.1185619996762,
            38.050997000045726
          ],
          [
            -79.11835599981188,
            38.05152399983817
          ],
          [
            -79.11813400005403,
            38.052130000167324
          ],
          [
            -79.1175270003317,
            38.053914000030495
          ],
          [
            -79.11740900033095,
            38.05427999991642
          ],
          [
            -79.1173299997899,
            38.05449199970517
          ],
          [
            -79.11727100023867,
            38.054653000072044
          ],
          [
            -79.11695499987118,
            38.05539299991434
          ],
          [
            -79.11679199966458,
            38.055747000100986
          ],
          [
            -79.11617800026954,
            38.05685500028848
          ],
          [
            -79.1156109998319,
            38.05771800011046
          ],
          [
            -79.11527000024834,
            38.058178000152466
          ],
          [
            -79.11497899999523,
            38.058555000122126
          ],
          [
            -79.11459300020584,
            38.059013999714935
          ],
          [
            -79.11435899985412,
            38.05927599966652
          ],
          [
            -79.11418099957888,
            38.059466999874246
          ],
          [
            -79.11379899998745,
            38.05985599968897
          ],
          [
            -79.11340599962708,
            38.060235999869604
          ],
          [
            -79.11298100037794,
            38.06061100031902
          ],
          [
            -79.11286900022496,
            38.060709999856726
          ],
          [
            -79.11212400041039,
            38.06132299985613
          ],
          [
            -79.1112950000319,
            38.061998000146566
          ],
          [
            -79.11102399987026,
            38.0622230000385
          ],
          [
            -79.11077799982294,
            38.06242000018362
          ],
          [
            -79.11015600003202,
            38.06291800011345
          ],
          [
            -79.10981700009829,
            38.06318900026593
          ],
          [
            -79.10941700006522,
            38.063492999876736
          ],
          [
            -79.10922200007155,
            38.063651000017856
          ],
          [
            -79.10902799990279,
            38.06379899978682
          ],
          [
            -79.10771499982565,
            38.06476599977858
          ],
          [
            -79.10725899971605,
            38.065075000192095
          ],
          [
            -79.107154999959,
            38.065142999755444
          ],
          [
            -79.10704299980598,
            38.06521600023558
          ],
          [
            -79.10646100019804,
            38.065631999808616
          ],
          [
            -79.10595700040788,
            38.065958000150005
          ],
          [
            -79.10567200000253,
            38.06614799984824
          ],
          [
            -79.10519499997655,
            38.06645099985725
          ],
          [
            -79.10425699981812,
            38.06704299994177
          ],
          [
            -79.10381300030242,
            38.067311000297195
          ],
          [
            -79.10326000010846,
            38.06763600020795
          ],
          [
            -79.10240800016378,
            38.068117999760716
          ],
          [
            -79.10167500004475,
            38.068526999741444
          ],
          [
            -79.10125400009528,
            38.06876300013204
          ],
          [
            -79.10063599960398,
            38.06908799995712
          ],
          [
            -79.1003970001277,
            38.069204000049915
          ],
          [
            -79.09999299989667,
            38.06941199975566
          ],
          [
            -79.09915000017278,
            38.06982700023022
          ],
          [
            -79.09763899972893,
            38.0705530003505
          ],
          [
            -79.09567000042397,
            38.07148299992519
          ],
          [
            -79.0943289998594,
            38.07211600009985
          ],
          [
            -79.0933279999518,
            38.072594999974946
          ],
          [
            -79.09262499997,
            38.07294899968288
          ],
          [
            -79.09147799957421,
            38.07356600014839
          ],
          [
            -79.0909410001721,
            38.073876000101485
          ],
          [
            -79.09068199970599,
            38.07402600026861
          ],
          [
            -79.09042399996314,
            38.0741770000602
          ],
          [
            -79.08956299979761,
            38.074713999771724
          ],
          [
            -79.08884499974721,
            38.07518600017746
          ],
          [
            -79.08800100019843,
            38.075778000287514
          ],
          [
            -79.08713199963697,
            38.07643300001412
          ],
          [
            -79.08687600044225,
            38.07662599977983
          ],
          [
            -79.08621600011818,
            38.07715599994967
          ],
          [
            -79.08513499984461,
            38.07807299988004
          ],
          [
            -79.08419699968618,
            38.07897199991037
          ],
          [
            -79.08393399992046,
            38.079268999952866
          ],
          [
            -79.08375499982031,
            38.079457000006244
          ],
          [
            -79.08315999979358,
            38.08006400008752
          ],
          [
            -79.08272899979833,
            38.08051799986361
          ],
          [
            -79.08248000027632,
            38.08079799985905
          ],
          [
            -79.0816480004231,
            38.08181000003363
          ],
          [
            -79.08123800034427,
            38.082347000264846
          ],
          [
            -79.08085699967944,
            38.08287200020969
          ],
          [
            -79.08033399962271,
            38.08361799983474
          ],
          [
            -79.07993399958963,
            38.08424200006324
          ],
          [
            -79.07952199986099,
            38.084911000164844
          ],
          [
            -79.07934699995882,
            38.085231999819015
          ],
          [
            -79.07858899972543,
            38.08666100007788
          ],
          [
            -79.07844300013558,
            38.08696399995665
          ],
          [
            -79.07816100010325,
            38.087584999955865
          ],
          [
            -79.07761399975709,
            38.08882699968345
          ],
          [
            -79.07738899962618,
            38.08935300019215
          ],
          [
            -79.07659100010817,
            38.091161999809614
          ],
          [
            -79.07574699966108,
            38.09308799996666
          ],
          [
            -79.07550399998682,
            38.093599000269954
          ],
          [
            -79.07532999990956,
            38.093965999944984
          ],
          [
            -79.07496400021165,
            38.09464399983569
          ],
          [
            -79.07475400014937,
            38.09500299991387
          ],
          [
            -79.0744539996754,
            38.09549700001175
          ],
          [
            -79.07408399977955,
            38.096061999715296
          ],
          [
            -79.07384699995308,
            38.09640399985982
          ],
          [
            -79.0735669995706,
            38.096786999918216
          ],
          [
            -79.07330499962978,
            38.09712799987959
          ],
          [
            -79.0729749999169,
            38.097544000329414
          ],
          [
            -79.07240900020246,
            38.09820100009949
          ],
          [
            -79.07216399998009,
            38.09847099999696
          ],
          [
            -79.07169299980188,
            38.09896499998133
          ],
          [
            -79.07131700005824,
            38.099337000341144
          ],
          [
            -79.07105599994235,
            38.0995859998204
          ],
          [
            -79.07055600035014,
            38.100048000115606
          ],
          [
            -79.07011500030917,
            38.10046900018511
          ],
          [
            -79.06975000043619,
            38.10080800008836
          ],
          [
            -79.06904200043155,
            38.1014639999369
          ],
          [
            -79.0670489999388,
            38.10331299995604
          ],
          [
            -79.06617500025281,
            38.104130000265265
          ],
          [
            -79.06570599972444,
            38.104589999658664
          ],
          [
            -79.0638310001308,
            38.10633100022393
          ],
          [
            -79.06334900008197,
            38.106745000200725
          ],
          [
            -79.06306100020187,
            38.107012999955764
          ],
          [
            -79.06173100040628,
            38.10825000018033
          ],
          [
            -79.06166600010897,
            38.10830999992428
          ],
          [
            -79.06002900016671,
            38.10983499966746
          ],
          [
            -79.05976499967775,
            38.11013399971996
          ],
          [
            -79.05941800024645,
            38.110430999676204
          ],
          [
            -79.05886500005248,
            38.110921999673174
          ],
          [
            -79.05841999981355,
            38.111328000151836
          ],
          [
            -79.05695399957553,
            38.11269100019729
          ],
          [
            -79.05608999993525,
            38.113490999930185
          ],
          [
            -79.05390099962395,
            38.115532999700996
          ],
          [
            -79.05343399964373,
            38.115959999994494
          ],
          [
            -79.05283100011937,
            38.11652200030615
          ],
          [
            -79.05245200000269,
            38.11686800031391
          ],
          [
            -79.0518750004176,
            38.11740999975966
          ],
          [
            -79.05111800000914,
            38.11811099995662
          ],
          [
            -79.04976899994698,
            38.119360999788874
          ],
          [
            -79.04788900033049,
            38.121111000213745
          ],
          [
            -79.04753299978,
            38.12143899982124
          ],
          [
            -79.04680300003405,
            38.122107000067665
          ],
          [
            -79.04635100012243,
            38.122510999895816
          ],
          [
            -79.04594500024156,
            38.12285299990281
          ],
          [
            -79.04549499997978,
            38.123218999660736
          ],
          [
            -79.04503100037259,
            38.12357999988955
          ],
          [
            -79.04436600002563,
            38.12408699982612
          ],
          [
            -79.04364999962506,
            38.12460000017592
          ],
          [
            -79.04312699956833,
            38.124965999656276
          ],
          [
            -79.04201699988076,
            38.12569199986864
          ],
          [
            -79.04177199965838,
            38.12585700009853
          ],
          [
            -79.0411530002405,
            38.126236000096696
          ],
          [
            -79.0398719999504,
            38.12700099996304
          ],
          [
            -79.03931799993154,
            38.12732700013959
          ],
          [
            -79.03919900010582,
            38.12739599966083
          ],
          [
            -79.03906699986136,
            38.127465999733204
          ],
          [
            -79.03886299964687,
            38.12757700022515
          ],
          [
            -79.03843500002469,
            38.1278239997402
          ],
          [
            -79.03837700029837,
            38.12785700012424
          ],
          [
            -79.03815899984016,
            38.127982999975785
          ],
          [
            -79.03740099960679,
            38.128458000225606
          ],
          [
            -79.03697899983241,
            38.12870899986369
          ],
          [
            -79.03678399983875,
            38.128825999932126
          ],
          [
            -79.03560800002893,
            38.129532000170336
          ],
          [
            -79.03346100044874,
            38.130793999992264
          ],
          [
            -79.03292499997323,
            38.13105699981755
          ],
          [
            -79.03227999971776,
            38.131423000136024
          ],
          [
            -79.0317890003464,
            38.13170300012136
          ],
          [
            -79.03149200024548,
            38.1318720002943
          ],
          [
            -79.02916099964395,
            38.13335999978551
          ],
          [
            -79.02871499958012,
            38.1336320000979
          ],
          [
            -79.0284440003168,
            38.13383799984173
          ],
          [
            -79.02810700003289,
            38.134152999749155
          ],
          [
            -79.02694499956847,
            38.135205999866685
          ],
          [
            -79.02630500023419,
            38.13592299971877
          ],
          [
            -79.02609199979888,
            38.136166999882974
          ],
          [
            -79.02495799982185,
            38.13746499974976
          ],
          [
            -79.02364100044507,
            38.13900200023363
          ],
          [
            -79.02313400028186,
            38.139593000154285
          ],
          [
            -79.02147300005015,
            38.141504000150746
          ],
          [
            -79.02106100032152,
            38.14200800010094
          ],
          [
            -79.02036500001242,
            38.14302399984681
          ],
          [
            -79.02013300020883,
            38.14338199984367
          ],
          [
            -79.02003100010158,
            38.143534999841314
          ],
          [
            -79.01971399990917,
            38.14401199997713
          ],
          [
            -79.01947500043288,
            38.14442500000909
          ],
          [
            -79.01924100008117,
            38.14485999966144
          ],
          [
            -79.01908399972233,
            38.14515300028786
          ],
          [
            -79.01865000025236,
            38.14606499997405
          ],
          [
            -79.01833499970978,
            38.14682500006959
          ],
          [
            -79.01814999976186,
            38.14733299996091
          ],
          [
            -79.01804199980681,
            38.14762799981225
          ],
          [
            -79.01785900040704,
            38.14818800010373
          ],
          [
            -79.01775899994959,
            38.14849699967797
          ],
          [
            -79.01763699975086,
            38.14895399979235
          ],
          [
            -79.01744400030533,
            38.14968099977503
          ],
          [
            -79.01708600010505,
            38.151004999994754
          ],
          [
            -79.01684400025572,
            38.151865999760034
          ],
          [
            -79.01644500004755,
            38.15328599969213
          ],
          [
            -79.0157939999443,
            38.15571800022177
          ],
          [
            -79.0155050002393,
            38.156858000166224
          ],
          [
            -79.01507099987101,
            38.158439000332535
          ],
          [
            -79.01505199960444,
            38.15850900029401
          ],
          [
            -79.0144640001487,
            38.16068600009318
          ],
          [
            -79.01427900020077,
            38.16141299967447
          ],
          [
            -79.01417600026862,
            38.16175000029267
          ],
          [
            -79.0140559997197,
            38.162064999765946
          ],
          [
            -79.01398299992476,
            38.162250999791304
          ],
          [
            -79.0137949996038,
            38.162690999747014
          ],
          [
            -79.01360899983095,
            38.16307599991382
          ],
          [
            -79.01333000017169,
            38.16356799980408
          ],
          [
            -79.01305499981208,
            38.16401099992664
          ],
          [
            -79.01284700029795,
            38.16428999975589
          ],
          [
            -79.01264399990835,
            38.164554999835275
          ],
          [
            -79.0123169996702,
            38.164959999974606
          ],
          [
            -79.01172300036667,
            38.165608999848686
          ],
          [
            -79.01135900031862,
            38.16595199996661
          ],
          [
            -79.0106129997808,
            38.166654000157465
          ],
          [
            -79.01046700019093,
            38.16678800002115
          ],
          [
            -79.0092329997565,
            38.16792699986409
          ],
          [
            -79.00893099963271,
            38.16821199988349
          ],
          [
            -79.00863500025501,
            38.1684830001545
          ],
          [
            -79.008338999979,
            38.16876600001879
          ],
          [
            -79.00717900006273,
            38.16984299999142
          ],
          [
            -79.006804000144,
            38.17019100011403
          ],
          [
            -79.00618800020084,
            38.17078500023521
          ],
          [
            -79.0058400000463,
            38.171135000132615
          ],
          [
            -79.00558700032633,
            38.171397000005115
          ],
          [
            -79.00500499982004,
            38.172037999733206
          ],
          [
            -79.0044390001056,
            38.172700000099034
          ],
          [
            -79.00414799985248,
            38.173062999865685
          ],
          [
            -79.00398800001891,
            38.17326299991593
          ],
          [
            -79.00377700013169,
            38.17353699972229
          ],
          [
            -79.003550000351,
            38.17384299999461
          ],
          [
            -79.00313699989911,
            38.17442700029018
          ],
          [
            -79.00269099983527,
            38.17509699984693
          ],
          [
            -79.0022630002131,
            38.175800000190236
          ],
          [
            -79.00192199973125,
            38.176399000225594
          ],
          [
            -79.00165300011774,
            38.17690399978299
          ],
          [
            -79.00134000012329,
            38.177525999724914
          ],
          [
            -79.00118600013751,
            38.17785000026631
          ],
          [
            -79.00093300041752,
            38.17842600018254
          ],
          [
            -79.00080700002081,
            38.17872700013197
          ],
          [
            -79.0005729996691,
            38.179325000211165
          ],
          [
            -79.00037500020068,
            38.17988400009929
          ],
          [
            -79.00016500013841,
            38.18053000017877
          ],
          [
            -78.99995699972594,
            38.181274000328905
          ],
          [
            -78.99950800018738,
            38.18292999967423
          ],
          [
            -78.99893900009988,
            38.18505999996366
          ],
          [
            -78.99869600042564,
            38.1859749998907
          ],
          [
            -78.99853900006681,
            38.18656499993401
          ],
          [
            -78.99844600018038,
            38.18693700015216
          ],
          [
            -78.9981940002853,
            38.18794199973814
          ],
          [
            -78.9980949996528,
            38.18830300026673
          ],
          [
            -78.99786600022225,
            38.18914200025022
          ],
          [
            -78.99777800035871,
            38.189423000139335
          ],
          [
            -78.99763900044152,
            38.189897999946695
          ],
          [
            -78.99724000023336,
            38.19139599992352
          ],
          [
            -78.99689799992659,
            38.192707999962735
          ],
          [
            -78.99685100007093,
            38.1928819999977
          ],
          [
            -78.99663900035883,
            38.193671999675246
          ],
          [
            -78.99651299996214,
            38.19410900004269
          ],
          [
            -78.99635099958043,
            38.1947560000494
          ],
          [
            -78.99623699977761,
            38.19524500022546
          ],
          [
            -78.99600599979891,
            38.1961330003183
          ],
          [
            -78.99559999991806,
            38.19778700002353
          ],
          [
            -78.99553499962073,
            38.19804799971934
          ],
          [
            -78.99547100004662,
            38.19831000024201
          ],
          [
            -78.99538300018308,
            38.198663000269256
          ],
          [
            -78.99532299990862,
            38.19890300022847
          ],
          [
            -78.99527199985499,
            38.199108999862524
          ],
          [
            -78.99511899969413,
            38.19973300007763
          ],
          [
            -78.99426000007674,
            38.20322299975559
          ],
          [
            -78.99423999998524,
            38.20330400004284
          ],
          [
            -78.99421599969578,
            38.203400999788954
          ],
          [
            -78.99403300029601,
            38.20414399972148
          ],
          [
            -78.99390500024948,
            38.20475800004924
          ],
          [
            -78.99375799993639,
            38.20537599974158
          ],
          [
            -78.99366500004997,
            38.2057410002572
          ],
          [
            -78.99294399962653,
            38.20865900019587
          ],
          [
            -78.99273299973932,
            38.20954600025391
          ],
          [
            -78.99264300022597,
            38.2098889996517
          ],
          [
            -78.99260100039317,
            38.210089000244075
          ],
          [
            -78.99255399963918,
            38.210248999898745
          ],
          [
            -78.99252799969993,
            38.21035600000531
          ],
          [
            -78.99233899955404,
            38.21114400032556
          ],
          [
            -78.99225099969048,
            38.211492000097984
          ],
          [
            -78.99217100022285,
            38.21183199971269
          ],
          [
            -78.99196600018345,
            38.212611999760796
          ],
          [
            -78.99186099970315,
            38.21297699998869
          ],
          [
            -78.99183300011404,
            38.21307499969757
          ],
          [
            -78.99170599989245,
            38.21345900031005
          ],
          [
            -78.99160999963298,
            38.2137219998582
          ],
          [
            -78.99139000042327,
            38.21428000030355
          ],
          [
            -78.99123100041461,
            38.214637000332516
          ],
          [
            -78.99114699985071,
            38.21481499998134
          ],
          [
            -78.99096600010074,
            38.215174999859464
          ],
          [
            -78.99077000028217,
            38.21554800014059
          ],
          [
            -78.99047099963309,
            38.21606900029989
          ],
          [
            -78.99025700027117,
            38.21641599971147
          ],
          [
            -78.99012199965364,
            38.21662299999831
          ],
          [
            -78.98979299976568,
            38.21709100028657
          ],
          [
            -78.98942399969472,
            38.21757899998742
          ],
          [
            -78.9892029997618,
            38.21785100020515
          ],
          [
            -78.98896699976024,
            38.21812999995332
          ],
          [
            -78.98864200007023,
            38.218497000176015
          ],
          [
            -78.98840500024376,
            38.218750999946266
          ],
          [
            -78.98818799961047,
            38.21897599973011
          ],
          [
            -78.98789100040787,
            38.21927099969429
          ],
          [
            -78.98760600000251,
            38.21953600023327
          ],
          [
            -78.98694800022658,
            38.220109999963526
          ],
          [
            -78.98668399973761,
            38.22033200034156
          ],
          [
            -78.98587500034893,
            38.221013000107696
          ],
          [
            -78.98562799957841,
            38.22122600023374
          ],
          [
            -78.9853380000485,
            38.221461999777766
          ],
          [
            -78.9840219995983,
            38.2225709996564
          ],
          [
            -78.98374799996192,
            38.22280899980518
          ],
          [
            -78.9833599996244,
            38.22312599996547
          ],
          [
            -78.98295499956845,
            38.22348000033517
          ],
          [
            -78.98192500024682,
            38.22433799992115
          ],
          [
            -78.98171900038251,
            38.224519999794104
          ],
          [
            -78.9810299997461,
            38.225089999792466
          ],
          [
            -78.97795300040342,
            38.22769100011769
          ],
          [
            -78.97736199967629,
            38.2281870002193
          ],
          [
            -78.9768190004264,
            38.228644000244195
          ],
          [
            -78.97555400002982,
            38.22971099990197
          ],
          [
            -78.97509999957008,
            38.230084999670936
          ],
          [
            -78.974418000403,
            38.23066600018809
          ],
          [
            -78.97397900001185,
            38.231033999875876
          ],
          [
            -78.97361199959074,
            38.23135100018117
          ],
          [
            -78.97291700000487,
            38.231929999981375
          ],
          [
            -78.97248600000967,
            38.232294999973995
          ],
          [
            -78.97020499963685,
            38.23419800017447
          ],
          [
            -78.96988599979461,
            38.23446399981826
          ],
          [
            -78.9690830002537,
            38.235148000180146
          ],
          [
            -78.9686589999312,
            38.2355209996689
          ],
          [
            -78.96790099969782,
            38.236159999857165
          ],
          [
            -78.96713099976888,
            38.23686399973157
          ],
          [
            -78.96694800036909,
            38.23703099991832
          ],
          [
            -78.9664910004346,
            38.237463999680756
          ],
          [
            -78.96610300009709,
            38.23781800012264
          ],
          [
            -78.96548399978089,
            38.23840799985145
          ],
          [
            -78.96462099996553,
            38.23927000029808
          ],
          [
            -78.96397800025821,
            38.23993499988272
          ],
          [
            -78.9634359999349,
            38.24051399977611
          ],
          [
            -78.96300300028986,
            38.24097600018184
          ],
          [
            -78.96223900020871,
            38.24186299996577
          ],
          [
            -78.9613300003626,
            38.24290400017454
          ],
          [
            -78.9607329997877,
            38.243598000263496
          ],
          [
            -78.96065699961972,
            38.24368600026101
          ],
          [
            -78.95854799967437,
            38.24637199989234
          ],
          [
            -78.9579660000664,
            38.247125000192675
          ],
          [
            -78.9578320001721,
            38.24730000033056
          ],
          [
            -78.95743899981171,
            38.247808000299266
          ],
          [
            -78.95681500037097,
            38.24863000030782
          ],
          [
            -78.9562899997661,
            38.249281999956565
          ],
          [
            -78.95601000028192,
            38.24959800007546
          ],
          [
            -78.95572999989945,
            38.249914999872466
          ],
          [
            -78.95505399968184,
            38.25071800001427
          ],
          [
            -78.95416900012518,
            38.25172300010975
          ],
          [
            -78.953585999794,
            38.25236699984346
          ],
          [
            -78.95296099963001,
            38.253046000267844
          ],
          [
            -78.95251000044162,
            38.253525000146084
          ],
          [
            -78.95168000023823,
            38.25430799982839
          ],
          [
            -78.95103900018071,
            38.25496300016041
          ],
          [
            -78.95098099955608,
            38.25502700023056
          ],
          [
            -78.95081599969964,
            38.255209000188074
          ],
          [
            -78.94985199960195,
            38.256138999769725
          ],
          [
            -78.94937399975106,
            38.25658799984076
          ],
          [
            -78.94894399958075,
            38.25696100007584
          ],
          [
            -78.94820299996412,
            38.257633000332476
          ],
          [
            -78.94764700029543,
            38.25812400028851
          ],
          [
            -78.94706399996424,
            38.25866700023782
          ],
          [
            -78.94651800034131,
            38.25916400016526
          ],
          [
            -78.94581199998646,
            38.25979500034517
          ],
          [
            -78.94549800016712,
            38.26006199964767
          ],
          [
            -78.94264500023208,
            38.26261700016263
          ],
          [
            -78.94233800008543,
            38.262900000245004
          ],
          [
            -78.94180499998295,
            38.26340200023355
          ],
          [
            -78.94142000001848,
            38.263795000339805
          ],
          [
            -78.94113499961313,
            38.26410600007265
          ],
          [
            -78.94078499980876,
            38.264506000211895
          ],
          [
            -78.94030299975992,
            38.26509699999039
          ],
          [
            -78.940089000398,
            38.26538000028588
          ],
          [
            -78.93981900006123,
            38.265778000206474
          ],
          [
            -78.93958200023478,
            38.266145999901084
          ],
          [
            -78.9393360001875,
            38.266540000091
          ],
          [
            -78.93899700025378,
            38.267144000260544
          ],
          [
            -78.93875600022935,
            38.26762499979817
          ],
          [
            -78.93854500034216,
            38.26808300028313
          ],
          [
            -78.93840100040211,
            38.26842999977779
          ],
          [
            -78.93817600027123,
            38.26902599978476
          ],
          [
            -78.93796000036113,
            38.269707999912754
          ],
          [
            -78.93788900021603,
            38.269961999949345
          ],
          [
            -78.93787599979723,
            38.270013000005065
          ],
          [
            -78.9377660001924,
            38.27048499972041
          ],
          [
            -78.937669000108,
            38.2709650003492
          ],
          [
            -78.93754600008437,
            38.27172299993581
          ],
          [
            -78.93736100013643,
            38.272998999897155
          ],
          [
            -78.93727099972475,
            38.27361900027637
          ],
          [
            -78.93694799968458,
            38.27585099984228
          ],
          [
            -78.93682899985886,
            38.276535000011286
          ],
          [
            -78.93669300031473,
            38.27720799970058
          ],
          [
            -78.9366609996294,
            38.27734499980258
          ],
          [
            -78.93654400035183,
            38.277853999826995
          ],
          [
            -78.93632699971855,
            38.27869299968911
          ],
          [
            -78.93620000039525,
            38.27912600017124
          ],
          [
            -78.93605300008215,
            38.279605000160196
          ],
          [
            -78.93521799985588,
            38.282261999917736
          ],
          [
            -78.9346200003544,
            38.2842269998832
          ],
          [
            -78.93441500031498,
            38.28487900020827
          ],
          [
            -78.93410399997036,
            38.28580099976253
          ],
          [
            -78.93360400037818,
            38.287412000135674
          ],
          [
            -78.93330399990421,
            38.28845900030419
          ],
          [
            -78.93323899960689,
            38.28869999994072
          ],
          [
            -78.93304199996338,
            38.28943299982951
          ],
          [
            -78.93282900042637,
            38.290315999787126
          ],
          [
            -78.93268700013616,
            38.29096200031409
          ],
          [
            -78.93261299961799,
            38.29138200033558
          ],
          [
            -78.93253899999813,
            38.29180200004152
          ],
          [
            -78.93222299963065,
            38.29307000022001
          ],
          [
            -78.93108399963077,
            38.29832700026847
          ],
          [
            -78.9306779997499,
            38.30017800028236
          ],
          [
            -78.9304869999542,
            38.30111900028735
          ],
          [
            -78.93034800003703,
            38.30199999978084
          ],
          [
            -78.93025900034856,
            38.30266000024279
          ],
          [
            -78.9301770003328,
            38.30343300001042
          ],
          [
            -78.930163999914,
            38.303596999936985
          ],
          [
            -78.93014200017271,
            38.303877999710124
          ],
          [
            -78.93009899961667,
            38.30468500013619
          ],
          [
            -78.93008199989823,
            38.30530999991362
          ],
          [
            -78.93008500027129,
            38.3060629997169
          ],
          [
            -78.93009500031704,
            38.30653499978678
          ],
          [
            -78.93011299986038,
            38.30685999994899
          ],
          [
            -78.93011700005835,
            38.30693000029218
          ],
          [
            -78.93012000043139,
            38.30698899976366
          ],
          [
            -78.93013299995187,
            38.307221999907576
          ],
          [
            -78.93020200044714,
            38.30804899986911
          ],
          [
            -78.93034300001415,
            38.30958500018853
          ],
          [
            -78.93039099969472,
            38.31010399979276
          ],
          [
            -78.9306929998185,
            38.31342399981014
          ]
        ]
      }
    },
    {
      "type": "Feature",
      "properties": {
        "name": "I-81",
        "tier": 1,
        "highway_class": "major"
      },
      "geometry": {
        "type": "LineString",
        "coordinates": [
          [
            -78.68587099959386,
            38.63549100015369
          ],
          [
            -78.68596199983045,
            38.63542100018431
          ],
          [
            -78.68634699979492,
            38.63513300015237
          ],
          [
            -78.68649999995579,
            38.63502600012836
          ],
          [
            -78.68709099978459,
            38.63461199971788
          ],
          [
            -78.69376099975234,
            38.63018499998712
          ],
          [
            -78.69493200043757,
            38.62940699981323
          ],
          [
            -78.69567899990196,
            38.6289040002468
          ],
          [
            -78.69631099973864,
            38.62844999990054
          ],
          [
            -78.6966179998853,
            38.62821000000899
          ],
          [
            -78.69693699972754,
            38.62794699993634
          ],
          [
            -78.697109000155,
            38.627805999897774
          ],
          [
            -78.69766800019674,
            38.62730699979876
          ],
          [
            -78.6984540000192,
            38.626541999974194
          ],
          [
            -78.69870799956409,
            38.62625999970833
          ],
          [
            -78.69916000037402,
            38.62573799999287
          ],
          [
            -78.6995389995924,
            38.625260000343424
          ],
          [
            -78.6998909999449,
            38.62478599992605
          ],
          [
            -78.7001579999086,
            38.624397000026285
          ],
          [
            -78.70034000038179,
            38.62411100009808
          ],
          [
            -78.70079099957017,
            38.62336500032585
          ],
          [
            -78.70088199980678,
            38.62321500020223
          ],
          [
            -78.70099499978468,
            38.623013000045354
          ],
          [
            -78.70136399985563,
            38.622415999970116
          ],
          [
            -78.7041499998435,
            38.617764000328805
          ],
          [
            -78.70430700020233,
            38.61751100023962
          ],
          [
            -78.7046929999917,
            38.616890999871224
          ],
          [
            -78.70516800036786,
            38.616195999687676
          ],
          [
            -78.70559099996716,
            38.615622999755765
          ],
          [
            -78.70596500006097,
            38.61514699979363
          ],
          [
            -78.70641500032276,
            38.61461300007586
          ],
          [
            -78.70673800036298,
            38.61424800024118
          ],
          [
            -78.70731699959786,
            38.61363799997787
          ],
          [
            -78.70784300002765,
            38.613119999902416
          ],
          [
            -78.70921600037926,
            38.611843000292936
          ],
          [
            -78.70929699967179,
            38.6117679998037
          ],
          [
            -78.71064200043432,
            38.61053299970639
          ],
          [
            -78.7128300000224,
            38.60852399988869
          ],
          [
            -78.71409299987083,
            38.607355999903426
          ],
          [
            -78.71478699963178,
            38.60668199993329
          ],
          [
            -78.71518199964198,
            38.6062799999658
          ],
          [
            -78.71570399987381,
            38.605725000034525
          ],
          [
            -78.7163430002815,
            38.60501700009945
          ],
          [
            -78.7169709999202,
            38.60426800001674
          ],
          [
            -78.71742299983183,
            38.603702999757544
          ],
          [
            -78.72074600012013,
            38.59936899968796
          ],
          [
            -78.72161300013344,
            38.598246000055994
          ],
          [
            -78.7220390001058,
            38.59768300033881
          ],
          [
            -78.72319200034939,
            38.59618599982543
          ],
          [
            -78.72445600002273,
            38.59453500008909
          ],
          [
            -78.72487799979712,
            38.593985000333376
          ],
          [
            -78.72561299956595,
            38.593033000128855
          ],
          [
            -78.72659000008244,
            38.591750999842084
          ],
          [
            -78.72711999981186,
            38.59106599965128
          ],
          [
            -78.72760000021088,
            38.590432000293056
          ],
          [
            -78.7276860004246,
            38.59032000029637
          ],
          [
            -78.72820199991033,
            38.5896530001896
          ],
          [
            -78.73042399983359,
            38.58674799971936
          ],
          [
            -78.7306149996293,
            38.58650500030934
          ],
          [
            -78.73100600033987,
            38.58598800020132
          ],
          [
            -78.73544799963825,
            38.58019800016752
          ],
          [
            -78.73561699969265,
            38.57997399967542
          ],
          [
            -78.73624600005458,
            38.579163000210904
          ],
          [
            -78.73757500002527,
            38.57742099976864
          ],
          [
            -78.73852999990214,
            38.5761859999676
          ],
          [
            -78.73927100041708,
            38.575192999813375
          ],
          [
            -78.73942799987759,
            38.57497400021697
          ],
          [
            -78.74016699984438,
            38.57389700007778
          ],
          [
            -78.74025700025607,
            38.57375300030267
          ],
          [
            -78.74053799956516,
            38.57330200028056
          ],
          [
            -78.74083499966606,
            38.57280800014674
          ],
          [
            -78.74106999984271,
            38.572402999786284
          ],
          [
            -78.74128900012583,
            38.57200799966333
          ],
          [
            -78.74171300044836,
            38.57120400031598
          ],
          [
            -78.74188400015257,
            38.5708340003136
          ],
          [
            -78.74243999982127,
            38.56957800010986
          ],
          [
            -78.7426590001044,
            38.56905299984583
          ],
          [
            -78.74291299964929,
            38.56839400017322
          ],
          [
            -78.74314600017611,
            38.5677209997874
          ],
          [
            -78.74342999985822,
            38.56685100010225
          ],
          [
            -78.7435620001027,
            38.56643200004
          ],
          [
            -78.74370100001987,
            38.566037000102725
          ],
          [
            -78.74439999980372,
            38.563784999908215
          ],
          [
            -78.7445129997816,
            38.56339999967631
          ],
          [
            -78.74457899990387,
            38.56317300018763
          ],
          [
            -78.74474600030842,
            38.56265199975161
          ],
          [
            -78.74506699980049,
            38.56159300004884
          ],
          [
            -78.74516399988487,
            38.56128600002659
          ],
          [
            -78.74526400034229,
            38.560916000231735
          ],
          [
            -78.74541999997791,
            38.56044900027178
          ],
          [
            -78.74580800031542,
            38.55945199993394
          ],
          [
            -78.7459139997223,
            38.55922300004091
          ],
          [
            -78.74598900006538,
            38.55906200032049
          ],
          [
            -78.74644199980192,
            38.5581860000557
          ],
          [
            -78.74670600029087,
            38.557695999801645
          ],
          [
            -78.74693999974428,
            38.557287999719534
          ],
          [
            -78.74729100027187,
            38.55671900008046
          ],
          [
            -78.74761299958882,
            38.556231000323216
          ],
          [
            -78.74787999955254,
            38.5558480003412
          ],
          [
            -78.74829499965422,
            38.55529899970057
          ],
          [
            -78.74865500040265,
            38.55483500012535
          ],
          [
            -78.7488910004042,
            38.55455499978059
          ],
          [
            -78.74936000003426,
            38.554021000314975
          ],
          [
            -78.75015799955229,
            38.55318099984563
          ],
          [
            -78.75059299974546,
            38.55274099993132
          ],
          [
            -78.75157100008687,
            38.55175100011388
          ],
          [
            -78.75203200021932,
            38.551285000022844
          ],
          [
            -78.75279200010252,
            38.55052499976867
          ],
          [
            -78.7535729999021,
            38.54972900019978
          ],
          [
            -78.75485900021506,
            38.54843599988918
          ],
          [
            -78.755593000159,
            38.54768399981902
          ],
          [
            -78.75670200002163,
            38.54658199988251
          ],
          [
            -78.75744400036149,
            38.54582499982433
          ],
          [
            -78.75772800004361,
            38.545526000237196
          ],
          [
            -78.75788600022737,
            38.54535899996899
          ],
          [
            -78.75951899997166,
            38.5437410001224
          ],
          [
            -78.76197500024664,
            38.541262999814826
          ],
          [
            -78.7621750002632,
            38.541062000029896
          ],
          [
            -78.7627109998404,
            38.54051300031383
          ],
          [
            -78.76323700027018,
            38.539995000330755
          ],
          [
            -78.76366700044049,
            38.53955599968993
          ],
          [
            -78.76381399985527,
            38.5394060000876
          ],
          [
            -78.76458499960911,
            38.53862800023269
          ],
          [
            -78.76543200042926,
            38.537782999691906
          ],
          [
            -78.76619200031244,
            38.536989000107596
          ],
          [
            -78.76679099963884,
            38.53633499970852
          ],
          [
            -78.76755399989509,
            38.535448000300434
          ],
          [
            -78.76808500034772,
            38.534779000341395
          ],
          [
            -78.76847100013711,
            38.53427800010463
          ],
          [
            -78.76893899994226,
            38.53363599967058
          ],
          [
            -78.76929999961727,
            38.53311600015676
          ],
          [
            -78.76991300008571,
            38.532168999837346
          ],
          [
            -78.77063500033407,
            38.53095999981268
          ],
          [
            -78.77096900024489,
            38.53038199994974
          ],
          [
            -78.77236900036068,
            38.52796300032569
          ],
          [
            -78.77274599992923,
            38.527297999760215
          ],
          [
            -78.77294500012087,
            38.52695600034933
          ],
          [
            -78.77368200043783,
            38.525687000222284
          ],
          [
            -78.77388599975403,
            38.52532799989814
          ],
          [
            -78.77436699997797,
            38.524507000133056
          ],
          [
            -78.77653299982471,
            38.52077300032974
          ],
          [
            -78.77696499964486,
            38.52002699999969
          ],
          [
            -78.77826900039949,
            38.51777500023909
          ],
          [
            -78.77891999960443,
            38.516658999974524
          ],
          [
            -78.77909100020696,
            38.51635499984153
          ],
          [
            -78.78072499977615,
            38.5135410002186
          ],
          [
            -78.78094999990707,
            38.513160999911605
          ],
          [
            -78.78103399957264,
            38.51301100010771
          ],
          [
            -78.78133800024457,
            38.51251099967588
          ],
          [
            -78.78150899994881,
            38.51224299981447
          ],
          [
            -78.78186999962382,
            38.511708000158045
          ],
          [
            -78.78214199961039,
            38.51131500024533
          ],
          [
            -78.78253999999365,
            38.51075799991219
          ],
          [
            -78.78259500024524,
            38.510684999826836
          ],
          [
            -78.78312400014975,
            38.50998700007828
          ],
          [
            -78.783262000242,
            38.50982000025821
          ],
          [
            -78.78341700005271,
            38.50962000007344
          ],
          [
            -78.7842559995786,
            38.508623000123364
          ],
          [
            -78.78458100016695,
            38.50826100026696
          ],
          [
            -78.78495500026075,
            38.50786000022208
          ],
          [
            -78.78523399992001,
            38.507561999913385
          ],
          [
            -78.7855779998766,
            38.507209000325204
          ],
          [
            -78.78617700010132,
            38.50661399973148
          ],
          [
            -78.78673000029526,
            38.50608900016989
          ],
          [
            -78.78690900039543,
            38.505932999835686
          ],
          [
            -78.78736799997974,
            38.5055130001764
          ],
          [
            -78.78769799969261,
            38.505228000167456
          ],
          [
            -78.7885060001547,
            38.504556999772554
          ],
          [
            -78.78890199998982,
            38.504240000215134
          ],
          [
            -78.78910000035654,
            38.504076000078264
          ],
          [
            -78.79098199962286,
            38.50256400020466
          ],
          [
            -78.79130300001323,
            38.50230099965977
          ],
          [
            -78.79425300003263,
            38.499934000048675
          ],
          [
            -78.79470800031729,
            38.49955900031825
          ],
          [
            -78.7950969995814,
            38.499246999847664
          ],
          [
            -78.79578399966965,
            38.49866500021194
          ],
          [
            -78.79650699974292,
            38.49803200029975
          ],
          [
            -78.79706900015772,
            38.49752399987224
          ],
          [
            -78.79759100038955,
            38.49703599996857
          ],
          [
            -78.79849299966465,
            38.496165000302554
          ],
          [
            -78.7991939999966,
            38.495453000138674
          ],
          [
            -78.80003000004777,
            38.494590999762494
          ],
          [
            -78.80022500004144,
            38.494392999743056
          ],
          [
            -78.80067699995307,
            38.49392099990245
          ],
          [
            -78.80129399972112,
            38.49328799978739
          ],
          [
            -78.8014610001257,
            38.49310999997722
          ],
          [
            -78.80168799990643,
            38.49287999999791
          ],
          [
            -78.80209200013746,
            38.49245399988207
          ],
          [
            -78.80234900005541,
            38.492194999653286
          ],
          [
            -78.80312999985502,
            38.491387000169695
          ],
          [
            -78.80353900010893,
            38.4909710000975
          ],
          [
            -78.80391200037784,
            38.49057999990034
          ],
          [
            -78.80423700006784,
            38.49024900010177
          ],
          [
            -78.80456299958276,
            38.48989699988406
          ],
          [
            -78.80517900042423,
            38.48925199989281
          ],
          [
            -78.80609800031607,
            38.48830100028741
          ],
          [
            -78.8067760001835,
            38.48758500023769
          ],
          [
            -78.80715100010222,
            38.487169000013246
          ],
          [
            -78.80737299986006,
            38.48690700010658
          ],
          [
            -78.80798100030563,
            38.48617599967843
          ],
          [
            -78.8083600004223,
            38.48565900017618
          ],
          [
            -78.80863800025665,
            38.48525499972858
          ],
          [
            -78.80882999987726,
            38.48496300032046
          ],
          [
            -78.80901900002317,
            38.48466199974764
          ],
          [
            -78.80919599957517,
            38.484366000350526
          ],
          [
            -78.8094220004293,
            38.48396899989668
          ],
          [
            -78.80957499969185,
            38.483682999801594
          ],
          [
            -78.80974600029438,
            38.48336100011155
          ],
          [
            -78.81013600028173,
            38.48254299982378
          ],
          [
            -78.81040300024542,
            38.48191500010316
          ],
          [
            -78.81054100033766,
            38.48155500025943
          ],
          [
            -78.81058099962233,
            38.48144899988468
          ],
          [
            -78.81086799967753,
            38.48064600003595
          ],
          [
            -78.81186100008753,
            38.47778299965697
          ],
          [
            -78.8120130004235,
            38.47736599979654
          ],
          [
            -78.81213600044714,
            38.47704800011835
          ],
          [
            -78.81235499983194,
            38.47652699970814
          ],
          [
            -78.81259599985636,
            38.47600599975227
          ],
          [
            -78.81274599964418,
            38.47570000023269
          ],
          [
            -78.81295300023174,
            38.475298000324095
          ],
          [
            -78.81312200028613,
            38.47498799969299
          ],
          [
            -78.81334599969381,
            38.47459399980757
          ],
          [
            -78.81370600044224,
            38.4739989998907
          ],
          [
            -78.81408800003366,
            38.47341199989127
          ],
          [
            -78.8145700000825,
            38.47274400021127
          ],
          [
            -78.81493499995548,
            38.472273000027826
          ],
          [
            -78.81530400002643,
            38.471816000252176
          ],
          [
            -78.81553900020307,
            38.47154000007892
          ],
          [
            -78.81585899987022,
            38.47117600003919
          ],
          [
            -78.81721499960507,
            38.46968599967945
          ],
          [
            -78.81821200021304,
            38.4685899998621
          ],
          [
            -78.82128000023322,
            38.465209000340586
          ],
          [
            -78.82372399991432,
            38.462515999710675
          ],
          [
            -78.82439900030701,
            38.46179100025277
          ],
          [
            -78.82460400034644,
            38.46158700012481
          ],
          [
            -78.82496199964841,
            38.46123100034016
          ],
          [
            -78.82523199998515,
            38.460973000002774
          ],
          [
            -78.82568499972167,
            38.460562999661995
          ],
          [
            -78.8257349999504,
            38.46051899972029
          ],
          [
            -78.83391800001182,
            38.45335199978462
          ]
        ]
      }
    },
    {
      "type": "Feature",
      "properties": {
        "name": "I-81",
        "tier": 1,
        "highway_class": "major"
      },
      "geometry": {
        "type": "LineString",
        "coordinates": [
          [
            -78.914167999687,
            38.390026000240766
          ],
          [
            -78.91413599989994,
            38.39009000017091
          ],
          [
            -78.91404300001352,
            38.39027699981839
          ],
          [
            -78.91383499960105,
            38.39069900001704
          ],
          [
            -78.91368700036138,
            38.39100299987216
          ],
          [
            -78.91350200041346,
            38.391378999907644
          ],
          [
            -78.91340699997889,
            38.391572999764335
          ],
          [
            -78.91333500000886,
            38.39171900027135
          ],
          [
            -78.91313599981723,
            38.392126999864935
          ],
          [
            -78.9128300003938,
            38.392746999913676
          ],
          [
            -78.91238000013202,
            38.39366500013665
          ],
          [
            -78.91182500028823,
            38.39479300002363
          ],
          [
            -78.91157699969278,
            38.39530400028244
          ],
          [
            -78.9114379997756,
            38.39558499998933
          ],
          [
            -78.91127700011714,
            38.395920999913955
          ],
          [
            -78.91122000021572,
            38.39603400022081
          ],
          [
            -78.91112899997914,
            38.39622199972317
          ],
          [
            -78.91093300016054,
            38.39662100025658
          ],
          [
            -78.9108240003806,
            38.39684100013123
          ],
          [
            -78.91057599978518,
            38.39734799969972
          ],
          [
            -78.91022299960777,
            38.398066000055636
          ],
          [
            -78.91005199990353,
            38.39840899977863
          ],
          [
            -78.9099079999635,
            38.39868500016392
          ],
          [
            -78.90975099960467,
            38.39897399981557
          ],
          [
            -78.90965500024349,
            38.39914899983474
          ],
          [
            -78.90946000024982,
            38.399483000002945
          ],
          [
            -78.90933600040127,
            38.399688999737755
          ],
          [
            -78.90907799976009,
            38.40009999987433
          ],
          [
            -78.90888199994153,
            38.40039499969318
          ],
          [
            -78.90862699967339,
            38.400765999682115
          ],
          [
            -78.90849199995418,
            38.40095499992735
          ],
          [
            -78.9083460003643,
            38.40115500026708
          ],
          [
            -78.9081839999826,
            38.401369000313444
          ],
          [
            -78.90790100012538,
            38.40172899973185
          ],
          [
            -78.90784199967582,
            38.40180200032811
          ],
          [
            -78.90759300015381,
            38.40210700032436
          ],
          [
            -78.90752500038175,
            38.40218700023727
          ],
          [
            -78.90743699961988,
            38.40228700017988
          ],
          [
            -78.90730299972557,
            38.40244300020837
          ],
          [
            -78.90709299966329,
            38.40267899997261
          ],
          [
            -78.90698300005845,
            38.40280099991251
          ],
          [
            -78.90657200015471,
            38.40323900011197
          ],
          [
            -78.90639300005456,
            38.40342299992483
          ],
          [
            -78.90608300043316,
            38.40373200006418
          ],
          [
            -78.90593000027229,
            38.40387799995295
          ],
          [
            -78.90588599989135,
            38.403919999962774
          ],
          [
            -78.90564200039219,
            38.404151000284514
          ],
          [
            -78.9054950000791,
            38.40428500029432
          ],
          [
            -78.90534500029129,
            38.40442200033647
          ],
          [
            -78.90532100000183,
            38.4044430001864
          ],
          [
            -78.90509000002315,
            38.40464600029814
          ],
          [
            -78.90480899981576,
            38.404889999667574
          ],
          [
            -78.90452099993567,
            38.405129999755566
          ],
          [
            -78.90422600038289,
            38.405363999971534
          ],
          [
            -78.90401299994755,
            38.40553100032126
          ],
          [
            -78.90392900028196,
            38.40559600021392
          ],
          [
            -78.90362200013531,
            38.40582900002034
          ],
          [
            -78.90322299992714,
            38.406116000066696
          ],
          [
            -78.90277600003839,
            38.406426999853124
          ],
          [
            -78.9024880001583,
            38.40662100016029
          ],
          [
            -78.9021569997222,
            38.40683599980521
          ],
          [
            -78.90183000038235,
            38.40704199970323
          ],
          [
            -78.9014959995732,
            38.40724599984365
          ],
          [
            -78.90116400021049,
            38.40744399980195
          ],
          [
            -78.90082199990373,
            38.40763899977463
          ],
          [
            -78.90048200014509,
            38.407827000069574
          ],
          [
            -78.90012099957175,
            38.40801999985985
          ],
          [
            -78.89976800029268,
            38.408202999896204
          ],
          [
            -78.89906799978561,
            38.408560999931254
          ],
          [
            -78.89871700015634,
            38.40874200017254
          ],
          [
            -78.89721599975822,
            38.409518999721755
          ],
          [
            -78.89652299982217,
            38.40987400022229
          ],
          [
            -78.89474299976479,
            38.410791000227775
          ],
          [
            -78.89407699959291,
            38.41113599987013
          ],
          [
            -78.89285499975237,
            38.411762999673336
          ],
          [
            -78.89252800041251,
            38.411932999986966
          ],
          [
            -78.89215599996854,
            38.41212700029507
          ],
          [
            -78.89094699964846,
            38.412748000075986
          ],
          [
            -78.89066399979124,
            38.41289299984114
          ],
          [
            -78.88998000007604,
            38.413264999936814
          ],
          [
            -78.88939699974485,
            38.4136080000347
          ],
          [
            -78.88930399985843,
            38.413662000314204
          ],
          [
            -78.88886399964238,
            38.41394100005973
          ],
          [
            -78.88846299978438,
            38.41420900012783
          ],
          [
            -78.88837099972287,
            38.41427200027791
          ],
          [
            -78.88809999956122,
            38.41446400026243
          ],
          [
            -78.88801000004786,
            38.41452899986299
          ],
          [
            -78.88783299959753,
            38.41465900029638
          ],
          [
            -78.88765699987043,
            38.41479200034614
          ],
          [
            -78.88739800030267,
            38.41499299988262
          ],
          [
            -78.88714300003453,
            38.4151989997553
          ],
          [
            -78.88685699980427,
            38.41544199991952
          ],
          [
            -78.88657599959687,
            38.41568700031491
          ],
          [
            -78.88621499992185,
            38.41601800027662
          ],
          [
            -78.88601800027836,
            38.416212000174454
          ],
          [
            -78.88578200027682,
            38.41644500024122
          ],
          [
            -78.88558800010804,
            38.41664399978785
          ],
          [
            -78.88544699964274,
            38.4167959998717
          ],
          [
            -78.88521499983914,
            38.41705200017902
          ],
          [
            -78.88503800028712,
            38.417256000214415
          ],
          [
            -78.88482400002688,
            38.41751500003661
          ],
          [
            -78.88459399987312,
            38.417799999838635
          ],
          [
            -78.8844790002454,
            38.41794500002254
          ],
          [
            -78.88424400006876,
            38.4182429999091
          ],
          [
            -78.88419200019023,
            38.41831100003695
          ],
          [
            -78.88411799967206,
            38.4184079997876
          ],
          [
            -78.88408400023519,
            38.418452000066935
          ],
          [
            -78.883937999747,
            38.418639000251204
          ],
          [
            -78.88362999977542,
            38.41903800020796
          ],
          [
            -78.88343499978176,
            38.41928399979223
          ],
          [
            -78.88321200019901,
            38.41957200000915
          ],
          [
            -78.88289099980864,
            38.41998299968656
          ],
          [
            -78.88270300038597,
            38.4202249998378
          ],
          [
            -78.88247900007998,
            38.42051000020946
          ],
          [
            -78.88227200039076,
            38.42077699973753
          ],
          [
            -78.88202399979532,
            38.421093999648754
          ],
          [
            -78.88186899998462,
            38.421293999856104
          ],
          [
            -78.88144600038531,
            38.421833999690904
          ],
          [
            -78.88112300034513,
            38.42225000027759
          ],
          [
            -78.88090400006202,
            38.42252799985858
          ],
          [
            -78.88015900024745,
            38.42348600026353
          ],
          [
            -78.8795869997869,
            38.424241999887926
          ],
          [
            -78.87895300030043,
            38.42505699976471
          ],
          [
            -78.87883299975151,
            38.42521199986186
          ],
          [
            -78.87834599967977,
            38.425833999802634
          ],
          [
            -78.87800699974605,
            38.426269999685836
          ],
          [
            -78.87765199991883,
            38.42672200006578
          ],
          [
            -78.87713800008294,
            38.42738300008368
          ],
          [
            -78.8767139997604,
            38.427902000074745
          ],
          [
            -78.87642300040558,
            38.42827300029753
          ],
          [
            -78.87579200039382,
            38.429084999764115
          ],
          [
            -78.87546900035362,
            38.429494000239295
          ],
          [
            -78.87527400035995,
            38.429741000080526
          ],
          [
            -78.87512500039703,
            38.42991900011468
          ],
          [
            -78.8750590002748,
            38.42999800022647
          ],
          [
            -78.87490299974087,
            38.43017700030251
          ],
          [
            -78.87473000038682,
            38.43036900023684
          ],
          [
            -78.87446599989786,
            38.430646000268744
          ],
          [
            -78.87420499978197,
            38.43090999973959
          ],
          [
            -78.87393899964317,
            38.431165999989254
          ],
          [
            -78.87361899997605,
            38.431452000069015
          ],
          [
            -78.87324599970714,
            38.43175800012527
          ],
          [
            -78.87316399969139,
            38.431823000349645
          ],
          [
            -78.87305200043669,
            38.43191199996658
          ],
          [
            -78.87272400037364,
            38.43216399970215
          ],
          [
            -78.87235399957946,
            38.43242200031306
          ],
          [
            -78.87200600032324,
            38.432658999914516
          ],
          [
            -78.8717710001466,
            38.43280700033406
          ],
          [
            -78.87153599996996,
            38.432954999746535
          ],
          [
            -78.87109699957881,
            38.43321500020499
          ],
          [
            -78.87055199978079,
            38.43350900001769
          ],
          [
            -78.87016299961834,
            38.4337040000086
          ],
          [
            -78.86974099984394,
            38.43390100001676
          ],
          [
            -78.86942399965154,
            38.434040000034855
          ],
          [
            -78.86915800041108,
            38.434151999930705
          ],
          [
            -78.86868800005779,
            38.434336999748865
          ],
          [
            -78.86834599975103,
            38.434460000331676
          ],
          [
            -78.86808700018327,
            38.434550000127686
          ],
          [
            -78.86802100006102,
            38.43457400010125
          ],
          [
            -78.86774999989937,
            38.434662999845635
          ],
          [
            -78.86736699958473,
            38.43477999972216
          ],
          [
            -78.86712499973538,
            38.43484799976175
          ],
          [
            -78.86698900019127,
            38.4348859997353
          ],
          [
            -78.86672999972518,
            38.43495399967506
          ],
          [
            -78.86646100011168,
            38.435022000254385
          ],
          [
            -78.86613499969843,
            38.435097999998284
          ],
          [
            -78.86590100024502,
            38.43514700017963
          ],
          [
            -78.86562599988541,
            38.43520400024822
          ],
          [
            -78.86530000037048,
            38.4352659997779
          ],
          [
            -78.86495499969067,
            38.43532099995172
          ],
          [
            -78.86467600003141,
            38.4353639998793
          ],
          [
            -78.86428400039425,
            38.435418000079345
          ],
          [
            -78.86373000037538,
            38.43547699973053
          ],
          [
            -78.86344099977207,
            38.43550299989545
          ],
          [
            -78.86288099990541,
            38.435543000022605
          ],
          [
            -78.86260200024616,
            38.435556999991526
          ],
          [
            -78.86251600003243,
            38.435558999785805
          ],
          [
            -78.86218200012159,
            38.43556900016375
          ],
          [
            -78.86176399964684,
            38.43557799993979
          ],
          [
            -78.86022799998692,
            38.435595000295535
          ],
          [
            -78.85967200031824,
            38.4356020002753
          ],
          [
            -78.85929800022443,
            38.43561999981802
          ],
          [
            -78.85886300003125,
            38.43564500003552
          ],
          [
            -78.85823700004235,
            38.435684000188665
          ],
          [
            -78.85803000035312,
            38.43569999992062
          ],
          [
            -78.85786899979632,
            38.43571499975403
          ],
          [
            -78.85758000009133,
            38.43574400022066
          ],
          [
            -78.85734800028773,
            38.43577299997202
          ],
          [
            -78.85709100036979,
            38.43580699988402
          ],
          [
            -78.85685799984297,
            38.43584199967323
          ],
          [
            -78.85677300035246,
            38.43585299990503
          ],
          [
            -78.856232999679,
            38.43594700034637
          ],
          [
            -78.85609399976182,
            38.435973000342024
          ],
          [
            -78.85577400009467,
            38.43603599980551
          ],
          [
            -78.85538599975715,
            38.436122000190686
          ],
          [
            -78.85489399966258,
            38.436242000180506
          ],
          [
            -78.8548049999741,
            38.436264999704285
          ],
          [
            -78.8546789995774,
            38.436299000088255
          ],
          [
            -78.85458300021625,
            38.43632699973015
          ],
          [
            -78.8544109997888,
            38.43637800025624
          ],
          [
            -78.85427900044265,
            38.43640400009668
          ],
          [
            -78.85416899993947,
            38.436428000157605
          ],
          [
            -78.85412399973363,
            38.43644000018506
          ],
          [
            -78.85381199956409,
            38.43653800010014
          ],
          [
            -78.85362300031653,
            38.43659900000884
          ],
          [
            -78.853459000285,
            38.436652999988816
          ],
          [
            -78.85332200001764,
            38.43670000005578
          ],
          [
            -78.85276999964859,
            38.43690300030792
          ],
          [
            -78.85256999963205,
            38.43698199981502
          ],
          [
            -78.85221900000278,
            38.437128999941436
          ],
          [
            -78.85187199967314,
            38.43727900009216
          ],
          [
            -78.85181700031987,
            38.43730500031177
          ],
          [
            -78.85158399979305,
            38.43742399987126
          ],
          [
            -78.85121899992005,
            38.437612000058685
          ],
          [
            -78.85113400042958,
            38.43765800033692
          ],
          [
            -78.85106199956122,
            38.43769499966753
          ],
          [
            -78.85092799966694,
            38.43776500021292
          ],
          [
            -78.8508470003744,
            38.4378089999581
          ],
          [
            -78.85067999996981,
            38.43789799993637
          ],
          [
            -78.8505030004178,
            38.4379959999832
          ],
          [
            -78.85041499965594,
            38.43803899972478
          ],
          [
            -78.85027699956368,
            38.43811300008743
          ],
          [
            -78.85009099979084,
            38.43822300027708
          ],
          [
            -78.84976799975065,
            38.43842400004996
          ],
          [
            -78.84944499971047,
            38.43863499992009
          ],
          [
            -78.84902999960877,
            38.43892599992296
          ],
          [
            -78.84869400004811,
            38.4391760001106
          ],
          [
            -78.84838100005366,
            38.43944499997595
          ],
          [
            -78.84802100020356,
            38.439754999989994
          ],
          [
            -78.84792300029424,
            38.439838999787256
          ],
          [
            -78.8478839999362,
            38.43987299989517
          ],
          [
            -78.84784700012628,
            38.43990399977269
          ],
          [
            -78.84751099966729,
            38.4402149997591
          ],
          [
            -78.8471449999694,
            38.44057899984219
          ],
          [
            -78.84700100002937,
            38.44071900019726
          ],
          [
            -78.84683000032513,
            38.44088700026495
          ],
          [
            -78.8466100002171,
            38.44110599994197
          ],
          [
            -78.84581099997585,
            38.44193099966024
          ],
          [
            -78.8450539995674,
            38.442716999948885
          ],
          [
            -78.84471800000672,
            38.44306400007952
          ],
          [
            -78.8444760001574,
            38.44331199972448
          ],
          [
            -78.8441320002008,
            38.44367000025676
          ],
          [
            -78.84407799977414,
            38.44372499965641
          ],
          [
            -78.84362000001472,
            38.44419400026713
          ],
          [
            -78.84344400028763,
            38.44437799990545
          ],
          [
            -78.84319099966933,
            38.44463800003228
          ],
          [
            -78.84295399984288,
            38.44488500012957
          ],
          [
            -78.84279300018437,
            38.445050000350236
          ],
          [
            -78.8424480004029,
            38.44540800000093
          ],
          [
            -78.84226400027988,
            38.445592999820185
          ],
          [
            -78.84159700028309,
            38.44628700030857
          ],
          [
            -78.84065900012467,
            38.447253999723
          ],
          [
            -78.84023099960417,
            38.447691000148346
          ],
          [
            -78.839514000277,
            38.44841700032259
          ],
          [
            -78.83926599968157,
            38.44866200001514
          ],
          [
            -78.83902499965716,
            38.44890200031451
          ],
          [
            -78.83859000036229,
            38.44932699991242
          ],
          [
            -78.83832699969825,
            38.44957999976739
          ],
          [
            -78.83787599961154,
            38.45001700017777
          ],
          [
            -78.83744899981426,
            38.450420999695226
          ],
          [
            -78.83716699978199,
            38.45068599970534
          ],
          [
            -78.83684999958956,
            38.450978999735796
          ],
          [
            -78.83675400022842,
            38.45107300017778
          ],
          [
            -78.83658099997604,
            38.451230000066644
          ],
          [
            -78.83631400001235,
            38.45147799979108
          ],
          [
            -78.83620299968428,
            38.451579000123964
          ],
          [
            -78.83593999991855,
            38.45181800019523
          ],
          [
            -78.83573400005422,
            38.4520029997628
          ],
          [
            -78.83548100033423,
            38.452235000063595
          ],
          [
            -78.83528799999038,
            38.45240799978415
          ],
          [
            -78.83508299995097,
            38.452588999897664
          ],
          [
            -78.83495200042972,
            38.45270899994807
          ],
          [
            -78.83470700020733,
            38.4529180002511
          ],
          [
            -78.83465199995575,
            38.45296599993564
          ],
          [
            -78.83424400042506,
            38.453329999728425
          ],
          [
            -78.83399099980676,
            38.453551000339814
          ]
        ]
      }
    },
    {
      "type": "Feature",
      "properties": {
        "name": "I-81",
        "tier": 1,
        "highway_class": "major"
      },
      "geometry": {
        "type": "LineString",
        "coordinates": [
          [
            -78.32191700006257,
            39.00371800019545
          ],
          [
            -78.32210200001047,
            39.00375700012223
          ],
          [
            -78.32224099992766,
            39.0037770002553
          ],
          [
            -78.32315700034478,
            39.003930999694695
          ],
          [
            -78.32407600023663,
            39.004125000270115
          ],
          [
            -78.32453700036908,
            39.00424200001095
          ],
          [
            -78.32528700020652,
            39.004441000068404
          ],
          [
            -78.32575699966148,
            39.00458700019653
          ],
          [
            -78.32626800002267,
            39.00475000025135
          ],
          [
            -78.32708099960928,
            39.005044000304196
          ],
          [
            -78.3292070001714,
            39.00586000026046
          ],
          [
            -78.33180400001338,
            39.00685700004048
          ],
          [
            -78.3324529995685,
            39.00713200014408
          ],
          [
            -78.33335700029005,
            39.00751999995937
          ],
          [
            -78.33413999973946,
            39.00782899995588
          ],
          [
            -78.33437200044136,
            39.00791900021611
          ],
          [
            -78.33488499955405,
            39.008118999996576
          ],
          [
            -78.33636400021086,
            39.008697000127256
          ],
          [
            -78.33675599984802,
            39.008849999740804
          ],
          [
            -78.33873099989908,
            39.009622000339164
          ],
          [
            -78.34072199984367,
            39.01040200019097
          ],
          [
            -78.34081499973007,
            39.0104379998369
          ],
          [
            -78.34506500030616,
            39.01210300008332
          ],
          [
            -78.34848999980339,
            39.013436999718216
          ],
          [
            -78.35036600012025,
            39.014168000338564
          ],
          [
            -78.35142200027946,
            39.014473999994166
          ],
          [
            -78.35214700000253,
            39.01462499996816
          ],
          [
            -78.35293000035026,
            39.01473899988748
          ],
          [
            -78.35387400035647,
            39.014814000230075
          ],
          [
            -78.35460499992736,
            39.0148210002301
          ],
          [
            -78.35552399981921,
            39.01479000032456
          ],
          [
            -78.35618499996819,
            39.01471000034792
          ],
          [
            -78.35620400023478,
            39.01470699974499
          ],
          [
            -78.3569380001787,
            39.014588999661605
          ],
          [
            -78.35770200025986,
            39.01442000011012
          ],
          [
            -78.35839000017303,
            39.01422100020726
          ],
          [
            -78.35887999971948,
            39.014027000099546
          ],
          [
            -78.35930800023995,
            39.0138419999833
          ],
          [
            -78.36097699996927,
            39.01307100030141
          ],
          [
            -78.36099200003787,
            39.01306199967973
          ],
          [
            -78.36106800020586,
            39.0130300001744
          ],
          [
            -78.3618730002949,
            39.0126599998256
          ],
          [
            -78.36255700001011,
            39.01233700020239
          ],
          [
            -78.36379399991928,
            39.011753999985636
          ],
          [
            -78.3644719997867,
            39.01143800004954
          ],
          [
            -78.3684219998888,
            39.00959800006772
          ],
          [
            -78.37203899990499,
            39.007907999740574
          ],
          [
            -78.37273299966593,
            39.007585000054945
          ],
          [
            -78.37333299971556,
            39.007307000097555
          ],
          [
            -78.38316899961276,
            39.00275300013572
          ],
          [
            -78.3836080000039,
            39.00255000012143
          ],
          [
            -78.38425999993206,
            39.0022459998945
          ],
          [
            -78.38582200042957,
            39.00151699969815
          ],
          [
            -78.38860800041743,
            39.000216999889446
          ],
          [
            -78.39407200043816,
            38.99768299968728
          ],
          [
            -78.39568900028893,
            38.996919000178266
          ],
          [
            -78.39757999977607,
            38.99603399978722
          ],
          [
            -78.40232400009656,
            38.993824999948906
          ],
          [
            -78.4025600000981,
            38.99371499973245
          ],
          [
            -78.40366599958772,
            38.99320500023962
          ],
          [
            -78.4045319997761,
            38.9928010003216
          ],
          [
            -78.40481899983128,
            38.99266700017818
          ],
          [
            -78.40597700009775,
            38.99212600005175
          ],
          [
            -78.40713199999115,
            38.99157100026686
          ],
          [
            -78.40754000042016,
            38.991364000259324
          ],
          [
            -78.40798200028603,
            38.99112999988609
          ],
          [
            -78.4087620002607,
            38.9907089998863
          ],
          [
            -78.40935899993728,
            38.990371000082526
          ],
          [
            -78.41014700030789,
            38.989901999823275
          ],
          [
            -78.41129399980535,
            38.98917099980136
          ],
          [
            -78.412041999993,
            38.98866399999447
          ],
          [
            -78.4126610003092,
            38.988227999739266
          ],
          [
            -78.41293400012066,
            38.988024000068506
          ],
          [
            -78.41385300001252,
            38.987337000252204
          ],
          [
            -78.41443299997064,
            38.9868709998279
          ],
          [
            -78.4155140002442,
            38.98594600031424
          ],
          [
            -78.4159490004374,
            38.985560999939864
          ],
          [
            -78.41679800000905,
            38.98475299991248
          ],
          [
            -78.41750199981573,
            38.98404900016216
          ],
          [
            -78.41842300025571,
            38.98305899986315
          ],
          [
            -78.41908699987945,
            38.982279000224466
          ],
          [
            -78.41925599993385,
            38.982067999721956
          ],
          [
            -78.42259299956756,
            38.9779070000591
          ],
          [
            -78.42339600000676,
            38.97695399973247
          ],
          [
            -78.4239340001321,
            38.97633200020918
          ],
          [
            -78.42514000007913,
            38.975015999773106
          ],
          [
            -78.42638000036135,
            38.97371499985978
          ],
          [
            -78.42701999969563,
            38.97308599988427
          ],
          [
            -78.42800399988481,
            38.972118000155774
          ],
          [
            -78.42930799974113,
            38.970918999990296
          ],
          [
            -78.4301010001346,
            38.970210000317834
          ],
          [
            -78.43048399955093,
            38.96988500009839
          ],
          [
            -78.43165799971091,
            38.96888799976144
          ],
          [
            -78.43250499963274,
            38.96819400032109
          ],
          [
            -78.43339500011058,
            38.96749299987614
          ],
          [
            -78.43453300028555,
            38.9666230003077
          ],
          [
            -78.43544899980435,
            38.96594799978437
          ],
          [
            -78.43623899982478,
            38.965379000121175
          ],
          [
            -78.43674400033817,
            38.9650289998614
          ],
          [
            -78.43996100032125,
            38.96275999970357
          ],
          [
            -78.44603700008716,
            38.958479000040235
          ],
          [
            -78.450510000246,
            38.95531600005182
          ],
          [
            -78.45080999982164,
            38.95510399990448
          ],
          [
            -78.45160499986494,
            38.95454200014872
          ],
          [
            -78.45196999973791,
            38.95428000013652
          ],
          [
            -78.45213799996742,
            38.95416799993709
          ],
          [
            -78.45282900025364,
            38.953663000326365
          ],
          [
            -78.4530109998285,
            38.95352999982885
          ],
          [
            -78.45401599993409,
            38.95277599985359
          ],
          [
            -78.45484100011461,
            38.95211099982052
          ],
          [
            -78.45537099984404,
            38.951698000108
          ],
          [
            -78.4563600000561,
            38.95088799993535
          ],
          [
            -78.45751999997236,
            38.94989599982319
          ],
          [
            -78.458705000003,
            38.94888200006473
          ],
          [
            -78.45999899981356,
            38.94776199981772
          ],
          [
            -78.46190100006969,
            38.94611700025234
          ],
          [
            -78.46286199979434,
            38.94528499972777
          ],
          [
            -78.46458800032335,
            38.943771999661365
          ],
          [
            -78.46505299975546,
            38.94337199991918
          ],
          [
            -78.4675419996424,
            38.941231000258355
          ],
          [
            -78.46853500005241,
            38.94040100009352
          ],
          [
            -78.46889099970456,
            38.94010600002227
          ],
          [
            -78.47257100036825,
            38.936897999905234
          ],
          [
            -78.47348400041231,
            38.93613599979197
          ],
          [
            -78.47456599961247,
            38.93520800032484
          ],
          [
            -78.47483299957617,
            38.934963000340595
          ],
          [
            -78.47528299983797,
            38.93459699972866
          ],
          [
            -78.47573300009975,
            38.93419000034687
          ],
          [
            -78.47616900011785,
            38.93382899967029
          ],
          [
            -78.47726999958459,
            38.93286300019644
          ],
          [
            -78.47902500042592,
            38.931354999809415
          ],
          [
            -78.48048099971989,
            38.930089999694395
          ],
          [
            -78.48178600029944,
            38.92890900005206
          ],
          [
            -78.48236200005962,
            38.92835400034061
          ],
          [
            -78.48355799996091,
            38.927204000288704
          ],
          [
            -78.48456800008935,
            38.92616799976216
          ],
          [
            -78.4856920000206,
            38.92497100007636
          ],
          [
            -78.4870140003186,
            38.923471999768694
          ],
          [
            -78.4873030000236,
            38.923216000123496
          ],
          [
            -78.48801900042416,
            38.92234899968051
          ],
          [
            -78.48846600031293,
            38.921853000195924
          ],
          [
            -78.48880000022376,
            38.921439000225725
          ],
          [
            -78.48979100008565,
            38.92010000027466
          ],
          [
            -78.49472000035405,
            38.91401900032428
          ],
          [
            -78.49486799959374,
            38.91383600004335
          ],
          [
            -78.49535499966547,
            38.913211000067605
          ],
          [
            -78.49633800002974,
            38.91200200032233
          ],
          [
            -78.49682400027655,
            38.911404999938
          ],
          [
            -78.49831899992856,
            38.90960400003088
          ],
          [
            -78.4991230001927,
            38.90865899996211
          ],
          [
            -78.50015300041262,
            38.90749499989739
          ],
          [
            -78.50125499970427,
            38.90628999989811
          ],
          [
            -78.50182600033989,
            38.90568800008933
          ],
          [
            -78.50307699959444,
            38.904421000201175
          ],
          [
            -78.5073969995924,
            38.900225999716554
          ],
          [
            -78.50779800034871,
            38.899835999851504
          ],
          [
            -78.50793200024302,
            38.89970799980895
          ],
          [
            -78.50908700013642,
            38.89858699998774
          ],
          [
            -78.50915499990847,
            38.89852100007901
          ],
          [
            -78.50917400017505,
            38.898502000030376
          ],
          [
            -78.50967899979013,
            38.89801200018409
          ],
          [
            -78.51105299996665,
            38.89662799991206
          ],
          [
            -78.51274500016046,
            38.894819999894814
          ],
          [
            -78.51362200021953,
            38.89382499988601
          ],
          [
            -78.51401399985669,
            38.893379000293145
          ],
          [
            -78.51443800017923,
            38.892869999900476
          ],
          [
            -78.51477399973989,
            38.89246700030169
          ],
          [
            -78.51667299962297,
            38.89005199973112
          ],
          [
            -78.51754399983423,
            38.88880899978774
          ],
          [
            -78.51757300014656,
            38.88876699985471
          ],
          [
            -78.51776200029244,
            38.88848800001894
          ],
          [
            -78.518695000428,
            38.88710799976905
          ],
          [
            -78.51872100036726,
            38.887068000041005
          ],
          [
            -78.51904699988219,
            38.88656699987876
          ],
          [
            -78.51938300034116,
            38.88606399983913
          ],
          [
            -78.51959500005327,
            38.885703999681596
          ],
          [
            -78.51973099959741,
            38.885472999785144
          ],
          [
            -78.52026600024801,
            38.884604999880956
          ],
          [
            -78.52176699974783,
            38.881886999863404
          ],
          [
            -78.52254300042286,
            38.88043400013865
          ],
          [
            -78.52330499995587,
            38.87903599974732
          ],
          [
            -78.52353599993455,
            38.87861200016556
          ],
          [
            -78.52407999990767,
            38.877614000288816
          ],
          [
            -78.52425499980986,
            38.87730199998262
          ],
          [
            -78.524658000216,
            38.87658500012652
          ],
          [
            -78.52556299986414,
            38.874900999688066
          ],
          [
            -78.52655899974889,
            38.87311199971804
          ],
          [
            -78.52665599983327,
            38.872937999856774
          ],
          [
            -78.52716499964629,
            38.87193600025249
          ],
          [
            -78.52754700013602,
            38.87123600020843
          ],
          [
            -78.5275959996415,
            38.8711399996609
          ],
          [
            -78.52790399961309,
            38.87054399997525
          ],
          [
            -78.52825799961542,
            38.869949000335204
          ],
          [
            -78.5288479996193,
            38.8688939996962
          ],
          [
            -78.5301430001531,
            38.86651100005513
          ],
          [
            -78.53087999957177,
            38.865123000019565
          ],
          [
            -78.53111200027367,
            38.864703999676436
          ],
          [
            -78.53166700011745,
            38.86370200011568
          ],
          [
            -78.53242899965045,
            38.862338000305115
          ],
          [
            -78.53268899994144,
            38.86190099985227
          ],
          [
            -78.53271200040601,
            38.86186299974679
          ],
          [
            -78.53309900002029,
            38.861203000160636
          ],
          [
            -78.53317699983809,
            38.861082999832064
          ],
          [
            -78.53375199977336,
            38.860206000247615
          ],
          [
            -78.53485499978822,
            38.85864199975339
          ],
          [
            -78.53584099962721,
            38.85743499993557
          ],
          [
            -78.53644300022499,
            38.85677699978839
          ],
          [
            -78.53724900013894,
            38.855946000011876
          ],
          [
            -78.53778499971615,
            38.8554119997004
          ],
          [
            -78.53813899971847,
            38.85504200020114
          ],
          [
            -78.53877800012614,
            38.854449999936705
          ],
          [
            -78.5402329995952,
            38.85319300009851
          ],
          [
            -78.54125500031755,
            38.85239599982936
          ],
          [
            -78.54243699997512,
            38.85153499965229
          ],
          [
            -78.5433860000042,
            38.85090099965527
          ],
          [
            -78.54416299960583,
            38.85040299975126
          ],
          [
            -78.5449130003416,
            38.84994200032892
          ],
          [
            -78.5453080003518,
            38.8496990000471
          ],
          [
            -78.54548699955365,
            38.849589000032374
          ],
          [
            -78.54782499982784,
            38.84814900011534
          ],
          [
            -78.54878999975045,
            38.84757600022821
          ],
          [
            -78.55339599997868,
            38.84476100002456
          ],
          [
            -78.55549900007625,
            38.84347100004335
          ],
          [
            -78.55679500043497,
            38.84265499970705
          ],
          [
            -78.55803200034414,
            38.84189400023084
          ],
          [
            -78.55956899982895,
            38.8409710002149
          ],
          [
            -78.562429000335,
            38.83921000026554
          ],
          [
            -78.56359900029702,
            38.83847299979397
          ],
          [
            -78.56678299976981,
            38.836527999660504
          ],
          [
            -78.56812299961116,
            38.83571000031708
          ],
          [
            -78.56902599960948,
            38.83515900032305
          ],
          [
            -78.56917100027275,
            38.835070000316314
          ],
          [
            -78.57019899994455,
            38.834411999714355
          ],
          [
            -78.57101499990424,
            38.833910999989016
          ],
          [
            -78.57138099960214,
            38.83368600016744
          ],
          [
            -78.57227100008,
            38.83315599986042
          ],
          [
            -78.57299900017614,
            38.8326580003063
          ],
          [
            -78.57319099979674,
            38.83252699969582
          ],
          [
            -78.57396800029669,
            38.83194600010797
          ],
          [
            -78.57438300039838,
            38.83161699977275
          ],
          [
            -78.57512700038806,
            38.830991999984406
          ],
          [
            -78.57623600025072,
            38.82997799983605
          ],
          [
            -78.57667499974353,
            38.829581999934895
          ],
          [
            -78.5767850002467,
            38.82948199977409
          ],
          [
            -78.57684799999589,
            38.82942600023848
          ],
          [
            -78.57749499990119,
            38.8288409997317
          ],
          [
            -78.57813299958565,
            38.828265000317295
          ],
          [
            -78.5797770000989,
            38.82673600000712
          ],
          [
            -78.57995600019905,
            38.82656899974386
          ],
          [
            -78.58065900018084,
            38.82591399983739
          ],
          [
            -78.58098300004593,
            38.825612000130846
          ],
          [
            -78.58128299962158,
            38.825332000088125
          ],
          [
            -78.58251000038334,
            38.82423199980742
          ],
          [
            -78.58447799986338,
            38.822418000203314
          ],
          [
            -78.58737400035442,
            38.8197929998801
          ],
          [
            -78.5913150002357,
            38.81617300008483
          ],
          [
            -78.5944569998757,
            38.81338799974499
          ],
          [
            -78.59509100026052,
            38.81275799966746
          ],
          [
            -78.59584100009798,
            38.812015000241345
          ],
          [
            -78.59694099973979,
            38.810992000333556
          ],
          [
            -78.5972439996885,
            38.81070500034174
          ],
          [
            -78.59754300033755,
            38.81042100004572
          ],
          [
            -78.59772499991244,
            38.81022899985477
          ],
          [
            -78.59808599958747,
            38.80986399996797
          ],
          [
            -78.59833900020575,
            38.80960700010125
          ],
          [
            -78.5992499997017,
            38.80859600012874
          ],
          [
            -78.5998820004367,
            38.80783400020763
          ],
          [
            -78.60055600010614,
            38.80700899995347
          ],
          [
            -78.60109699970624,
            38.80628199994125
          ],
          [
            -78.60138299993649,
            38.805865000256915
          ],
          [
            -78.60186400016043,
            38.805161000306136
          ],
          [
            -78.60266099985354,
            38.80387199987415
          ],
          [
            -78.60302900009958,
            38.803211999995106
          ],
          [
            -78.60338399992682,
            38.802536000289976
          ],
          [
            -78.60357899992049,
            38.80212499998643
          ],
          [
            -78.60415100038101,
            38.800922000180485
          ],
          [
            -78.60597999994388,
            38.796958000312166
          ],
          [
            -78.6071699999974,
            38.79442000007004
          ],
          [
            -78.60720099995953,
            38.794354999884085
          ],
          [
            -78.6088539997953,
            38.79082599972356
          ],
          [
            -78.60899000023775,
            38.79053899972238
          ],
          [
            -78.61020399968238,
            38.78796400012413
          ],
          [
            -78.61094000017444,
            38.78654700021805
          ],
          [
            -78.61102800003799,
            38.78637699979002
          ],
          [
            -78.61137000034475,
            38.7857180002722
          ],
          [
            -78.61185700041646,
            38.78483999980484
          ],
          [
            -78.61217799990852,
            38.78426199966321
          ],
          [
            -78.61226300029735,
            38.78412499994345
          ],
          [
            -78.61310799967103,
            38.78275400020026
          ],
          [
            -78.6135139995519,
            38.7821240002632
          ],
          [
            -78.61423800034838,
            38.780999000186746
          ],
          [
            -78.6152459999287,
            38.77957299966462
          ],
          [
            -78.61593999968964,
            38.77864199970371
          ],
          [
            -78.61629100021726,
            38.77816900014494
          ],
          [
            -78.61720599991115,
            38.77700299995125
          ],
          [
            -78.6176460001272,
            38.776468999877956
          ],
          [
            -78.61765299979989,
            38.776460000035264
          ],
          [
            -78.6179359996571,
            38.77611600013804
          ],
          [
            -78.61878900032502,
            38.77512299989173
          ],
          [
            -78.6188570000971,
            38.77504700013911
          ],
          [
            -78.6199359998225,
            38.773840999658134
          ],
          [
            -78.62054400026807,
            38.77318600026907
          ],
          [
            -78.62100799987523,
            38.77268599999131
          ],
          [
            -78.62121799993753,
            38.7724740001658
          ],
          [
            -78.62194600003367,
            38.77174200023251
          ],
          [
            -78.62247900013614,
            38.771222999899535
          ],
          [
            -78.6229410000935,
            38.77077400003043
          ],
          [
            -78.62314699995784,
            38.77058100004026
          ],
          [
            -78.6239400003513,
            38.769841999920985
          ],
          [
            -78.62501700042691,
            38.76886899971769
          ],
          [
            -78.62618099964281,
            38.76784500013489
          ],
          [
            -78.62691799995979,
            38.76722200010237
          ],
          [
            -78.62723099995422,
            38.76695699971092
          ],
          [
            -78.62745000023735,
            38.76677399976203
          ],
          [
            -78.62819000002905,
            38.76620799993457
          ],
          [
            -78.6301369995927,
            38.76469099982998
          ],
          [
            -78.63290500003723,
            38.762595000217296
          ],
          [
            -78.63358799992754,
            38.762077999708296
          ],
          [
            -78.63436700007729,
            38.76148000021386
          ],
          [
            -78.6365639998862,
            38.75979299970505
          ],
          [
            -78.64565800034188,
            38.75285699983183
          ],
          [
            -78.64613100016989,
            38.75247599965863
          ],
          [
            -78.64645699968482,
            38.75219100024599
          ],
          [
            -78.64646500008074,
            38.752184000243695
          ],
          [
            -78.64738899999547,
            38.75126700030642
          ],
          [
            -78.64767199985269,
            38.7509589997704
          ],
          [
            -78.64794100036451,
            38.750635999978066
          ],
          [
            -78.64796899995359,
            38.75060300004279
          ],
          [
            -78.6482290002446,
            38.75026299977898
          ],
          [
            -78.64850000040624,
            38.749888000268186
          ],
          [
            -78.64856200033054,
            38.749802000119516
          ],
          [
            -78.64918699959621,
            38.74882699968544
          ],
          [
            -78.649412999552,
            38.7484339998884
          ],
          [
            -78.64967799986587,
            38.7479300001645
          ],
          [
            -78.64978699964583,
            38.74769500019606
          ],
          [
            -78.64988499955511,
            38.747463999920356
          ],
          [
            -78.64989700014898,
            38.74743099992007
          ],
          [
            -78.64992300008826,
            38.747369000345316
          ],
          [
            -78.64999599988319,
            38.74719499994032
          ],
          [
            -78.65032399994625,
            38.74630699967656
          ],
          [
            -78.65043699992415,
            38.74593799983129
          ],
          [
            -78.65064000031374,
            38.74509200004541
          ],
          [
            -78.65077900023091,
            38.744369999659526
          ],
          [
            -78.65085899969856,
            38.7435409999772
          ],
          [
            -78.65089999970643,
            38.74284899986009
          ],
          [
            -78.65089999970643,
            38.74249999988152
          ],
          [
            -78.65077800040599,
            38.740780000331505
          ],
          [
            -78.65048999962761,
            38.73765699983364
          ],
          [
            -78.65045500036581,
            38.73732000000806
          ],
          [
            -78.6503909998934,
            38.73670499981649
          ],
          [
            -78.65038099984766,
            38.7364250001169
          ],
          [
            -78.65036400012923,
            38.735928999836595
          ],
          [
            -78.65036300030431,
            38.735908999877324
          ],
          [
            -78.65035800028144,
            38.735759999934785
          ],
          [
            -78.65037199962683,
            38.735314000280596
          ],
          [
            -78.6504050001371,
            38.73491999974302
          ],
          [
            -78.6505459997041,
            38.73422900012717
          ],
          [
            -78.65072200032951,
            38.7337100002638
          ],
          [
            -78.65095499995802,
            38.733136999842245
          ],
          [
            -78.6513399999225,
            38.732524999998745
          ],
          [
            -78.65157799957386,
            38.732199000266114
          ],
          [
            -78.65162500032784,
            38.73213100019455
          ],
          [
            -78.65180100005493,
            38.73187399973105
          ],
          [
            -78.65204299990425,
            38.731571000276446
          ],
          [
            -78.65229499979934,
            38.73127500018804
          ],
          [
            -78.65379399964934,
            38.729702000344524
          ],
          [
            -78.65573699991334,
            38.72762099995748
          ],
          [
            -78.65624200042672,
            38.72709900028624
          ],
          [
            -78.65637299994798,
            38.72696300018063
          ],
          [
            -78.6569589997539,
            38.726298000213625
          ],
          [
            -78.65742800028227,
            38.725699000172106
          ],
          [
            -78.65796399985946,
            38.72493399996807
          ],
          [
            -78.65823199964808,
            38.72453399982523
          ],
          [
            -78.65846299962676,
            38.72418999981773
          ],
          [
            -78.65849199993907,
            38.724140000102544
          ],
          [
            -78.65870000035153,
            38.7237769998458
          ],
          [
            -78.65882400020008,
            38.723551999901886
          ],
          [
            -78.65884000009362,
            38.72352299977041
          ],
          [
            -78.65901499999579,
            38.72315100032622
          ],
          [
            -78.6590789995699,
            38.72300799965531
          ],
          [
            -78.65930100022607,
            38.722518000121426
          ],
          [
            -78.65945400038694,
            38.72214900001244
          ],
          [
            -78.65982299955957,
            38.72103200020747
          ],
          [
            -78.65998800031433,
            38.720356999655124
          ],
          [
            -78.66008399967548,
            38.71990599979815
          ],
          [
            -78.66012600040658,
            38.71963399998174
          ],
          [
            -78.66021099989707,
            38.71893499977638
          ],
          [
            -78.66023900038448,
            38.71860199992139
          ],
          [
            -78.66026399960053,
            38.717576000085046
          ],
          [
            -78.66024000020941,
            38.716778999882244
          ],
          [
            -78.66020800042236,
            38.71645500019625
          ],
          [
            -78.66009799991917,
            38.71566900033231
          ],
          [
            -78.65993100041293,
            38.71488600020207
          ],
          [
            -78.65983000013057,
            38.714467999992095
          ],
          [
            -78.65970799993184,
            38.71408499991087
          ],
          [
            -78.6595570003191,
            38.71360900003716
          ],
          [
            -78.65874899985701,
            38.7113920003135
          ],
          [
            -78.65792600022465,
            38.70919900006737
          ],
          [
            -78.6575649996513,
            38.70828899998344
          ],
          [
            -78.65704599979253,
            38.70690000027085
          ],
          [
            -78.6568120003391,
            38.706291999997305
          ],
          [
            -78.65669099996529,
            38.70591399991197
          ],
          [
            -78.65648400027605,
            38.705380000057836
          ],
          [
            -78.65627000001581,
            38.704826000174144
          ],
          [
            -78.65573000024064,
            38.70339600021653
          ],
          [
            -78.65538700010897,
            38.70248599988476
          ],
          [
            -78.65530300044338,
            38.702257999720835
          ],
          [
            -78.65516299980297,
            38.70188099974595
          ],
          [
            -78.65500600034245,
            38.70145700025408
          ],
          [
            -78.65497799985506,
            38.701361000073014
          ],
          [
            -78.65460799995921,
            38.700061000122304
          ],
          [
            -78.65459000041587,
            38.699983000215084
          ],
          [
            -78.65457600017216,
            38.6999139999027
          ],
          [
            -78.65446599966899,
            38.69940199995499
          ],
          [
            -78.65433599997264,
            38.69865400004788
          ],
          [
            -78.65425399995688,
            38.698064000297144
          ],
          [
            -78.65418899965955,
            38.69730699971045
          ],
          [
            -78.65415400039775,
            38.69654599971295
          ],
          [
            -78.65413199975815,
            38.69576199998746
          ],
          [
            -78.6542480001091,
            38.694241000196044
          ],
          [
            -78.65436899958459,
            38.693369999846816
          ],
          [
            -78.65438500037644,
            38.693257000222914
          ],
          [
            -78.6546720004316,
            38.69185199990721
          ],
          [
            -78.65516600017604,
            38.69029700010199
          ],
          [
            -78.65592600005922,
            38.688503000157354
          ],
          [
            -78.65626199961989,
            38.68765699972186
          ],
          [
            -78.65743300030512,
            38.68483699965226
          ],
          [
            -78.65758599956769,
            38.68445499998017
          ],
          [
            -78.65766699975855,
            38.684252999934984
          ],
          [
            -78.65804900024828,
            38.683297999655544
          ],
          [
            -78.65827299965595,
            38.682714000000395
          ],
          [
            -78.65829100009762,
            38.68266699994223
          ],
          [
            -78.65912899979861,
            38.68068899978106
          ],
          [
            -78.66073700032686,
            38.676693000159574
          ],
          [
            -78.66110499967458,
            38.675808999904625
          ],
          [
            -78.6631340001523,
            38.6709280003124
          ],
          [
            -78.66526800021202,
            38.6656339998406
          ],
          [
            -78.66624800020324,
            38.66344499974836
          ],
          [
            -78.6664980004485,
            38.66294399966866
          ],
          [
            -78.66683599965899,
            38.662316999708864
          ],
          [
            -78.66737499960924,
            38.66137000000159
          ],
          [
            -78.66797499965887,
            38.66041500024207
          ],
          [
            -78.66971700008142,
            38.65776100003106
          ],
          [
            -78.66986400039451,
            38.65753700033013
          ],
          [
            -78.6703999999717,
            38.65671999992131
          ],
          [
            -78.67254499990209,
            38.653398000317566
          ],
          [
            -78.67421600017951,
            38.65088700032689
          ],
          [
            -78.67595799970375,
            38.64820100021143
          ],
          [
            -78.6763770000034,
            38.64755899966599
          ],
          [
            -78.67674199987638,
            38.64700000014722
          ],
          [
            -78.67696399963422,
            38.64665899975386
          ],
          [
            -78.6774049996752,
            38.64598200002749
          ],
          [
            -78.67796799991491,
            38.64511800028482
          ],
          [
            -78.67993700011819,
            38.64214199970297
          ],
          [
            -78.68023599986891,
            38.64167100026759
          ],
          [
            -78.68110299988224,
            38.64037500017221
          ],
          [
            -78.68188700005487,
            38.639334000024576
          ],
          [
            -78.68228000041526,
            38.638854999919786
          ],
          [
            -78.6827409996494,
            38.638327999837045
          ],
          [
            -78.68322500024637,
            38.63782399981449
          ],
          [
            -78.6833459997219,
            38.63769800013223
          ],
          [
            -78.6838040003796,
            38.637243000137225
          ],
          [
            -78.68467399986766,
            38.63644600027615
          ],
          [
            -78.68508300012158,
            38.636108999864966
          ],
          [
            -78.68575099994325,
            38.635583999796836
          ],
          [
            -78.68579500032418,
            38.63554900021692
          ],
          [
            -78.68587099959386,
            38.63549100015369
          ]
        ]
      }
    },
    {
      "type": "Feature",
      "properties": {
        "name": "I-81",
        "tier": 1,
        "highway_class": "major"
      },
      "geometry": {
        "type": "LineString",
        "coordinates": [
          [
            -78.9139359998834,
            38.390003999899626
          ],
          [
            -78.91383999962393,
            38.390194999757654
          ],
          [
            -78.91364999965313,
            38.39057899970394
          ],
          [
            -78.91228499969746,
            38.39336400024337
          ],
          [
            -78.91198500012179,
            38.3939729999748
          ],
          [
            -78.91180600002164,
            38.39432200009854
          ],
          [
            -78.91170499973931,
            38.39451200005485
          ],
          [
            -78.91160699983003,
            38.394706999713165
          ],
          [
            -78.91147499958554,
            38.39497200003062
          ],
          [
            -78.91097099979538,
            38.39600799992907
          ],
          [
            -78.91087100023627,
            38.396213999709325
          ],
          [
            -78.91062299964084,
            38.39676399982885
          ],
          [
            -78.9103459996314,
            38.397321999880525
          ],
          [
            -78.9101420003152,
            38.39774199966008
          ],
          [
            -78.90999099980415,
            38.39804999973123
          ],
          [
            -78.90983500016857,
            38.39835599977789
          ],
          [
            -78.90961800043358,
            38.39876800015537
          ],
          [
            -78.90944900037918,
            38.399073000280765
          ],
          [
            -78.90921500002744,
            38.3994730002606
          ],
          [
            -78.90902599988156,
            38.399783999766264
          ],
          [
            -78.90877900000936,
            38.40016800018034
          ],
          [
            -78.90858700038872,
            38.40045199973176
          ],
          [
            -78.90847400041082,
            38.40061999984349
          ],
          [
            -78.90845599996916,
            38.40063299986516
          ],
          [
            -78.90814299997471,
            38.401051000075
          ],
          [
            -78.90799800020976,
            38.40124299998782
          ],
          [
            -78.90783599982805,
            38.40145000000453
          ],
          [
            -78.90768699986513,
            38.40164299992818
          ],
          [
            -78.90758300010808,
            38.401778000024464
          ],
          [
            -78.90744400019089,
            38.40194100016979
          ],
          [
            -78.90735899980209,
            38.40204099974873
          ],
          [
            -78.90724300034944,
            38.40217900017957
          ],
          [
            -78.90704300033289,
            38.40240999972954
          ],
          [
            -78.9069160001113,
            38.402552000168384
          ],
          [
            -78.9068449999662,
            38.40263099993979
          ],
          [
            -78.90663300025409,
            38.40286099980738
          ],
          [
            -78.90635700006955,
            38.40315400033868
          ],
          [
            -78.90575899966974,
            38.403759999660664
          ],
          [
            -78.90564900006491,
            38.40387200005014
          ],
          [
            -78.90536399965953,
            38.40413299993859
          ],
          [
            -78.90531699980389,
            38.4041769997595
          ],
          [
            -78.90515199994744,
            38.40432599973812
          ],
          [
            -78.90507400012963,
            38.40439699987028
          ],
          [
            -78.90485200037179,
            38.404590999994724
          ],
          [
            -78.90465200035524,
            38.40475900034223
          ],
          [
            -78.90447499990492,
            38.404907999825035
          ],
          [
            -78.90417600015418,
            38.40515199971786
          ],
          [
            -78.9040020000769,
            38.40528999984076
          ],
          [
            -78.90376199987739,
            38.405474000064025
          ],
          [
            -78.90371099982376,
            38.40551500024123
          ],
          [
            -78.903376000088,
            38.405764000337214
          ],
          [
            -78.90307099959116,
            38.405981000329135
          ],
          [
            -78.90277400038856,
            38.40618899975201
          ],
          [
            -78.90244700015042,
            38.4064129998689
          ],
          [
            -78.90204899976715,
            38.40667199984251
          ],
          [
            -78.90169099956687,
            38.406900000342155
          ],
          [
            -78.90140400041001,
            38.40707599976662
          ],
          [
            -78.90104899968445,
            38.407286000134945
          ],
          [
            -78.9007149997736,
            38.40747799967621
          ],
          [
            -78.90036400014434,
            38.40767300026109
          ],
          [
            -78.90000699976896,
            38.40786599975871
          ],
          [
            -78.89943000018386,
            38.40816699981025
          ],
          [
            -78.89906100011292,
            38.40835300029582
          ],
          [
            -78.89873300004986,
            38.40852300018465
          ],
          [
            -78.89836499980382,
            38.40871100029173
          ],
          [
            -78.89778499984568,
            38.40901100007864
          ],
          [
            -78.89743000001845,
            38.40919600024161
          ],
          [
            -78.89673500043259,
            38.40955300002765
          ],
          [
            -78.89615399975122,
            38.409855000344734
          ],
          [
            -78.8958009995738,
            38.41003600016068
          ],
          [
            -78.89511100001081,
            38.410393000020406
          ],
          [
            -78.8943989998082,
            38.41075900028155
          ],
          [
            -78.89366499986428,
            38.41113800034067
          ],
          [
            -78.89331800043296,
            38.41131899975859
          ],
          [
            -78.89296400043062,
            38.41150000013089
          ],
          [
            -78.89259199998664,
            38.41169199973863
          ],
          [
            -78.89170800025488,
            38.41214600027915
          ],
          [
            -78.89081699995211,
            38.412607000175846
          ],
          [
            -78.89029999974316,
            38.412874000053534
          ],
          [
            -78.88995499996169,
            38.413062000103125
          ],
          [
            -78.88950100040023,
            38.413319999973886
          ],
          [
            -78.88930399985843,
            38.413438000142534
          ],
          [
            -78.88901099995547,
            38.41361799993308
          ],
          [
            -78.88872300007539,
            38.413802000068884
          ],
          [
            -78.88853300010459,
            38.4139270001234
          ],
          [
            -78.88834499978361,
            38.41405300015658
          ],
          [
            -78.88825199989718,
            38.41411699993283
          ],
          [
            -78.88797499988776,
            38.41431200019942
          ],
          [
            -78.88770200007629,
            38.414509999801716
          ],
          [
            -78.8876119996646,
            38.41457699973622
          ],
          [
            -78.88743400028767,
            38.4147120003085
          ],
          [
            -78.88725799966227,
            38.41484900029251
          ],
          [
            -78.88708399958499,
            38.41498799967682
          ],
          [
            -78.88679900007796,
            38.4152250001827
          ],
          [
            -78.88632799989976,
            38.41563599995635
          ],
          [
            -78.88605799956302,
            38.415887000007395
          ],
          [
            -78.88567699979652,
            38.41626000033729
          ],
          [
            -78.88538499971845,
            38.416556999975704
          ],
          [
            -78.88528599998425,
            38.41666800008168
          ],
          [
            -78.88511199990698,
            38.41685499995695
          ],
          [
            -78.88504300031,
            38.41693300012701
          ],
          [
            -78.88488400030135,
            38.41711600011413
          ],
          [
            -78.884634999881,
            38.4174089998629
          ],
          [
            -78.88449900033687,
            38.41757499968089
          ],
          [
            -78.8842830004268,
            38.41784600006922
          ],
          [
            -78.88424400006876,
            38.41789499999199
          ],
          [
            -78.88403800020444,
            38.4181590003253
          ],
          [
            -78.88394199994497,
            38.41828600015266
          ],
          [
            -78.8837600003701,
            38.418521000131065
          ],
          [
            -78.88326400007753,
            38.41915799973216
          ],
          [
            -78.88296299977864,
            38.419540999847875
          ],
          [
            -78.88178199994599,
            38.421057999651126
          ],
          [
            -78.88105999969761,
            38.42198199977492
          ],
          [
            -78.880459999648,
            38.42275400014724
          ],
          [
            -78.88034400019536,
            38.42290499997092
          ],
          [
            -78.88014500000374,
            38.42315800024033
          ],
          [
            -78.87994099978924,
            38.423419000145934
          ],
          [
            -78.87988700026087,
            38.42348700032783
          ],
          [
            -78.87956400022068,
            38.42387799977931
          ],
          [
            -78.87942000028063,
            38.424060999767406
          ],
          [
            -78.87884399962216,
            38.42480099967497
          ],
          [
            -78.8786920001845,
            38.42499599995764
          ],
          [
            -78.8783740001672,
            38.42540599970085
          ],
          [
            -78.87817099977758,
            38.4256639998258
          ],
          [
            -78.87813899999054,
            38.425702999739926
          ],
          [
            -78.87756300023035,
            38.42644199969053
          ],
          [
            -78.87734599959708,
            38.42672000002674
          ],
          [
            -78.87691999962473,
            38.42729499982244
          ],
          [
            -78.87671299993548,
            38.42756100030019
          ],
          [
            -78.876143999848,
            38.4282880002665
          ],
          [
            -78.87593299996081,
            38.42856099986019
          ],
          [
            -78.87562800036227,
            38.42895299998006
          ],
          [
            -78.875566000438,
            38.42903399971623
          ],
          [
            -78.8754750002014,
            38.429159000155956
          ],
          [
            -78.8753770002921,
            38.42927899975523
          ],
          [
            -78.87519200034419,
            38.429505000030844
          ],
          [
            -78.87498800012969,
            38.42975599974451
          ],
          [
            -78.87493700007606,
            38.429818999706704
          ],
          [
            -78.87473600023462,
            38.43005200021754
          ],
          [
            -78.8744960000351,
            38.430322000270806
          ],
          [
            -78.87445199965417,
            38.43037000020582
          ],
          [
            -78.87424199959187,
            38.43058400029041
          ],
          [
            -78.87403900010061,
            38.43078800010941
          ],
          [
            -78.87375899971812,
            38.4310529997243
          ],
          [
            -78.87347800040904,
            38.43130700025872
          ],
          [
            -78.87318899980572,
            38.43154999971764
          ],
          [
            -78.8729820001165,
            38.43171800001219
          ],
          [
            -78.87285400006998,
            38.43181699995246
          ],
          [
            -78.87260899984759,
            38.432005999909336
          ],
          [
            -78.87219799994385,
            38.432299999719035
          ],
          [
            -78.87187800027672,
            38.43251499965261
          ],
          [
            -78.87165300014583,
            38.432658999914516
          ],
          [
            -78.87123300002123,
            38.432916000230335
          ],
          [
            -78.87100700006545,
            38.43304599994315
          ],
          [
            -78.87062100027606,
            38.43325999983747
          ],
          [
            -78.87041700006156,
            38.4333650000436
          ],
          [
            -78.87004100031791,
            38.4335550000955
          ],
          [
            -78.86956199974381,
            38.43377899981074
          ],
          [
            -78.86907399984717,
            38.43398600021152
          ],
          [
            -78.86904899973281,
            38.433996000103654
          ],
          [
            -78.86870599960116,
            38.434132000188264
          ],
          [
            -78.86831700033704,
            38.434277999869764
          ],
          [
            -78.86802000023613,
            38.43438100017593
          ],
          [
            -78.86776900016595,
            38.43446599980555
          ],
          [
            -78.8675110004231,
            38.4345459997795
          ],
          [
            -78.86711999971251,
            38.4346619999361
          ],
          [
            -78.8669420003356,
            38.434709999800795
          ],
          [
            -78.86672200022757,
            38.43476900003055
          ],
          [
            -78.86632300001939,
            38.434868000009544
          ],
          [
            -78.86578200041933,
            38.434987000067665
          ],
          [
            -78.86559400009835,
            38.435024000063535
          ],
          [
            -78.86537099961727,
            38.435067000168
          ],
          [
            -78.86497200030742,
            38.43513800034987
          ],
          [
            -78.86469600012289,
            38.43518099968277
          ],
          [
            -78.86441800028855,
            38.43522099998837
          ],
          [
            -78.86404500001964,
            38.4352659997779
          ],
          [
            -78.86373000037538,
            38.435299000027946
          ],
          [
            -78.86358600043533,
            38.435312000143654
          ],
          [
            -78.8633029996798,
            38.435335999863874
          ],
          [
            -78.86303599971612,
            38.43535400017658
          ],
          [
            -78.86275700005686,
            38.43537099988141
          ],
          [
            -78.86252299970513,
            38.435378999782515
          ],
          [
            -78.86234199995516,
            38.43538599978322
          ],
          [
            -78.8619229996555,
            38.43539600018513
          ],
          [
            -78.86150300042925,
            38.43540200028489
          ],
          [
            -78.85968900003667,
            38.435424000177285
          ],
          [
            -78.85940899965419,
            38.435428999672084
          ],
          [
            -78.85890700041217,
            38.435448999758975
          ],
          [
            -78.85853099977022,
            38.43546899984028
          ],
          [
            -78.85813599976001,
            38.43549900030368
          ],
          [
            -78.85788200021513,
            38.43552100016652
          ],
          [
            -78.85744100017415,
            38.43556399997498
          ],
          [
            -78.85721500021835,
            38.435584000024434
          ],
          [
            -78.85702799972228,
            38.435605999861366
          ],
          [
            -78.85657499998575,
            38.43567200003551
          ],
          [
            -78.85611499967821,
            38.43575299997492
          ],
          [
            -78.8555780002761,
            38.435860999752734
          ],
          [
            -78.85492299997487,
            38.43601099972341
          ],
          [
            -78.85464699979035,
            38.43608599994373
          ],
          [
            -78.85459599973673,
            38.43609999980732
          ],
          [
            -78.85430899968156,
            38.43617800030458
          ],
          [
            -78.85417300013744,
            38.43622900023231
          ],
          [
            -78.85350500031575,
            38.43644299983982
          ],
          [
            -78.85312799984888,
            38.436576999770885
          ],
          [
            -78.85264199960207,
            38.43675599972132
          ],
          [
            -78.8521720001471,
            38.43694799975277
          ],
          [
            -78.85182399999256,
            38.43710000003116
          ],
          [
            -78.85154100013534,
            38.43723099982453
          ],
          [
            -78.85135500036252,
            38.437306000184705
          ],
          [
            -78.85120800004943,
            38.437377000275646
          ],
          [
            -78.8509689996748,
            38.43749300010544
          ],
          [
            -78.85088500000923,
            38.43754000032919
          ],
          [
            -78.85074699991695,
            38.43761600023699
          ],
          [
            -78.85067400012203,
            38.43765400016094
          ],
          [
            -78.85058100023561,
            38.43770300001475
          ],
          [
            -78.85027099971589,
            38.43787600009426
          ],
          [
            -78.85021800001245,
            38.43791100028771
          ],
          [
            -78.85019600027114,
            38.4379320002549
          ],
          [
            -78.85012000010316,
            38.437975999898306
          ],
          [
            -78.85007599972222,
            38.438002999730124
          ],
          [
            -78.85001999964574,
            38.438042000016694
          ],
          [
            -78.84997600016312,
            38.43806799996151
          ],
          [
            -78.84955699986345,
            38.4383319997368
          ],
          [
            -78.84914400030989,
            38.43860900017948
          ],
          [
            -78.84883899981307,
            38.438826000027674
          ],
          [
            -78.84843200010728,
            38.43911100017327
          ],
          [
            -78.84803799992198,
            38.43942600013606
          ],
          [
            -78.84780299974534,
            38.43962799991826
          ],
          [
            -78.84764100026196,
            38.43976800000688
          ],
          [
            -78.84756099989602,
            38.43984299984215
          ],
          [
            -78.84742700000172,
            38.439970000239256
          ],
          [
            -78.84697300044026,
            38.44042100017074
          ],
          [
            -78.84691099961768,
            38.440484999803225
          ],
          [
            -78.84673099969261,
            38.44068200030574
          ],
          [
            -78.84646399972894,
            38.4409630001671
          ],
          [
            -78.84621600003182,
            38.44122699990908
          ],
          [
            -78.84589399981652,
            38.44156099977152
          ],
          [
            -78.84554499983707,
            38.44191599971117
          ],
          [
            -78.84521699977401,
            38.44225300002037
          ],
          [
            -78.84487600019048,
            38.44260999967347
          ],
          [
            -78.84411700013219,
            38.44339400002678
          ],
          [
            -78.84385900038933,
            38.4436659997103
          ],
          [
            -78.84334600037835,
            38.4441950000447
          ],
          [
            -78.8429970003989,
            38.444551000169895
          ],
          [
            -78.84283300036735,
            38.44472300024948
          ],
          [
            -78.84259300016785,
            38.444967999818665
          ],
          [
            -78.8422509998611,
            38.44532299988696
          ],
          [
            -78.84207099993603,
            38.44550700016477
          ],
          [
            -78.84114600019639,
            38.44646300016031
          ],
          [
            -78.8409779999669,
            38.44663499990451
          ],
          [
            -78.84084700044565,
            38.44677300028642
          ],
          [
            -78.84061399991883,
            38.44700799973299
          ],
          [
            -78.84029699972643,
            38.44733899967338
          ],
          [
            -78.84001700024226,
            38.44762600013991
          ],
          [
            -78.83980299998201,
            38.447844000045365
          ],
          [
            -78.83937799983457,
            38.448270999688106
          ],
          [
            -78.83914500020607,
            38.44850300002799
          ],
          [
            -78.83900899976364,
            38.44863599966507
          ],
          [
            -78.8386899999214,
            38.44895199998328
          ],
          [
            -78.83814400029846,
            38.44948400008258
          ],
          [
            -78.83738400041526,
            38.45021499968407
          ],
          [
            -78.83708200029146,
            38.45049700011094
          ],
          [
            -78.83688999977254,
            38.45067899978132
          ],
          [
            -78.836437000036,
            38.45109700028597
          ],
          [
            -78.83618099994297,
            38.45133100004314
          ],
          [
            -78.83610999979786,
            38.451396999909605
          ],
          [
            -78.83599900036809,
            38.45149999970845
          ],
          [
            -78.83536800035633,
            38.45207200013033
          ],
          [
            -78.83483600007877,
            38.45254500001677
          ],
          [
            -78.83463299968919,
            38.45271599967515
          ],
          [
            -78.83459300040452,
            38.452752999728894
          ],
          [
            -78.83435200038011,
            38.452973000341295
          ],
          [
            -78.83391800001182,
            38.45335199978462
          ]
        ]
      }
    },
    {
      "type": "Feature",
      "properties": {
        "name": "US 33",
        "tier": 1,
        "highway_class": "major"
      },
      "geometry": {
        "type": "LineString",
        "coordinates": [
          [
            -78.83716799960688,
            38.41768900006423
          ],
          [
            -78.83724799997282,
            38.41784499992682
          ],
          [
            -78.83739100008796,
            38.418169000297645
          ],
          [
            -78.83748700034742,
            38.418432000199225
          ],
          [
            -78.83753300037817,
            38.418581000347444
          ],
          [
            -78.83756400034032,
            38.41869599997776
          ],
          [
            -78.83757900040894,
            38.418757000178644
          ],
          [
            -78.8376410003332,
            38.41905299998344
          ],
          [
            -78.8376699997472,
            38.41924000001968
          ],
          [
            -78.83769599968649,
            38.41947699994963
          ],
          [
            -78.83770300025748,
            38.41960499968942
          ],
          [
            -78.83770999993018,
            38.41988200018633
          ],
          [
            -78.83770999993018,
            38.41990399988043
          ],
          [
            -78.83770900010528,
            38.42010499997465
          ],
          [
            -78.83770699955713,
            38.42026499998253
          ],
          [
            -78.83769999988445,
            38.42043299978527
          ],
          [
            -78.8376970004097,
            38.42057700021018
          ],
          [
            -78.83769900005953,
            38.42081399997651
          ],
          [
            -78.83770099970934,
            38.420901999688816
          ],
          [
            -78.83770699955713,
            38.42101599974858
          ],
          [
            -78.8377249999988,
            38.42121899975524
          ],
          [
            -78.8377469997401,
            38.421411000280145
          ],
          [
            -78.83775199976299,
            38.42143499969408
          ],
          [
            -78.8377600001589,
            38.421485000089646
          ],
          [
            -78.83776299963364,
            38.42150900018275
          ],
          [
            -78.83776500018178,
            38.421533999655466
          ],
          [
            -78.83779000029612,
            38.42166400015219
          ],
          [
            -78.83788200035764,
            38.422030000326686
          ],
          [
            -78.83791400014469,
            38.42213600005398
          ],
          [
            -78.83795500015256,
            38.42225999968362
          ],
          [
            -78.83799600016046,
            38.422371000176085
          ],
          [
            -78.83804100036629,
            38.42247800018504
          ],
          [
            -78.83808800022197,
            38.42258500003543
          ],
          [
            -78.83821700009338,
            38.42285700000056
          ],
          [
            -78.83828499986545,
            38.4229829999426
          ],
          [
            -78.83836400040647,
            38.423122999933184
          ],
          [
            -78.83845999976764,
            38.42328899999264
          ],
          [
            -78.83855799967692,
            38.42347300013004
          ],
          [
            -78.83863100037017,
            38.42361399993721
          ],
          [
            -78.83863899986777,
            38.42362700004531
          ],
          [
            -78.83876400043957,
            38.423839000287224
          ],
          [
            -78.83891500005231,
            38.42411700008644
          ],
          [
            -78.8390709996879,
            38.424389999964305
          ],
          [
            -78.83947900011691,
            38.42511900026575
          ],
          [
            -78.83976000032432,
            38.42561500024667
          ],
          [
            -78.8399639996405,
            38.42598100010578
          ],
          [
            -78.84009599988498,
            38.426214000332386
          ],
          [
            -78.84029500007661,
            38.42657299982025
          ],
          [
            -78.84071100000322,
            38.427316000062504
          ],
          [
            -78.84079999969167,
            38.42748100032833
          ],
          [
            -78.84085900014121,
            38.427596999871525
          ],
          [
            -78.84094500035494,
            38.42776600021943
          ],
          [
            -78.84114799984621,
            38.42813099973366
          ],
          [
            -78.84135899973342,
            38.42850000019775
          ],
          [
            -78.84147900028233,
            38.42870700025044
          ],
          [
            -78.8415820002145,
            38.42887100016329
          ],
          [
            -78.84164400013877,
            38.428966999819316
          ],
          [
            -78.84181300019316,
            38.42926599996075
          ],
          [
            -78.84187599994235,
            38.42938100017272
          ],
          [
            -78.84195999960795,
            38.429551999824895
          ],
          [
            -78.84202200043055,
            38.42967800005028
          ],
          [
            -78.84224800038635,
            38.43008999990032
          ],
          [
            -78.84229699989184,
            38.43017499965544
          ],
          [
            -78.84248100001486,
            38.430468999883146
          ],
          [
            -78.84258700032007,
            38.430639999773796
          ],
          [
            -78.84272000038945,
            38.43085399976188
          ],
          [
            -78.84284599988784,
            38.431064999941455
          ],
          [
            -78.8429069999872,
            38.431166999947216
          ],
          [
            -78.84293999959917,
            38.431215000024295
          ],
          [
            -78.84302900018595,
            38.431338000296
          ],
          [
            -78.84309399958495,
            38.43142200003509
          ],
          [
            -78.84312700009522,
            38.431463000265964
          ],
          [
            -78.84332399973871,
            38.431687000138034
          ],
          [
            -78.84333999963226,
            38.43170400000256
          ],
          [
            -78.84334899985308,
            38.43171500016117
          ],
          [
            -78.84365199980178,
            38.432045999862886
          ],
          [
            -78.84393100035935,
            38.43232700026623
          ],
          [
            -78.84429299985929,
            38.43265199964942
          ],
          [
            -78.84430200008012,
            38.43265999985179
          ],
          [
            -78.8446450002118,
            38.432937000243115
          ],
          [
            -78.84516300024565,
            38.433332000316966
          ],
          [
            -78.84536499991201,
            38.433484999690116
          ],
          [
            -78.84561299960913,
            38.43366199971946
          ],
          [
            -78.84573099960991,
            38.43374399972513
          ],
          [
            -78.84583600009022,
            38.43380800035138
          ],
          [
            -78.84601799966508,
            38.43393200034774
          ],
          [
            -78.84624100014616,
            38.434092999900436
          ],
          [
            -78.84637699969028,
            38.43419000027058
          ],
          [
            -78.8464980000641,
            38.43427600003995
          ],
          [
            -78.84688100037876,
            38.43455199994991
          ],
          [
            -78.84701699992289,
            38.43465900020733
          ],
          [
            -78.84715400019023,
            38.43476600030623
          ],
          [
            -78.84732599971937,
            38.43489099997103
          ],
          [
            -78.84758699983527,
            38.435075000102785
          ],
          [
            -78.84766899985104,
            38.435127000009125
          ],
          [
            -78.84790700040074,
            38.43528599990995
          ],
          [
            -78.84798600004343,
            38.43534000016834
          ],
          [
            -78.8483070004338,
            38.43556599976907
          ],
          [
            -78.84834599989357,
            38.43559199990193
          ],
          [
            -78.84838500025161,
            38.43561999981802
          ],
          [
            -78.84841500038885,
            38.435651000114596
          ],
          [
            -78.84852599981862,
            38.4357289996896
          ],
          [
            -78.84858899956781,
            38.43578300032032
          ],
          [
            -78.84865499969004,
            38.43583499971673
          ],
          [
            -78.84868900002523,
            38.43585999985978
          ],
          [
            -78.84937000026571,
            38.436343000023214
          ],
          [
            -78.84988300027669,
            38.436719999790526
          ],
          [
            -78.85016600013391,
            38.43693900014747
          ],
          [
            -78.85042399987678,
            38.43714799968223
          ],
          [
            -78.8505390004028,
            38.437244000296
          ],
          [
            -78.85057799986257,
            38.437277000345524
          ],
          [
            -78.85061899987043,
            38.43730899980348
          ],
          [
            -78.85088500000923,
            38.43754000032919
          ],
          [
            -78.85106199956122,
            38.43769499966753
          ],
          [
            -78.85125599972999,
            38.437867999766205
          ],
          [
            -78.8513829999516,
            38.4379830003508
          ],
          [
            -78.8514750000131,
            38.4380810002822
          ],
          [
            -78.85155100018108,
            38.4381649999165
          ],
          [
            -78.85162099960299,
            38.438248000296824
          ],
          [
            -78.85186099980248,
            38.438504999716194
          ],
          [
            -78.85193699997046,
            38.43859000011956
          ],
          [
            -78.85201800016132,
            38.43867899983861
          ],
          [
            -78.85214899968257,
            38.438829000286866
          ],
          [
            -78.8521710003222,
            38.438854999948234
          ],
          [
            -78.85233000033087,
            38.43904399977605
          ],
          [
            -78.85240099957765,
            38.439131999791364
          ],
          [
            -78.85254600024093,
            38.43930800020377
          ],
          [
            -78.8526929996557,
            38.439493000178686
          ],
          [
            -78.85284300034184,
            38.439698999836274
          ],
          [
            -78.85289699987021,
            38.43976999968451
          ],
          [
            -78.85309100003896,
            38.440057999829364
          ],
          [
            -78.8531570001612,
            38.440154000091376
          ],
          [
            -78.8532559998954,
            38.44030900014967
          ],
          [
            -78.85328000018485,
            38.44034499969793
          ],
          [
            -78.85333799991116,
            38.44044200011137
          ],
          [
            -78.85339499981256,
            38.44054000022261
          ],
          [
            -78.8534669997826,
            38.440671000106136
          ],
          [
            -78.85355499964615,
            38.440820000108886
          ],
          [
            -78.85365500010356,
            38.440992999754606
          ],
          [
            -78.85366500014932,
            38.44100799989554
          ],
          [
            -78.8537139996548,
            38.44109200034552
          ],
          [
            -78.85377700030232,
            38.441203999855354
          ],
          [
            -78.85392399971708,
            38.441502000167326
          ],
          [
            -78.85402699964925,
            38.44172000027746
          ],
          [
            -78.85406799965712,
            38.441807999844926
          ],
          [
            -78.85409000029675,
            38.44184799999666
          ],
          [
            -78.85411600023603,
            38.44190799983084
          ],
          [
            -78.85417999981013,
            38.44205300016234
          ],
          [
            -78.85428799976516,
            38.44231099991071
          ],
          [
            -78.8543670003062,
            38.44252000007518
          ],
          [
            -78.85440999996388,
            38.44263699988286
          ],
          [
            -78.85447500026122,
            38.442824000065684
          ],
          [
            -78.85449399962948,
            38.44288600008707
          ],
          [
            -78.85453200016262,
            38.44300399979908
          ],
          [
            -78.85458400004116,
            38.44317500025576
          ],
          [
            -78.85461800037635,
            38.44331199972448
          ],
          [
            -78.85464500014054,
            38.44345499977079
          ],
          [
            -78.85465500018628,
            38.44351099982486
          ],
          [
            -78.85466500023202,
            38.4435869997785
          ],
          [
            -78.85467500027775,
            38.44375999982824
          ],
          [
            -78.85467299972963,
            38.443830999903476
          ],
          [
            -78.85466900042998,
            38.44390800000525
          ],
          [
            -78.85465500018628,
            38.444029999980074
          ],
          [
            -78.85464299959239,
            38.44410399982973
          ],
          [
            -78.85461300035348,
            38.44427000020519
          ],
          [
            -78.854585999691,
            38.444370000297994
          ],
          [
            -78.85455599955375,
            38.44446899977497
          ],
          [
            -78.8545299996145,
            38.444551000169895
          ],
          [
            -78.85451899974383,
            38.44458299992119
          ],
          [
            -78.85448100010902,
            38.44468000026797
          ],
          [
            -78.85445199979668,
            38.44474400034562
          ],
          [
            -78.85442099983455,
            38.444806000124885
          ],
          [
            -78.8544040001161,
            38.44483799976312
          ],
          [
            -78.85436300010824,
            38.44490999995273
          ],
          [
            -78.85431299987953,
            38.44499300031666
          ],
          [
            -78.8542330004119,
            38.445116000332895
          ],
          [
            -78.85417599961217,
            38.44519599976189
          ],
          [
            -78.85411700006092,
            38.44527100028933
          ],
          [
            -78.85399700041033,
            38.445419000182156
          ],
          [
            -78.85392899973996,
            38.44550499994249
          ],
          [
            -78.85389199993003,
            38.445553000336794
          ],
          [
            -78.85385599994501,
            38.44560300021521
          ],
          [
            -78.85383400020372,
            38.44563599996125
          ],
          [
            -78.85377300010435,
            38.44573799978435
          ],
          [
            -78.85373600029443,
            38.4458060000554
          ],
          [
            -78.85371799985276,
            38.44584099992158
          ],
          [
            -78.8536569997534,
            38.44597400024335
          ],
          [
            -78.85361800029365,
            38.44603599966955
          ],
          [
            -78.8535809995854,
            38.446071999879265
          ],
          [
            -78.85352200003419,
            38.44611000027665
          ]
        ]
      }
    },
    {
      "type": "Feature",
      "properties": {
        "name": "US 33",
        "tier": 1,
        "highway_class": "major"
      },
      "geometry": {
        "type": "LineString",
        "coordinates": [
          [
            -78.8695469996752,
            38.44951400034959
          ],
          [
            -78.87006600043227,
            38.4495930001253
          ],
          [
            -78.87054799958283,
            38.449664999792134
          ],
          [
            -78.87066800013172,
            38.44968399975087
          ],
          [
            -78.87118399961743,
            38.44976700025245
          ],
          [
            -78.87125599958746,
            38.4497779997693
          ],
          [
            -78.87135500021998,
            38.44979399989493
          ],
          [
            -78.87144999975622,
            38.44980900031731
          ],
          [
            -78.87157399960479,
            38.44982899993759
          ],
          [
            -78.87225300019544,
            38.44992699996672
          ],
          [
            -78.8724060003563,
            38.44995599964834
          ],
          [
            -78.87250500009051,
            38.44997599993141
          ],
          [
            -78.87257500041072,
            38.449992000013175
          ],
          [
            -78.87260100034999,
            38.449999000003835
          ],
          [
            -78.87264599965751,
            38.4500109998858
          ],
          [
            -78.87280399984125,
            38.450043999726695
          ],
          [
            -78.87296799987278,
            38.45006899987334
          ],
          [
            -78.87399499971967,
            38.450216999775805
          ],
          [
            -78.87481200040258,
            38.450342999814815
          ],
          [
            -78.87531100016987,
            38.45042200009001
          ],
          [
            -78.87550100014067,
            38.45045199996705
          ],
          [
            -78.87632399977306,
            38.450581999758995
          ],
          [
            -78.87644799962162,
            38.4505999997875
          ],
          [
            -78.87661099982823,
            38.45062199997257
          ],
          [
            -78.87683299958609,
            38.45064600023076
          ],
          [
            -78.877101000273,
            38.450684000330135
          ],
          [
            -78.87731800000799,
            38.450720000331714
          ],
          [
            -78.8786219998643,
            38.450947000006416
          ],
          [
            -78.87939400034136,
            38.4510890000163
          ],
          [
            -78.87995800040599,
            38.4511900001901
          ],
          [
            -78.88022700001949,
            38.451239000000655
          ],
          [
            -78.88097100000917,
            38.45137499996083
          ],
          [
            -78.88115400030728,
            38.45140700020386
          ],
          [
            -78.88128800020158,
            38.451431000200955
          ],
          [
            -78.88253599998139,
            38.45165599969762
          ],
          [
            -78.88307499993165,
            38.45175100033752
          ],
          [
            -78.88342399991112,
            38.45182099991439
          ]
        ]
      }
    },
    {
      "type": "Feature",
      "properties": {
        "name": "US 33",
        "tier": 1,
        "highway_class": "major"
      },
      "geometry": {
        "type": "LineString",
        "coordinates": [
          [
            -78.88342399991112,
            38.45182099991439
          ],
          [
            -78.88365400006488,
            38.451827999727676
          ],
          [
            -78.88376799986769,
            38.451833000196864
          ],
          [
            -78.88384400003567,
            38.45184499977379
          ],
          [
            -78.8838809998456,
            38.451852999959684
          ],
          [
            -78.88419300001513,
            38.451910000202986
          ],
          [
            -78.88450199981162,
            38.45196199994136
          ],
          [
            -78.88478499966884,
            38.452012999973114
          ],
          [
            -78.88505400018067,
            38.45205100005603
          ],
          [
            -78.8852530003723,
            38.452066000009246
          ],
          [
            -78.88536299997713,
            38.45207299979871
          ],
          [
            -78.8855710003896,
            38.452070999758426
          ],
          [
            -78.8857250003754,
            38.4520669996777
          ],
          [
            -78.88585099987378,
            38.45206199992824
          ],
          [
            -78.8865980002365,
            38.45202799993417
          ],
          [
            -78.88683400023805,
            38.45202100014033
          ],
          [
            -78.88710299985156,
            38.45201999976772
          ],
          [
            -78.88724900033975,
            38.45202399985105
          ],
          [
            -78.8875210003263,
            38.45203600009971
          ],
          [
            -78.88774800010704,
            38.45205500013765
          ],
          [
            -78.88782099990196,
            38.452063999968765
          ],
          [
            -78.88803000013934,
            38.452095999906234
          ],
          [
            -78.88808899969057,
            38.45210600010362
          ],
          [
            -78.88833999976073,
            38.452154999995585
          ],
          [
            -78.88854099960218,
            38.452201999817625
          ],
          [
            -78.88868799991529,
            38.45223999980107
          ],
          [
            -78.8887950000454,
            38.452270999994866
          ],
          [
            -78.88891300004617,
            38.452306999908224
          ],
          [
            -78.8890190003514,
            38.45234299980358
          ],
          [
            -78.88907500042788,
            38.452363000128535
          ],
          [
            -78.88946799988996,
            38.452515000306455
          ],
          [
            -78.88962500024878,
            38.45257800010581
          ],
          [
            -78.89016000000107,
            38.45279100012565
          ],
          [
            -78.89037400026133,
            38.45287199984926
          ],
          [
            -78.8905890003465,
            38.452949999809825
          ],
          [
            -78.89080600008145,
            38.45302599967226
          ],
          [
            -78.8909480003717,
            38.453071999975876
          ],
          [
            -78.8910909995885,
            38.45311600023889
          ],
          [
            -78.89144799996389,
            38.45321600003334
          ],
          [
            -78.8915120004363,
            38.45323299975244
          ],
          [
            -78.89164299995754,
            38.453264999875
          ],
          [
            -78.89217600006002,
            38.45338399985437
          ],
          [
            -78.89355100006146,
            38.45369599979063
          ],
          [
            -78.8937360000094,
            38.45373799967899
          ],
          [
            -78.89402800008745,
            38.453802000165375
          ],
          [
            -78.89431000011973,
            38.45386700023857
          ],
          [
            -78.89454500029638,
            38.45391600034155
          ],
          [
            -78.89471600000061,
            38.45395600011386
          ],
          [
            -78.89492500023798,
            38.454003000169685
          ],
          [
            -78.89519700022453,
            38.45406600007676
          ],
          [
            -78.89537700014961,
            38.45411399970106
          ],
          [
            -78.89543700042404,
            38.45413000027219
          ],
          [
            -78.89567099987745,
            38.45418700012366
          ],
          [
            -78.89585199962742,
            38.45423799998963
          ],
          [
            -78.8960969998498,
            38.45430900030853
          ],
          [
            -78.89632799982849,
            38.45438100019395
          ],
          [
            -78.89655799998226,
            38.454456000320675
          ],
          [
            -78.89681200042548,
            38.454543000201085
          ],
          [
            -78.89742900019354,
            38.45475999997942
          ],
          [
            -78.8977649997542,
            38.454881999898845
          ],
          [
            -78.89785799964062,
            38.454913999993416
          ],
          [
            -78.89810000038828,
            38.45499900006597
          ],
          [
            -78.89853700023127,
            38.455155000228146
          ],
          [
            -78.89890200010426,
            38.45528499998842
          ],
          [
            -78.89929399974143,
            38.45541599983993
          ],
          [
            -78.89931700020595,
            38.455423000007926
          ],
          [
            -78.89961599995671,
            38.455512000074165
          ],
          [
            -78.89987500042278,
            38.455584999785714
          ],
          [
            -78.90011800009702,
            38.45564399983587
          ],
          [
            -78.90039299955833,
            38.45570600009894
          ],
          [
            -78.90062500026023,
            38.45575299971821
          ],
          [
            -78.90083799979726,
            38.455792999878966
          ],
          [
            -78.90130399995259,
            38.45586499969037
          ],
          [
            -78.901320999671,
            38.45586799994475
          ],
          [
            -78.90152800025857,
            38.45589300018386
          ],
          [
            -78.90190200035238,
            38.455931999948625
          ],
          [
            -78.90212099973718,
            38.455948999731234
          ],
          [
            -78.90213400015597,
            38.45595099966402
          ],
          [
            -78.90239600009679,
            38.455984999919814
          ],
          [
            -78.90258799971743,
            38.456003000007335
          ],
          [
            -78.90275799959673,
            38.45601599991148
          ],
          [
            -78.90285399985619,
            38.45602199970409
          ],
          [
            -78.90294699974261,
            38.45602600026901
          ]
        ]
      }
    },
    {
      "type": "Feature",
      "properties": {
        "name": "US 33",
        "tier": 1,
        "highway_class": "major"
      },
      "geometry": {
        "type": "LineString",
        "coordinates": [
          [
            -78.86861400043794,
            38.44937999981091
          ],
          [
            -78.86838099991112,
            38.44935399971953
          ],
          [
            -78.8680960004041,
            38.44930999997656
          ],
          [
            -78.86751800009579,
            38.44921300022452
          ],
          [
            -78.86713999980401,
            38.449160999912166
          ],
          [
            -78.86665100008247,
            38.44908599990971
          ],
          [
            -78.86624900039958,
            38.44901799991514
          ],
          [
            -78.86543699973953,
            38.448895000217426
          ],
          [
            -78.86460599971122,
            38.44876800004646
          ],
          [
            -78.86371500030675,
            38.44863200009746
          ],
          [
            -78.8636409997886,
            38.448619000269964
          ],
          [
            -78.8633789998478,
            38.44858099978668
          ],
          [
            -78.86310500021139,
            38.44854500012501
          ],
          [
            -78.8628370004228,
            38.44851300001979
          ],
          [
            -78.86269000010971,
            38.448498999749425
          ],
          [
            -78.86235399965072,
            38.44846700032735
          ],
          [
            -78.86218200012159,
            38.44845599990717
          ],
          [
            -78.86179100030932,
            38.44843099990531
          ],
          [
            -78.86161700023206,
            38.44842399976249
          ],
          [
            -78.86131199973522,
            38.44841099989752
          ],
          [
            -78.86113500018321,
            38.44840599989473
          ],
          [
            -78.86101899983225,
            38.44840300003361
          ],
          [
            -78.86083499970924,
            38.44839700031091
          ],
          [
            -78.86063999971559,
            38.448403999752806
          ],
          [
            -78.86055000020221,
            38.44841200032016
          ],
          [
            -78.86043100037654,
            38.44843099990531
          ],
          [
            -78.86034699981263,
            38.44844599990744
          ],
          [
            -78.86018000030636,
            38.44848800003766
          ],
          [
            -78.85971300032612,
            38.448620999702435
          ],
          [
            -78.85925700021653,
            38.448756999672106
          ],
          [
            -78.85909599965974,
            38.44880299988321
          ],
          [
            -78.85901600019213,
            38.448824999912624
          ],
          [
            -78.8588529999855,
            38.448866999822215
          ],
          [
            -78.85881399962744,
            38.44887600005095
          ],
          [
            -78.85870300019766,
            38.448898999770456
          ],
          [
            -78.85860199991534,
            38.44891700021879
          ],
          [
            -78.85850099963301,
            38.44893299983182
          ],
          [
            -78.8584510003026,
            38.448939999925216
          ],
          [
            -78.85834699964721,
            38.44895299969488
          ],
          [
            -78.8579099998042,
            38.44900099990649
          ],
          [
            -78.85751599961891,
            38.44904100029292
          ],
          [
            -78.85735499996042,
            38.449058000292155
          ],
          [
            -78.8562479997476,
            38.4491759997626
          ],
          [
            -78.85609499958672,
            38.44918999990156
          ],
          [
            -78.85593099955518,
            38.449196999970084
          ],
          [
            -78.855803000407,
            38.44918299983242
          ],
          [
            -78.85567600018538,
            38.44916399974179
          ],
          [
            -78.85553600044331,
            38.44912999978926
          ],
          [
            -78.85534399992436,
            38.44906199983615
          ],
          [
            -78.85515899997642,
            38.44897199984108
          ],
          [
            -78.85503699977771,
            38.448895000217426
          ],
          [
            -78.85491200010422,
            38.44879799990754
          ],
          [
            -78.85485799967756,
            38.448751999693286
          ],
          [
            -78.85468899962314,
            38.4485890003344
          ],
          [
            -78.8545799998432,
            38.448472000325964
          ],
          [
            -78.85438800022258,
            38.448264000233365
          ],
          [
            -78.85415899989373,
            38.44799300001494
          ],
          [
            -78.85397099957275,
            38.44775600009823
          ],
          [
            -78.85384800044741,
            38.44759500006115
          ],
          [
            -78.85380300024158,
            38.447532000132384
          ],
          [
            -78.85374499961694,
            38.44744200033982
          ],
          [
            -78.85370899963192,
            38.44737900027749
          ],
          [
            -78.85367500019507,
            38.44731499972235
          ],
          [
            -78.85363800038513,
            38.44723299965366
          ],
          [
            -78.85358700033152,
            38.44711400008318
          ],
          [
            -78.85356800006494,
            38.44705899974838
          ],
          [
            -78.85354799997344,
            38.446991999693154
          ],
          [
            -78.85350399959252,
            38.44679300004456
          ],
          [
            -78.85348900042221,
            38.446705000223
          ],
          [
            -78.85347699982835,
            38.446618000038036
          ],
          [
            -78.85347099998056,
            38.44654999982857
          ],
          [
            -78.8534679996075,
            38.44652499986992
          ],
          [
            -78.8534669997826,
            38.446477000122094
          ],
          [
            -78.85347099998056,
            38.44641000023012
          ],
          [
            -78.85347400035361,
            38.44638800016805
          ],
          [
            -78.85347699982835,
            38.446346999970444
          ],
          [
            -78.85348600004917,
            38.44626599995778
          ],
          [
            -78.85349199989696,
            38.446226000143874
          ],
          [
            -78.85350299976761,
            38.446175000243386
          ],
          [
            -78.8535100003386,
            38.446153000109675
          ],
          [
            -78.85352200003419,
            38.44611000027665
          ]
        ]
      }
    },
    {
      "type": "Feature",
      "properties": {
        "name": "US 33",
        "tier": 1,
        "highway_class": "major"
      },
      "geometry": {
        "type": "LineString",
        "coordinates": [
          [
            -78.83685600033566,
            38.41777800020757
          ],
          [
            -78.83688499974966,
            38.41783100004318
          ],
          [
            -78.83693599980329,
            38.41792899987578
          ],
          [
            -78.83703100023786,
            38.41812800026151
          ],
          [
            -78.83705299997915,
            38.418179000268594
          ],
          [
            -78.83713800036797,
            38.41839600028264
          ],
          [
            -78.83721199998782,
            38.41861700017185
          ],
          [
            -78.83724299994996,
            38.41871500034587
          ],
          [
            -78.83728200030801,
            38.418861000229256
          ],
          [
            -78.8373230003159,
            38.4190679997558
          ],
          [
            -78.83734400023229,
            38.41918199989463
          ],
          [
            -78.83736000012583,
            38.419298000098166
          ],
          [
            -78.83737299964629,
            38.41941400011538
          ],
          [
            -78.83738299969204,
            38.41952999994638
          ],
          [
            -78.83739299973777,
            38.41974200024835
          ],
          [
            -78.83739600011084,
            38.419909999859826
          ],
          [
            -78.83739600011084,
            38.42009199993647
          ],
          [
            -78.83738699989,
            38.42045299980281
          ],
          [
            -78.83738600006508,
            38.42065399977706
          ],
          [
            -78.83739000026304,
            38.42087599989693
          ],
          [
            -78.83740199995862,
            38.421103999918564
          ],
          [
            -78.83740799980639,
            38.42116699968654
          ],
          [
            -78.8374220000501,
            38.42129199966671
          ],
          [
            -78.83743899976852,
            38.421416000041404
          ],
          [
            -78.83745899986003,
            38.42154000020324
          ],
          [
            -78.83748800017234,
            38.42168800018588
          ],
          [
            -78.83751900013448,
            38.421824000225904
          ],
          [
            -78.83756299961709,
            38.42198299986004
          ],
          [
            -78.83759500030246,
            38.42208899965631
          ],
          [
            -78.83763100028747,
            38.42219299983638
          ],
          [
            -78.83767399994517,
            38.42230900013126
          ],
          [
            -78.83775400031111,
            38.42250899978964
          ],
          [
            -78.83778600009816,
            38.42258700018902
          ],
          [
            -78.83785399987022,
            38.42274300003122
          ],
          [
            -78.83802600029767,
            38.42310400002077
          ],
          [
            -78.83812000000903,
            38.423284999724395
          ],
          [
            -78.83820899969746,
            38.42346100005888
          ],
          [
            -78.83828499986545,
            38.423614999999735
          ],
          [
            -78.83836400040647,
            38.42375999977185
          ],
          [
            -78.8385490003544,
            38.42409600032375
          ],
          [
            -78.83871300038594,
            38.424399999777854
          ],
          [
            -78.83875500021874,
            38.424477000195836
          ],
          [
            -78.83897299977862,
            38.424860000259976
          ],
          [
            -78.83920100028256,
            38.42527400022983
          ],
          [
            -78.83940999962162,
            38.42563999970575
          ],
          [
            -78.83944399995683,
            38.425696000208035
          ],
          [
            -78.83957200000334,
            38.425921999732815
          ],
          [
            -78.83972099996626,
            38.426188000341355
          ],
          [
            -78.83979299993626,
            38.42631000000169
          ],
          [
            -78.83992600000566,
            38.426537999760534
          ],
          [
            -78.84001100039447,
            38.4266890001182
          ],
          [
            -78.84054699997169,
            38.42755100022056
          ],
          [
            -78.84062300013967,
            38.42768899978932
          ],
          [
            -78.84068599988886,
            38.427809999724566
          ],
          [
            -78.8408299998289,
            38.42807199970971
          ],
          [
            -78.84098999966248,
            38.428358000080244
          ],
          [
            -78.84116600028788,
            38.42863400009224
          ],
          [
            -78.84129299961117,
            38.42886300024485
          ],
          [
            -78.84149500017585,
            38.42921400005571
          ],
          [
            -78.84167599992583,
            38.42953600013801
          ],
          [
            -78.8417239996064,
            38.4296370002133
          ],
          [
            -78.841814999843,
            38.429828000199464
          ],
          [
            -78.84198200024757,
            38.430126000322126
          ],
          [
            -78.84207500013399,
            38.430288999857105
          ],
          [
            -78.84210600009612,
            38.43034300033423
          ],
          [
            -78.84219200030986,
            38.430468999883146
          ],
          [
            -78.84253999956609,
            38.43104200016855
          ],
          [
            -78.84259599964257,
            38.43112900012748
          ],
          [
            -78.8427239996891,
            38.43133099990288
          ],
          [
            -78.84277200026798,
            38.43140100028541
          ],
          [
            -78.84285099991071,
            38.43150499972316
          ],
          [
            -78.84309399958495,
            38.43180000011454
          ],
          [
            -78.84321800033183,
            38.43194600028937
          ],
          [
            -78.84333100030973,
            38.43206999996508
          ],
          [
            -78.84344500011255,
            38.432192000244015
          ],
          [
            -78.84356300011332,
            38.43231299967104
          ],
          [
            -78.84360499994611,
            38.432352000216575
          ],
          [
            -78.84377700037356,
            38.43251199983465
          ],
          [
            -78.8440750002994,
            38.432777000159405
          ],
          [
            -78.84424000015585,
            38.43291399965916
          ],
          [
            -78.8445609996479,
            38.43314899989582
          ],
          [
            -78.84464900040976,
            38.43321400027539
          ],
          [
            -78.84474200029616,
            38.433277999964055
          ],
          [
            -78.84483199980956,
            38.4333430002275
          ],
          [
            -78.84496400005403,
            38.433443999903695
          ],
          [
            -78.84542900038444,
            38.43378699988824
          ],
          [
            -78.8456029995634,
            38.43391299976059
          ],
          [
            -78.84603100008387,
            38.43421700011102
          ],
          [
            -78.84640099997975,
            38.434460000331676
          ],
          [
            -78.84671899999704,
            38.43468900030369
          ],
          [
            -78.84682399957904,
            38.43476700021434
          ],
          [
            -78.84702699996862,
            38.43491700034699
          ],
          [
            -78.84740100006243,
            38.43517299975972
          ],
          [
            -78.84774599984395,
            38.435417000180266
          ],
          [
            -78.84815500009786,
            38.43570799978522
          ],
          [
            -78.84839600012228,
            38.43589800000431
          ],
          [
            -78.84850400007731,
            38.435976999907474
          ],
          [
            -78.84868499982727,
            38.436086999833556
          ],
          [
            -78.84900500039274,
            38.43631499968386
          ],
          [
            -78.84906200029413,
            38.43635400017874
          ],
          [
            -78.8492289998004,
            38.43647399978295
          ],
          [
            -78.84933799958036,
            38.436556000113164
          ],
          [
            -78.84957500030512,
            38.4367309998886
          ],
          [
            -78.84980999958346,
            38.43690699982191
          ],
          [
            -78.84995600007163,
            38.43702000007264
          ],
          [
            -78.85002800004165,
            38.43707700006979
          ],
          [
            -78.85009199961576,
            38.437128999941436
          ],
          [
            -78.85013299962364,
            38.43716799999653
          ],
          [
            -78.8501860002254,
            38.437213999854016
          ],
          [
            -78.8502280000582,
            38.437256000187816
          ],
          [
            -78.85028699960944,
            38.437309999676366
          ],
          [
            -78.85067400012203,
            38.43765400016094
          ],
          [
            -78.85075000029,
            38.43772099973731
          ],
          [
            -78.8508470003744,
            38.4378089999581
          ],
          [
            -78.85111799963772,
            38.438051000188096
          ],
          [
            -78.85122099956989,
            38.43814200029443
          ],
          [
            -78.85130299958566,
            38.438213000266764
          ],
          [
            -78.85146900016532,
            38.43837999997602
          ],
          [
            -78.85156100022682,
            38.43847499979829
          ],
          [
            -78.851656999588,
            38.438576000035205
          ],
          [
            -78.85174299980171,
            38.43866899989146
          ],
          [
            -78.85190699983323,
            38.438851999690115
          ],
          [
            -78.85195899971178,
            38.43891199990376
          ],
          [
            -78.85207000003987,
            38.4390420000783
          ],
          [
            -78.85222499985056,
            38.439227999877595
          ],
          [
            -78.85237499963837,
            38.43941799997978
          ],
          [
            -78.85259800011946,
            38.439709000344365
          ],
          [
            -78.8527420000595,
            38.43990899966092
          ],
          [
            -78.85287900032685,
            38.440107000162314
          ],
          [
            -78.85294399972587,
            38.44020500002473
          ],
          [
            -78.85306500009968,
            38.440396000199954
          ],
          [
            -78.85319399997113,
            38.44060900029295
          ],
          [
            -78.85325800044355,
            38.440717999667974
          ],
          [
            -78.85334200010912,
            38.440869999748145
          ],
          [
            -78.85335700017774,
            38.4408929999083
          ],
          [
            -78.85343499999554,
            38.4410260002012
          ],
          [
            -78.85346099993481,
            38.44107099989037
          ],
          [
            -78.8534810000263,
            38.44110299977736
          ],
          [
            -78.8535370001028,
            38.441195000077066
          ],
          [
            -78.85358899998134,
            38.441288999895015
          ],
          [
            -78.85364400023293,
            38.44139500020162
          ],
          [
            -78.85369600011146,
            38.44149800020436
          ],
          [
            -78.85375899986064,
            38.44162700013027
          ],
          [
            -78.85381199956409,
            38.441739000217154
          ],
          [
            -78.85384400024945,
            38.44180899965549
          ],
          [
            -78.85390799982356,
            38.4419510000566
          ],
          [
            -78.85401499995369,
            38.44218899984464
          ],
          [
            -78.8540719998551,
            38.44232999969479
          ],
          [
            -78.85411700006092,
            38.44244600000872
          ],
          [
            -78.85416200026678,
            38.44256600004024
          ],
          [
            -78.85420999994736,
            38.442691000271374
          ],
          [
            -78.85425099995523,
            38.442807999801865
          ],
          [
            -78.85432700012322,
            38.44304300019811
          ],
          [
            -78.85436499975805,
            38.44316999989016
          ],
          [
            -78.85439499989529,
            38.443281999693596
          ],
          [
            -78.85442099983455,
            38.443390000168606
          ],
          [
            -78.85442800040555,
            38.44342499979929
          ],
          [
            -78.85444000010112,
            38.443502000334206
          ],
          [
            -78.854445000124,
            38.443532000273706
          ],
          [
            -78.85445400034482,
            38.44363800010061
          ],
          [
            -78.85445599999464,
            38.44371000008016
          ],
          [
            -78.85445599999464,
            38.44378100020458
          ],
          [
            -78.8544529996216,
            38.44387399968721
          ],
          [
            -78.854445000124,
            38.443990000334026
          ],
          [
            -78.85443900027622,
            38.44402799971687
          ],
          [
            -78.85442800040555,
            38.44411699976694
          ],
          [
            -78.8544109997888,
            38.44420599970727
          ],
          [
            -78.85438900004749,
            38.44429399976166
          ],
          [
            -78.85434999968945,
            38.44442400009349
          ],
          [
            -78.85430799985663,
            38.44454399965072
          ],
          [
            -78.85428199991738,
            38.444609000324334
          ],
          [
            -78.8542540003283,
            38.44467299976136
          ],
          [
            -78.85422400019105,
            38.444736999845226
          ],
          [
            -78.85418999985586,
            38.44480000010316
          ],
          [
            -78.85413100030462,
            38.44490000016521
          ],
          [
            -78.85408299972573,
            38.44497600006336
          ],
          [
            -78.85405799961138,
            38.44501400033423
          ],
          [
            -78.85400499990793,
            38.445087999878574
          ],
          [
            -78.85378999982278,
            38.44537099969874
          ],
          [
            -78.85376399988351,
            38.44540700024022
          ],
          [
            -78.85371000035516,
            38.44548600029058
          ],
          [
            -78.8536850002408,
            38.445525000052015
          ],
          [
            -78.85364500005782,
            38.44559100030387
          ],
          [
            -78.8536009996769,
            38.44567300012754
          ],
          [
            -78.85357499973762,
            38.44572800011156
          ],
          [
            -78.8535510003465,
            38.44578500026821
          ],
          [
            -78.85354200012566,
            38.44581299974855
          ],
          [
            -78.8535160001864,
            38.44588499966899
          ],
          [
            -78.85350299976761,
            38.445931000303666
          ],
          [
            -78.85349799974473,
            38.44595899972741
          ],
          [
            -78.85349699991983,
            38.44598500033835
          ],
          [
            -78.85350299976761,
            38.44603499991753
          ],
          [
            -78.85352200003419,
            38.44611000027665
          ]
        ]
      }
    },
    {
      "type": "Feature",
      "properties": {
        "name": "US 33",
        "tier": 1,
        "highway_class": "major"
      },
      "geometry": {
        "type": "LineString",
        "coordinates": [
          [
            -78.8786219998643,
            38.450947000006416
          ],
          [
            -78.87939400034136,
            38.4510890000163
          ],
          [
            -78.87995800040599,
            38.4511900001901
          ],
          [
            -78.88022700001949,
            38.451239000000655
          ],
          [
            -78.88097100000917,
            38.45137499996083
          ],
          [
            -78.88115400030728,
            38.45140700020386
          ],
          [
            -78.88128800020158,
            38.451431000200955
          ],
          [
            -78.88253599998139,
            38.45165599969762
          ],
          [
            -78.88307499993165,
            38.45175100033752
          ],
          [
            -78.88342399991112,
            38.45182099991439
          ]
        ]
      }
    },
    {
      "type": "Feature",
      "properties": {
        "name": "US 33",
        "tier": 1,
        "highway_class": "major"
      },
      "geometry": {
        "type": "LineString",
        "coordinates": [
          [
            -78.88342399991112,
            38.45182099991439
          ],
          [
            -78.88365400006488,
            38.451827999727676
          ],
          [
            -78.88376799986769,
            38.451833000196864
          ],
          [
            -78.88384400003567,
            38.45184499977379
          ],
          [
            -78.8838809998456,
            38.451852999959684
          ],
          [
            -78.88419300001513,
            38.451910000202986
          ],
          [
            -78.88450199981162,
            38.45196199994136
          ],
          [
            -78.88478499966884,
            38.452012999973114
          ],
          [
            -78.88505400018067,
            38.45205100005603
          ],
          [
            -78.8852530003723,
            38.452066000009246
          ],
          [
            -78.88536299997713,
            38.45207299979871
          ],
          [
            -78.8855710003896,
            38.452070999758426
          ],
          [
            -78.8857250003754,
            38.4520669996777
          ],
          [
            -78.88585099987378,
            38.45206199992824
          ],
          [
            -78.8865980002365,
            38.45202799993417
          ],
          [
            -78.88683400023805,
            38.45202100014033
          ],
          [
            -78.88710299985156,
            38.45201999976772
          ],
          [
            -78.88724900033975,
            38.45202399985105
          ],
          [
            -78.8875210003263,
            38.45203600009971
          ],
          [
            -78.88774800010704,
            38.45205500013765
          ],
          [
            -78.88782099990196,
            38.452063999968765
          ],
          [
            -78.88803000013934,
            38.452095999906234
          ],
          [
            -78.88808899969057,
            38.45210600010362
          ],
          [
            -78.88833999976073,
            38.452154999995585
          ],
          [
            -78.88854099960218,
            38.452201999817625
          ],
          [
            -78.88868799991529,
            38.45223999980107
          ],
          [
            -78.8887950000454,
            38.452270999994866
          ],
          [
            -78.88891300004617,
            38.452306999908224
          ],
          [
            -78.8890190003514,
            38.45234299980358
          ],
          [
            -78.88907500042788,
            38.452363000128535
          ],
          [
            -78.88946799988996,
            38.452515000306455
          ],
          [
            -78.88962500024878,
            38.45257800010581
          ],
          [
            -78.89016000000107,
            38.45279100012565
          ],
          [
            -78.89037400026133,
            38.45287199984926
          ],
          [
            -78.8905890003465,
            38.452949999809825
          ],
          [
            -78.89080600008145,
            38.45302599967226
          ],
          [
            -78.8909480003717,
            38.453071999975876
          ],
          [
            -78.8910909995885,
            38.45311600023889
          ],
          [
            -78.89144799996389,
            38.45321600003334
          ],
          [
            -78.8915120004363,
            38.45323299975244
          ],
          [
            -78.89164299995754,
            38.453264999875
          ],
          [
            -78.89217600006002,
            38.45338399985437
          ],
          [
            -78.89355100006146,
            38.45369599979063
          ],
          [
            -78.8937360000094,
            38.45373799967899
          ],
          [
            -78.89402800008745,
            38.453802000165375
          ],
          [
            -78.89431000011973,
            38.45386700023857
          ],
          [
            -78.89454500029638,
            38.45391600034155
          ],
          [
            -78.89471600000061,
            38.45395600011386
          ],
          [
            -78.89492500023798,
            38.454003000169685
          ],
          [
            -78.89519700022453,
            38.45406600007676
          ],
          [
            -78.89537700014961,
            38.45411399970106
          ],
          [
            -78.89543700042404,
            38.45413000027219
          ],
          [
            -78.89567099987745,
            38.45418700012366
          ],
          [
            -78.89585199962742,
            38.45423799998963
          ],
          [
            -78.8960969998498,
            38.45430900030853
          ],
          [
            -78.89632799982849,
            38.45438100019395
          ],
          [
            -78.89655799998226,
            38.454456000320675
          ],
          [
            -78.89681200042548,
            38.454543000201085
          ],
          [
            -78.89742900019354,
            38.45475999997942
          ],
          [
            -78.8977649997542,
            38.454881999898845
          ],
          [
            -78.89785799964062,
            38.454913999993416
          ]
        ]
      }
    },
    {
      "type": "Feature",
      "properties": {
        "name": "US 33",
        "tier": 1,
        "highway_class": "major"
      },
      "geometry": {
        "type": "LineString",
        "coordinates": [
          [
            -78.89778499984568,
            38.455014999737344
          ],
          [
            -78.89763199968482,
            38.454961999757046
          ],
          [
            -78.89689400044125,
            38.45469699997485
          ],
          [
            -78.89652899966994,
            38.45457099980069
          ],
          [
            -78.89625500003356,
            38.45448000000703
          ],
          [
            -78.89595200008485,
            38.45439100007468
          ],
          [
            -78.89564199956514,
            38.454300999691505
          ],
          [
            -78.89538100034756,
            38.454230999706716
          ],
          [
            -78.89529000011096,
            38.454206000298655
          ],
          [
            -78.89483499982629,
            38.45409999981391
          ],
          [
            -78.89455899964176,
            38.45404000026693
          ],
          [
            -78.89430900029483,
            38.45398199995392
          ],
          [
            -78.89398399970649,
            38.45390999967031
          ],
          [
            -78.89351199970339,
            38.453806999794324
          ],
          [
            -78.89314199980755,
            38.45372399971894
          ],
          [
            -78.89287700039199,
            38.45366300021293
          ],
          [
            -78.89198600008923,
            38.45346300031754
          ],
          [
            -78.89159000025411,
            38.4533730001837
          ],
          [
            -78.89136900032116,
            38.45331900004959
          ],
          [
            -78.89115099986297,
            38.45325899985307
          ],
          [
            -78.89100699992291,
            38.45321600003334
          ],
          [
            -78.8907940003859,
            38.4531479997098
          ],
          [
            -78.89046899979758,
            38.4530330000721
          ],
          [
            -78.89036199966745,
            38.45299400014719
          ],
          [
            -78.89014800030553,
            38.4529129998571
          ],
          [
            -78.88955400010369,
            38.4526770002824
          ],
          [
            -78.88906500038215,
            38.45248499988017
          ],
          [
            -78.88889700015264,
            38.452426000060605
          ],
          [
            -78.88878400017474,
            38.45239000020666
          ],
          [
            -78.88867000037192,
            38.452355999663695
          ],
          [
            -78.8885559996708,
            38.452325000209875
          ],
          [
            -78.88843900039325,
            38.45229499970458
          ],
          [
            -78.88837400009591,
            38.45227999979903
          ],
          [
            -78.88814700031521,
            38.45223000032571
          ],
          [
            -78.88795999981915,
            38.45219700007751
          ],
          [
            -78.88774300008416,
            38.45216700022251
          ],
          [
            -78.88752499962595,
            38.45214200009931
          ],
          [
            -78.88745299965592,
            38.45213500031653
          ],
          [
            -78.88723400027114,
            38.45211699996743
          ],
          [
            -78.88716200030112,
            38.452112000221426
          ],
          [
            -78.88708799978295,
            38.45210800014293
          ],
          [
            -78.88671299986423,
            38.45211800033869
          ],
          [
            -78.88658800019077,
            38.452123000084285
          ],
          [
            -78.8860779996545,
            38.4521489998814
          ],
          [
            -78.88557200021452,
            38.452169999927165
          ],
          [
            -78.88540399998503,
            38.452171999964705
          ],
          [
            -78.8852890003573,
            38.452167999889575
          ],
          [
            -78.88512399960254,
            38.45215400032834
          ],
          [
            -78.88484999996616,
            38.45212100004539
          ],
          [
            -78.88471299969882,
            38.45209799994583
          ],
          [
            -78.88443999988733,
            38.45205199972471
          ],
          [
            -78.88390099993708,
            38.4519539997676
          ],
          [
            -78.88373600008063,
            38.45191900005219
          ],
          [
            -78.88366800030857,
            38.4519029996942
          ],
          [
            -78.88342399991112,
            38.45182099991439
          ]
        ]
      }
    },
    {
      "type": "Feature",
      "properties": {
        "name": "US 33",
        "tier": 1,
        "highway_class": "major"
      },
      "geometry": {
        "type": "LineString",
        "coordinates": [
          [
            -78.46734800037197,
            38.305146999921156
          ],
          [
            -78.4675619997339,
            38.30538400008335
          ],
          [
            -78.46860399964939,
            38.30651100031134
          ],
          [
            -78.4692380000342,
            38.30719600013435
          ],
          [
            -78.46982200019029,
            38.30781999987341
          ],
          [
            -78.47050199970755,
            38.30855200022091
          ],
          [
            -78.47092199983211,
            38.30900900026831
          ],
          [
            -78.47126300031398,
            38.309380000052286
          ],
          [
            -78.47228400031307,
            38.31049000005347
          ],
          [
            -78.47253500038323,
            38.3107820001385
          ],
          [
            -78.47272100015608,
            38.31102200013913
          ],
          [
            -78.47301200040921,
            38.31144899965685
          ],
          [
            -78.47317800009057,
            38.31172300003368
          ],
          [
            -78.47345599992491,
            38.31216599993981
          ],
          [
            -78.47366500016228,
            38.312486000000845
          ],
          [
            -78.47382599982076,
            38.31270699998296
          ],
          [
            -78.47383400021668,
            38.312716999733404
          ],
          [
            -78.47400599974581,
            38.312926000334166
          ],
          [
            -78.4740740004162,
            38.31300300032947
          ],
          [
            -78.4743830002127,
            38.31329500016371
          ],
          [
            -78.47480599981199,
            38.31366400023012
          ],
          [
            -78.47500800037668,
            38.313848000178574
          ],
          [
            -78.47520599984506,
            38.314047000068484
          ],
          [
            -78.47531200015028,
            38.31417099965992
          ],
          [
            -78.47549899974804,
            38.31441000026377
          ],
          [
            -78.47561299955083,
            38.314594999889465
          ],
          [
            -78.47574899999327,
            38.31485400012318
          ],
          [
            -78.47579599984894,
            38.3149620000779
          ],
          [
            -78.47584199987969,
            38.31506899971781
          ],
          [
            -78.47623400041518,
            38.31622700033642
          ],
          [
            -78.47632200027871,
            38.31649000021204
          ],
          [
            -78.47634300019511,
            38.316548000230455
          ],
          [
            -78.47638300037809,
            38.31666599968714
          ],
          [
            -78.4764679998686,
            38.31696200008348
          ],
          [
            -78.47650600040174,
            38.317137999822485
          ],
          [
            -78.47653200034101,
            38.31733300005954
          ],
          [
            -78.4765390000137,
            38.317568000335136
          ],
          [
            -78.47652499977,
            38.31776300012052
          ],
          [
            -78.47650200020378,
            38.31791899985315
          ],
          [
            -78.4764260000358,
            38.318244999855274
          ],
          [
            -78.47633099960125,
            38.31856700008317
          ],
          [
            -78.47618699966121,
            38.31896400009622
          ],
          [
            -78.47602099997985,
            38.319452000160695
          ],
          [
            -78.47590999965176,
            38.31980800016321
          ],
          [
            -78.4758760002149,
            38.319965999897235
          ],
          [
            -78.47586100014628,
            38.3201270002444
          ],
          [
            -78.47586500034424,
            38.32028800023405
          ],
          [
            -78.47588899973537,
            38.320448999866116
          ],
          [
            -78.47593300011631,
            38.320608999767884
          ],
          [
            -78.4759959998655,
            38.3207630002736
          ],
          [
            -78.47605699996485,
            38.320880999918025
          ],
          [
            -78.4761509996762,
            38.32102200032238
          ],
          [
            -78.47623799971481,
            38.32112900018126
          ],
          [
            -78.47636800030948,
            38.321333000159605
          ],
          [
            -78.47649200015803,
            38.32151600031509
          ],
          [
            -78.47663000025031,
            38.32171799978469
          ],
          [
            -78.4767149997408,
            38.3218709999887
          ],
          [
            -78.47678699971082,
            38.322030000217865
          ],
          [
            -78.47685899968084,
            38.32224100016078
          ],
          [
            -78.4769109995594,
            38.322455999698036
          ],
          [
            -78.47692099960513,
            38.32263799978801
          ],
          [
            -78.47691599958225,
            38.32286500011569
          ],
          [
            -78.47689700021398,
            38.322994999694465
          ],
          [
            -78.47686399970372,
            38.32331900004794
          ],
          [
            -78.47686700007677,
            38.32347299972995
          ],
          [
            -78.47688799999317,
            38.3236269997895
          ],
          [
            -78.47692300015326,
            38.32376699975201
          ],
          [
            -78.47697300038197,
            38.32389699982736
          ],
          [
            -78.47704100015405,
            38.32402100019162
          ],
          [
            -78.47713599969028,
            38.324153999897575
          ],
          [
            -78.47722699992687,
            38.32425399987605
          ],
          [
            -78.47730999976754,
            38.324326999716874
          ],
          [
            -78.47748399984484,
            38.32445500014842
          ],
          [
            -78.47761199989135,
            38.324564999942275
          ],
          [
            -78.47772499986925,
            38.324683999761966
          ],
          [
            -78.47780699988502,
            38.32479900001206
          ],
          [
            -78.47789300009875,
            38.32495400009106
          ],
          [
            -78.47796300041892,
            38.32511499993132
          ],
          [
            -78.47809800013815,
            38.32560400017759
          ],
          [
            -78.47815900023753,
            38.32580300021826
          ],
          [
            -78.4782499995758,
            38.326035999812305
          ],
          [
            -78.4783330003148,
            38.32619200006555
          ],
          [
            -78.47841600015546,
            38.32630800003619
          ],
          [
            -78.47851400006476,
            38.32641599984198
          ],
          [
            -78.47860299975322,
            38.326497000295404
          ],
          [
            -78.47930300026027,
            38.32700300020042
          ],
          [
            -78.47944100035254,
            38.32711299965104
          ],
          [
            -78.47958799976732,
            38.32721499974839
          ],
          [
            -78.47978100011116,
            38.327333000165545
          ],
          [
            -78.47994299959454,
            38.32742000020078
          ],
          [
            -78.48011199964895,
            38.32749800028941
          ],
          [
            -78.48030699964262,
            38.32756699975572
          ],
          [
            -78.48052299955269,
            38.32763099995776
          ],
          [
            -78.48055699988788,
            38.32764099976399
          ],
          [
            -78.48074100001088,
            38.32767999969992
          ],
          [
            -78.48103899993671,
            38.32774499978127
          ],
          [
            -78.48124999982392,
            38.32779600010792
          ],
          [
            -78.48137299984757,
            38.32782200024678
          ],
          [
            -78.48341800021882,
            38.328249000190326
          ],
          [
            -78.48392200000897,
            38.328361999775915
          ],
          [
            -78.48415999966035,
            38.32840799981865
          ],
          [
            -78.48462699964058,
            38.328512000144734
          ],
          [
            -78.48501300032828,
            38.32858699986035
          ],
          [
            -78.48529600018549,
            38.328648999933144
          ],
          [
            -78.48574499972406,
            38.328755999808926
          ],
          [
            -78.48585699987706,
            38.32878600016727
          ],
          [
            -78.48610999959703,
            38.328854999816784
          ],
          [
            -78.48642099994167,
            38.32894899987698
          ],
          [
            -78.48704199990769,
            38.329163999953735
          ],
          [
            -78.48753400000227,
            38.32935900025839
          ],
          [
            -78.48801799970096,
            38.32956300032995
          ],
          [
            -78.48861799975057,
            38.32980400012711
          ],
          [
            -78.48899000019458,
            38.32996299986734
          ],
          [
            -78.48913999998238,
            38.330028999962884
          ],
          [
            -78.48939600007542,
            38.33012800034582
          ],
          [
            -78.4900980002323,
            38.330421000209846
          ],
          [
            -78.49042499957214,
            38.33055999979355
          ],
          [
            -78.49078500032056,
            38.33071299965572
          ],
          [
            -78.4918230000381,
            38.3311329999521
          ],
          [
            -78.49213799968237,
            38.33124300018115
          ],
          [
            -78.4924499998519,
            38.331335000103536
          ],
          [
            -78.4927539996255,
            38.33141799984905
          ],
          [
            -78.49304599970355,
            38.33148300010131
          ],
          [
            -78.49328300042833,
            38.33152499986466
          ],
          [
            -78.49418800007649,
            38.331636000128825
          ],
          [
            -78.49476499966158,
            38.331690000310104
          ],
          [
            -78.49509400044786,
            38.33172100008281
          ],
          [
            -78.49532700007637,
            38.331739000126575
          ],
          [
            -78.49571500041388,
            38.33178099974161
          ],
          [
            -78.49590799985943,
            38.33181100025704
          ],
          [
            -78.49619200043986,
            38.33187099984132
          ],
          [
            -78.49642300041856,
            38.331937000313175
          ],
          [
            -78.49669700005492,
            38.33203399965905
          ],
          [
            -78.49692899985853,
            38.33212999966114
          ],
          [
            -78.49715099961638,
            38.3322379999519
          ],
          [
            -78.49750299996889,
            38.3324329997365
          ],
          [
            -78.4984040003174,
            38.332989999967495
          ],
          [
            -78.49910099955306,
            38.33341400005899
          ],
          [
            -78.49961399956406,
            38.33372700007378
          ],
          [
            -78.49974699963344,
            38.333808000107275
          ],
          [
            -78.49998699983296,
            38.33395500009341
          ],
          [
            -78.50048099957738,
            38.33427100025714
          ],
          [
            -78.50090099970193,
            38.33451700003272
          ],
          [
            -78.50147900001025,
            38.334874999795126
          ],
          [
            -78.50169200044559,
            38.33500100016066
          ],
          [
            -78.50210300034934,
            38.33525300023441
          ],
          [
            -78.50283599957002,
            38.335709999686934
          ],
          [
            -78.5029600003169,
            38.33579300005842
          ],
          [
            -78.50326200044069,
            38.33600900012949
          ],
          [
            -78.5035949996283,
            38.336271000245276
          ],
          [
            -78.50384200039883,
            38.33647599974249
          ],
          [
            -78.50414000032465,
            38.33672800032323
          ],
          [
            -78.5044530003191,
            38.33699999987698
          ],
          [
            -78.50483699956034,
            38.337326000027794
          ],
          [
            -78.50498899989631,
            38.33745599973934
          ],
          [
            -78.50510500024727,
            38.33756200015534
          ],
          [
            -78.50519800013367,
            38.33764800004657
          ],
          [
            -78.50540200034818,
            38.33784300006902
          ],
          [
            -78.50567299961152,
            38.33813400006955
          ],
          [
            -78.50581699955156,
            38.33830300030093
          ],
          [
            -78.50586599995536,
            38.33836099977665
          ],
          [
            -78.5061150003757,
            38.338671999902964
          ],
          [
            -78.50633200011069,
            38.33897100010013
          ],
          [
            -78.50644599991351,
            38.33914399978027
          ],
          [
            -78.50684900031965,
            38.339775999971515
          ],
          [
            -78.50706299968155,
            38.34008199991145
          ],
          [
            -78.50712700015397,
            38.34016299988645
          ],
          [
            -78.5073749998511,
            38.34045100031669
          ],
          [
            -78.50755399995123,
            38.3406330003113
          ],
          [
            -78.50769799989129,
            38.34075700022385
          ],
          [
            -78.50838699962937,
            38.34138799993964
          ],
          [
            -78.5085299997445,
            38.34150800010771
          ],
          [
            -78.50895800026498,
            38.341882999704076
          ],
          [
            -78.50914599968765,
            38.34205200034934
          ],
          [
            -78.50934999990214,
            38.34223600010745
          ],
          [
            -78.5096980000567,
            38.34253399991127
          ],
          [
            -78.51012200037924,
            38.342911000077066
          ],
          [
            -78.5107049998121,
            38.343427999717406
          ],
          [
            -78.51100299973793,
            38.34366599991821
          ],
          [
            -78.51118500021113,
            38.3437889998132
          ],
          [
            -78.51142200003758,
            38.34393300000908
          ],
          [
            -78.5116699997347,
            38.34406599980852
          ],
          [
            -78.51188999984274,
            38.34416899975026
          ],
          [
            -78.51217900044604,
            38.34429099974487
          ],
          [
            -78.51365999985437,
            38.344838999900354
          ],
          [
            -78.51417299986537,
            38.345019999697904
          ],
          [
            -78.51427400014771,
            38.345056999958935
          ],
          [
            -78.51518200016889,
            38.34539200022435
          ],
          [
            -78.51586000003633,
            38.345636000115476
          ],
          [
            -78.51655100032254,
            38.34589700020938
          ],
          [
            -78.51672500039982,
            38.34597000008896
          ],
          [
            -78.51693499956379,
            38.34607300014131
          ],
          [
            -78.51759800026092,
            38.346458999807446
          ],
          [
            -78.51784900033108,
            38.34659300032385
          ],
          [
            -78.5180059997916,
            38.34666400006591
          ],
          [
            -78.51821000000612,
            38.34674199987096
          ],
          [
            -78.5184219997182,
            38.34680699976173
          ],
          [
            -78.5186390003515,
            38.346858999773296
          ],
          [
            -78.51881599990351,
            38.34689099981601
          ],
          [
            -78.51904000020949,
            38.34691900028213
          ],
          [
            -78.51930499962505,
            38.346930999673404
          ],
          [
            -78.519569000114,
            38.34692900024468
          ],
          [
            -78.51978099982611,
            38.3469159997295
          ],
          [
            -78.52052700036391,
            38.346840000247596
          ],
          [
            -78.52097199970453,
            38.346801000056075
          ],
          [
            -78.52152900009645,
            38.346766000119224
          ],
          [
            -78.5217090000215,
            38.34676100012684
          ],
          [
            -78.52204899978013,
            38.34677100011121
          ],
          [
            -78.52238900043706,
            38.346796000066114
          ],
          [
            -78.52272599982264,
            38.346833999840136
          ],
          [
            -78.52297000022013,
            38.34686599989391
          ],
          [
            -78.52321000041962,
            38.34691099974747
          ],
          [
            -78.5233989996672,
            38.346956999991626
          ],
          [
            -78.52357799976735,
            38.347011000026484
          ],
          [
            -78.523736999776,
            38.34707099970492
          ],
          [
            -78.52387099967031,
            38.34713199974973
          ],
          [
            -78.52402300000628,
            38.34721699984199
          ],
          [
            -78.52416199992345,
            38.34731399986689
          ],
          [
            -78.5242649998556,
            38.34739899974555
          ],
          [
            -78.52487999997383,
            38.34800600024784
          ],
          [
            -78.52496600018756,
            38.348077000013724
          ],
          [
            -78.52506400009686,
            38.348137000218046
          ],
          [
            -78.52517200005188,
            38.34818600018367
          ],
          [
            -78.52528800040284,
            38.34822199983533
          ],
          [
            -78.52540899987835,
            38.34824499989699
          ],
          [
            -78.52550900033579,
            38.34824499989699
          ],
          [
            -78.52560600042015,
            38.3482330000189
          ],
          [
            -78.5256580002987,
            38.348226999726855
          ],
          [
            -78.5257999996906,
            38.34818899997922
          ],
          [
            -78.5258900001023,
            38.34815199990912
          ],
          [
            -78.52599300003445,
            38.34809599991944
          ],
          [
            -78.52628799958723,
            38.347882000063095
          ],
          [
            -78.52669500019131,
            38.34759799981729
          ],
          [
            -78.52677999968184,
            38.3475510002745
          ],
          [
            -78.52692899964474,
            38.34748099969975
          ],
          [
            -78.5270869998285,
            38.347424000188205
          ],
          [
            -78.52725199968494,
            38.34738100006967
          ],
          [
            -78.52738700030247,
            38.3473570000252
          ],
          [
            -78.5275589998316,
            38.34733900033883
          ],
          [
            -78.52773200008396,
            38.347340000047566
          ],
          [
            -78.52807699986545,
            38.3473570000252
          ],
          [
            -78.52835300004998,
            38.34738199977778
          ],
          [
            -78.52872600031887,
            38.34742900013477
          ],
          [
            -78.52888899962718,
            38.34746300004425
          ],
          [
            -78.52904599998602,
            38.347511000055
          ],
          [
            -78.52939999998834,
            38.347661999940144
          ],
          [
            -78.52953499970756,
            38.347726999709785
          ],
          [
            -78.52973499972408,
            38.34782799997312
          ],
          [
            -78.53006000031243,
            38.348006999947366
          ],
          [
            -78.5301930003818,
            38.348098999718665
          ],
          [
            -78.53034700036761,
            38.3482230002364
          ],
          [
            -78.53048700010969,
            38.348357000307146
          ],
          [
            -78.5306779999054,
            38.348573999948535
          ],
          [
            -78.53083199989119,
            38.3487249997309
          ],
          [
            -78.53105600019717,
            38.34891499968162
          ],
          [
            -78.53122400042666,
            38.34903700013615
          ],
          [
            -78.53136699964348,
            38.349126000251445
          ],
          [
            -78.53158199972863,
            38.34924600028127
          ],
          [
            -78.53190499976883,
            38.349405000331565
          ],
          [
            -78.53408499985929,
            38.35048000011287
          ],
          [
            -78.53425399991369,
            38.350579999690886
          ],
          [
            -78.5343810001353,
            38.3506690000234
          ],
          [
            -78.53452900027331,
            38.3507890003144
          ],
          [
            -78.53463700022834,
            38.35089199985375
          ],
          [
            -78.53476000025198,
            38.3510279999376
          ],
          [
            -78.53517100015571,
            38.351583000211484
          ],
          [
            -78.53539600028661,
            38.351909999897025
          ],
          [
            -78.53583700032759,
            38.35251499994821
          ],
          [
            -78.53645499992057,
            38.35329599986638
          ],
          [
            -78.53658200014216,
            38.3534870001285
          ],
          [
            -78.53664300024153,
            38.35359200000638
          ],
          [
            -78.53671600003646,
            38.35376699993407
          ],
          [
            -78.53675799986925,
            38.35391600021944
          ],
          [
            -78.53678299998361,
            38.35406799975028
          ],
          [
            -78.53678899983139,
            38.35422099998461
          ],
          [
            -78.53677899978565,
            38.354370999651884
          ],
          [
            -78.53675700004435,
            38.35449100014819
          ],
          [
            -78.53671400038664,
            38.35463799972784
          ],
          [
            -78.53653899958614,
            38.355033000182175
          ],
          [
            -78.53623700036066,
            38.35563800020454
          ],
          [
            -78.5361980000026,
            38.35570600004827
          ],
          [
            -78.53607300032914,
            38.35597500001586
          ],
          [
            -78.53601600042774,
            38.35612700015537
          ],
          [
            -78.53599700016115,
            38.356217999886894
          ],
          [
            -78.53598000044272,
            38.356368000348084
          ],
          [
            -78.53598000044272,
            38.356500000271474
          ],
          [
            -78.53599799998605,
            38.35663199995421
          ],
          [
            -78.53603399997107,
            38.35676200023899
          ],
          [
            -78.53607499997896,
            38.35686299987654
          ],
          [
            -78.53614699994898,
            38.357000999871836
          ],
          [
            -78.53619600035279,
            38.3570759996824
          ],
          [
            -78.53627099979754,
            38.35716299992888
          ],
          [
            -78.53636100020921,
            38.357241999973006
          ],
          [
            -78.53642800015636,
            38.35728300002437
          ],
          [
            -78.53651400037009,
            38.35731900008469
          ],
          [
            -78.53659800003568,
            38.35733899995391
          ],
          [
            -78.5366840002494,
            38.357348999886476
          ],
          [
            -78.53678200015871,
            38.35734700004097
          ],
          [
            -78.53687699969494,
            38.35733000029523
          ],
          [
            -78.53696700010664,
            38.35729999978114
          ],
          [
            -78.53703200040397,
            38.357266999835296
          ],
          [
            -78.53710500019889,
            38.357215999825335
          ],
          [
            -78.53715399970437,
            38.35716799990747
          ],
          [
            -78.53719300006244,
            38.357114999975835
          ],
          [
            -78.53737100033767,
            38.35676499967929
          ],
          [
            -78.53749500018623,
            38.35655499981631
          ],
          [
            -78.53755100026272,
            38.35648500019624
          ],
          [
            -78.53763400010341,
            38.35640499974249
          ],
          [
            -78.53773100018778,
            38.35633499997744
          ],
          [
            -78.5378380003179,
            38.356275000225516
          ],
          [
            -78.53795399977054,
            38.3562269996838
          ],
          [
            -78.5380779996191,
            38.356192000075865
          ],
          [
            -78.53856600041404,
            38.35613200020549
          ],
          [
            -78.53868799971447,
            38.35611000012317
          ],
          [
            -78.53880700043847,
            38.356079999808
          ],
          [
            -78.53894999965529,
            38.356031000252706
          ],
          [
            -78.5390850002728,
            38.35596899966089
          ],
          [
            -78.53920999994628,
            38.35589599999809
          ],
          [
            -78.5393870003966,
            38.3557649999748
          ],
          [
            -78.53947500026015,
            38.35571199972058
          ],
          [
            -78.53956899997148,
            38.35566600010652
          ],
          [
            -78.53969500036817,
            38.35561999975872
          ],
          [
            -78.53982599988944,
            38.35558699975155
          ],
          [
            -78.53996200033187,
            38.355567000102816
          ],
          [
            -78.54007299976165,
            38.35556099971399
          ],
          [
            -78.54015599960232,
            38.35556200001367
          ],
          [
            -78.54038499993116,
            38.35557999976945
          ],
          [
            -78.54085799975918,
            38.355610000291804
          ],
          [
            -78.54110299998158,
            38.35561700027099
          ],
          [
            -78.54135599970157,
            38.3556120001853
          ],
          [
            -78.54160900031987,
            38.35559800022523
          ],
          [
            -78.5419230001392,
            38.35556799969791
          ],
          [
            -78.54229600040813,
            38.35551300010776
          ],
          [
            -78.54292200039701,
            38.35539499979588
          ],
          [
            -78.5430549995681,
            38.35538299969367
          ],
          [
            -78.54318900036071,
            38.35538500029788
          ],
          [
            -78.54332099970686,
            38.35540199979585
          ],
          [
            -78.54342299981411,
            38.35542599999193
          ],
          [
            -78.5435409998149,
            38.355476999853884
          ],
          [
            -78.54365299996789,
            38.355535999967074
          ],
          [
            -78.54378199983933,
            38.35561900016429
          ],
          [
            -78.5438999998401,
            38.35571300001818
          ],
          [
            -78.54400500032041,
            38.35581600030242
          ],
          [
            -78.54426700026121,
            38.35613900013421
          ],
          [
            -78.54442899974462,
            38.35630600004485
          ],
          [
            -78.54457000020993,
            38.35643199976463
          ],
          [
            -78.54477100005138,
            38.35657999991577
          ],
          [
            -78.54498600013653,
            38.35671599988314
          ],
          [
            -78.54519899967354,
            38.35683400015543
          ],
          [
            -78.54530400015385,
            38.35688600001139
          ],
          [
            -78.5453510000095,
            38.356909000138984
          ],
          [
            -78.54540999956075,
            38.356932999835536
          ]
        ]
      }
    },
    {
      "type": "Feature",
      "properties": {
        "name": "US 33",
        "tier": 1,
        "highway_class": "major"
      },
      "geometry": {
        "type": "LineString",
        "coordinates": [
          [
            -78.3684210000639,
            38.23317599988293
          ],
          [
            -78.3690060000449,
            38.233191000067684
          ],
          [
            -78.36924700006934,
            38.23320200006009
          ],
          [
            -78.36953599977433,
            38.23322800022795
          ],
          [
            -78.37036199977976,
            38.23332899978778
          ],
          [
            -78.37066300007865,
            38.23337400023817
          ],
          [
            -78.37103200014958,
            38.23342400000024
          ],
          [
            -78.37140100022052,
            38.233475000300814
          ],
          [
            -78.37161200010773,
            38.23350099966549
          ],
          [
            -78.37188800029223,
            38.23352199968832
          ],
          [
            -78.37200499956978,
            38.23352400012699
          ],
          [
            -78.37216399957846,
            38.23352800029855
          ],
          [
            -78.3724409995879,
            38.23351999995521
          ],
          [
            -78.3727159999475,
            38.23349600033115
          ],
          [
            -78.37357000044034,
            38.23343499995745
          ],
          [
            -78.37538800013256,
            38.233307999709226
          ],
          [
            -78.37580200040935,
            38.233293000254186
          ],
          [
            -78.3762159997878,
            38.233291999678904
          ],
          [
            -78.37672200012611,
            38.23331000015379
          ],
          [
            -78.37714899992336,
            38.23334100033398
          ],
          [
            -78.37757400007081,
            38.2333860000713
          ],
          [
            -78.3783680002892,
            38.233509999877626
          ],
          [
            -78.3787070002229,
            38.23357799995479
          ],
          [
            -78.37908899981433,
            38.23367000024852
          ],
          [
            -78.37980299966677,
            38.233876000269454
          ],
          [
            -78.38072599975658,
            38.23415499994967
          ],
          [
            -78.3813259998062,
            38.234331999973364
          ],
          [
            -78.38171800034168,
            38.2344549997242
          ],
          [
            -78.38237699994252,
            38.234649000015494
          ],
          [
            -78.38306900005365,
            38.23486000003203
          ],
          [
            -78.38354400042981,
            38.235021000101085
          ],
          [
            -78.38401100041004,
            38.2351959997411
          ],
          [
            -78.38432900042737,
            38.23534100019232
          ],
          [
            -78.38445999994862,
            38.23540400005984
          ],
          [
            -78.38475100020175,
            38.23555399999501
          ],
          [
            -78.38509099996037,
            38.23574700034084
          ],
          [
            -78.38534799987832,
            38.23590200014899
          ],
          [
            -78.38555799994062,
            38.23603799999987
          ],
          [
            -78.38584699964561,
            38.23624600002687
          ],
          [
            -78.38606900030177,
            38.236419999714585
          ],
          [
            -78.38633399971732,
            38.23664700023838
          ],
          [
            -78.3865930001834,
            38.236897999973905
          ],
          [
            -78.38670000031352,
            38.237010000203234
          ],
          [
            -78.38700999993495,
            38.23735699992553
          ],
          [
            -78.38723500006583,
            38.237620999682825
          ],
          [
            -78.38789399966667,
            38.23843199997105
          ],
          [
            -78.3881349996911,
            38.23873799992005
          ],
          [
            -78.38844199983777,
            38.23910700017939
          ],
          [
            -78.38867899966424,
            38.239406000199644
          ],
          [
            -78.38879199964214,
            38.23953800000613
          ],
          [
            -78.38903000019182,
            38.239838999929994
          ],
          [
            -78.38954099965467,
            38.24046600019787
          ],
          [
            -78.38978099985418,
            38.24076800028007
          ],
          [
            -78.39086100030283,
            38.24209900028409
          ],
          [
            -78.39202200004404,
            38.24352999967942
          ],
          [
            -78.39207499974748,
            38.24359399994043
          ],
          [
            -78.39414500023308,
            38.24614500010045
          ],
          [
            -78.39521200026293,
            38.24746699982735
          ],
          [
            -78.39547400020378,
            38.24776600003375
          ],
          [
            -78.3957870001982,
            38.24809700032603
          ],
          [
            -78.39604900013903,
            38.24834699967118
          ],
          [
            -78.3962369995617,
            38.24851299992399
          ],
          [
            -78.39643300027858,
            38.248678999797626
          ],
          [
            -78.39665000001355,
            38.248851000048774
          ],
          [
            -78.39705900026748,
            38.249154000222916
          ],
          [
            -78.39733399972877,
            38.24937000012774
          ],
          [
            -78.3976740003857,
            38.24966599992139
          ],
          [
            -78.39786299963329,
            38.24984300028028
          ],
          [
            -78.39811200005362,
            38.25011400013797
          ],
          [
            -78.39831200007018,
            38.250359999649255
          ],
          [
            -78.39842099985012,
            38.25050799979725
          ],
          [
            -78.39863799958508,
            38.25083299970802
          ],
          [
            -78.39881500003541,
            38.251160999859216
          ],
          [
            -78.39895899997545,
            38.251464000279384
          ],
          [
            -78.399010999854,
            38.25158699997071
          ],
          [
            -78.3991020000906,
            38.2518530001915
          ],
          [
            -78.39918400010635,
            38.252155000232634
          ],
          [
            -78.39929000041157,
            38.25261399979799
          ],
          [
            -78.3993840001229,
            38.252935999957536
          ],
          [
            -78.39948700005506,
            38.25321800006022
          ],
          [
            -78.39962699979714,
            38.253533999995796
          ],
          [
            -78.39973200027744,
            38.253731999933805
          ],
          [
            -78.39988299989018,
            38.25398299993845
          ],
          [
            -78.400040000249,
            38.25421100022833
          ],
          [
            -78.40025299978603,
            38.25448500016856
          ],
          [
            -78.40040699977182,
            38.25466200007758
          ],
          [
            -78.40065600019217,
            38.25491700009723
          ],
          [
            -78.40142399957297,
            38.25562499999165
          ],
          [
            -78.40525999987224,
            38.25909799977169
          ],
          [
            -78.40554199990456,
            38.25935100001415
          ],
          [
            -78.40623999986347,
            38.26000400032117
          ],
          [
            -78.40649299958346,
            38.26027100026629
          ],
          [
            -78.40658999966783,
            38.260379999850905
          ],
          [
            -78.40678600038474,
            38.26061499980325
          ],
          [
            -78.40697800000535,
            38.26086600001433
          ],
          [
            -78.407205999611,
            38.26118300003375
          ],
          [
            -78.40739599958178,
            38.26148600028136
          ],
          [
            -78.40754399971979,
            38.261741999812955
          ],
          [
            -78.40758899992562,
            38.26181999999789
          ],
          [
            -78.40772899966771,
            38.26209899964838
          ],
          [
            -78.40786099991222,
            38.262402000307674
          ],
          [
            -78.40792600020953,
            38.26256700002346
          ],
          [
            -78.40803300033966,
            38.26287299994076
          ],
          [
            -78.40809600008885,
            38.26307700010999
          ],
          [
            -78.40823199963296,
            38.26355399984661
          ],
          [
            -78.40881999998702,
            38.265872000206095
          ],
          [
            -78.40903500007218,
            38.26669599994796
          ],
          [
            -78.40935999976219,
            38.26795599991134
          ],
          [
            -78.40963699977162,
            38.269018999905356
          ],
          [
            -78.40997099968247,
            38.270326000046886
          ],
          [
            -78.41043199981492,
            38.272131000064746
          ],
          [
            -78.4105649998843,
            38.27265199966436
          ],
          [
            -78.41068899973287,
            38.27310900015731
          ],
          [
            -78.41077800031964,
            38.27339200026609
          ],
          [
            -78.41085100011456,
            38.27359899986901
          ],
          [
            -78.4109730003133,
            38.27391700005149
          ],
          [
            -78.4111339999718,
            38.274294000215725
          ],
          [
            -78.41130700022416,
            38.2746559997454
          ],
          [
            -78.41143299972252,
            38.27488800004973
          ],
          [
            -78.41152599960895,
            38.27505900031932
          ],
          [
            -78.41177400020439,
            38.27546600004635
          ],
          [
            -78.41200299963492,
            38.27580800028138
          ],
          [
            -78.41219500015387,
            38.27607299999096
          ],
          [
            -78.41226299992591,
            38.276160000169085
          ],
          [
            -78.41235499998744,
            38.27627599977428
          ],
          [
            -78.4124510002469,
            38.2763989997733
          ],
          [
            -78.41272499988328,
            38.27672200027519
          ],
          [
            -78.41281699994478,
            38.27682200007165
          ],
          [
            -78.41301600013644,
            38.277037000260606
          ],
          [
            -78.413324000108,
            38.2773469997404
          ],
          [
            -78.41363700010245,
            38.2776379999768
          ],
          [
            -78.41371900011822,
            38.27771500005262
          ],
          [
            -78.41422399973328,
            38.27815299980973
          ],
          [
            -78.41715000036154,
            38.28066100012564
          ],
          [
            -78.41863999999072,
            38.28193800018081
          ],
          [
            -78.41926299960654,
            38.282455000336014
          ],
          [
            -78.41979099968614,
            38.28286200020854
          ],
          [
            -78.41992200010571,
            38.2829569998468
          ],
          [
            -78.42028299978074,
            38.28321800000197
          ],
          [
            -78.42043799959143,
            38.28332599981601
          ],
          [
            -78.42083400032487,
            38.28358899982055
          ],
          [
            -78.42087299978462,
            38.28361299982714
          ],
          [
            -78.42154300015443,
            38.28402299988945
          ],
          [
            -78.42195300023327,
            38.28425599975282
          ],
          [
            -78.42254499988697,
            38.28457600024376
          ],
          [
            -78.42324200002098,
            38.28492000030876
          ],
          [
            -78.42368499971175,
            38.28512100031165
          ],
          [
            -78.4240749996991,
            38.285290000030706
          ],
          [
            -78.42472699962725,
            38.28555200011492
          ],
          [
            -78.42550099975416,
            38.28583499967364
          ],
          [
            -78.42594199979513,
            38.28597900007446
          ],
          [
            -78.4262149996066,
            38.28606300011762
          ],
          [
            -78.42641799999619,
            38.28612599973361
          ],
          [
            -78.42721899988726,
            38.286352000278946
          ],
          [
            -78.42770199976101,
            38.286471000052416
          ],
          [
            -78.42824300025941,
            38.28659500024875
          ],
          [
            -78.43041699960378,
            38.287032000184354
          ],
          [
            -78.43108699997359,
            38.287177999992814
          ],
          [
            -78.43164000016756,
            38.287305999718455
          ],
          [
            -78.43247600021873,
            38.28751299984377
          ],
          [
            -78.43256800028026,
            38.28753600013459
          ],
          [
            -78.43343399957034,
            38.287767000352375
          ],
          [
            -78.43391999981714,
            38.28790500009506
          ],
          [
            -78.4347259997311,
            38.288147999801225
          ],
          [
            -78.43549999985798,
            38.2883929997375
          ],
          [
            -78.43637600009214,
            38.28868800007425
          ],
          [
            -78.43725999982388,
            38.28900700025549
          ],
          [
            -78.4373460000376,
            38.289040000267136
          ],
          [
            -78.43819600033248,
            38.289368999755204
          ],
          [
            -78.43859600036558,
            38.28953299974452
          ],
          [
            -78.43899499967542,
            38.289697000068315
          ],
          [
            -78.44047900035513,
            38.29032999966961
          ],
          [
            -78.44230700009308,
            38.291101999886244
          ],
          [
            -78.44286500030991,
            38.29134200013605
          ],
          [
            -78.44296099967106,
            38.291386000142786
          ],
          [
            -78.44328100023652,
            38.291531999653465
          ],
          [
            -78.44549099956589,
            38.29247899966302
          ],
          [
            -78.44597599998778,
            38.29269400001586
          ],
          [
            -78.4464849998008,
            38.292904000253785
          ],
          [
            -78.44824399994181,
            38.29365000018722
          ],
          [
            -78.44848900016417,
            38.29374499980686
          ],
          [
            -78.44911900035103,
            38.29401399997734
          ],
          [
            -78.44972000022558,
            38.29427600029603
          ],
          [
            -78.45141400006924,
            38.29500100034829
          ],
          [
            -78.45233700015903,
            38.29539499978149
          ],
          [
            -78.45609899994017,
            38.297001000206684
          ],
          [
            -78.45647600040705,
            38.29716099967511
          ],
          [
            -78.45726100040459,
            38.29749500028359
          ],
          [
            -78.45796100001333,
            38.297791999655615
          ],
          [
            -78.45832800043445,
            38.297925999923805
          ],
          [
            -78.4587479996607,
            38.298066999844025
          ],
          [
            -78.45950500006916,
            38.29827299990992
          ],
          [
            -78.4599169997978,
            38.298395000323424
          ],
          [
            -78.4604590001211,
            38.29858800014251
          ],
          [
            -78.4608390000627,
            38.29874499990888
          ],
          [
            -78.46106300036868,
            38.2988469997322
          ],
          [
            -78.46156200013597,
            38.299096999964426
          ],
          [
            -78.46186500008467,
            38.2992589997847
          ],
          [
            -78.46216499966033,
            38.29944699968829
          ],
          [
            -78.46238399994346,
            38.29959400026728
          ],
          [
            -78.4627889999994,
            38.29988599980499
          ],
          [
            -78.46307400040476,
            38.300121999876296
          ],
          [
            -78.46327900044416,
            38.30030999965854
          ],
          [
            -78.4636769999291,
            38.300675000229596
          ],
          [
            -78.46371200008922,
            38.300711999868184
          ],
          [
            -78.46486799980752,
            38.30202200008094
          ],
          [
            -78.4651690001064,
            38.302356000165005
          ],
          [
            -78.46540199973491,
            38.30262100024142
          ],
          [
            -78.46643799980262,
            38.30380099989563
          ],
          [
            -78.4665130001457,
            38.30389300010396
          ],
          [
            -78.46658699976554,
            38.303985000195546
          ],
          [
            -78.46673499990355,
            38.30419099967108
          ],
          [
            -78.46694800033887,
            38.30452000025511
          ],
          [
            -78.46709300010383,
            38.304768999675076
          ],
          [
            -78.46734800037197,
            38.305146999921156
          ]
        ]
      }
    },
    {
      "type": "Feature",
      "properties": {
        "name": "US 33",
        "tier": 1,
        "highway_class": "major"
      },
      "geometry": {
        "type": "LineString",
        "coordinates": [
          [
            -78.46734800037197,
            38.305146999921156
          ],
          [
            -78.46711700039329,
            38.304929999929364
          ],
          [
            -78.4663850000992,
            38.30415100018828
          ],
          [
            -78.46632700037286,
            38.304086999701
          ],
          [
            -78.46608700017336,
            38.30382500026773
          ],
          [
            -78.46520300044159,
            38.30285800019738
          ],
          [
            -78.46453300007177,
            38.30212400023174
          ],
          [
            -78.46407899961203,
            38.30164199979117
          ],
          [
            -78.46385500020433,
            38.30143000018927
          ],
          [
            -78.46354499968463,
            38.301166000337616
          ],
          [
            -78.46332399975171,
            38.30099799986773
          ],
          [
            -78.46323699971306,
            38.30093699976033
          ],
          [
            -78.46290299980221,
            38.30071399986719
          ],
          [
            -78.46216100036068,
            38.300254000059354
          ],
          [
            -78.46099800007137,
            38.29956399981365
          ],
          [
            -78.46062499980246,
            38.299366000033324
          ],
          [
            -78.46032100002884,
            38.29921699965712
          ],
          [
            -78.45944200031997,
            38.29882899998115
          ],
          [
            -78.45789499989108,
            38.298170999984634
          ],
          [
            -78.45774699975308,
            38.2981009996488
          ],
          [
            -78.45745600039825,
            38.297975000002126
          ],
          [
            -78.45735000009304,
            38.29792899968494
          ],
          [
            -78.456953000433,
            38.29773800030884
          ],
          [
            -78.45655800042279,
            38.29753200013397
          ],
          [
            -78.45632900009394,
            38.29740499980656
          ],
          [
            -78.45601399955137,
            38.297241999676814
          ],
          [
            -78.45579000014368,
            38.29713699991833
          ],
          [
            -78.45472599958858,
            38.296676999991114
          ],
          [
            -78.45229799980098,
            38.295639999928525
          ],
          [
            -78.45127099995409,
            38.2952019999292
          ],
          [
            -78.45043099970496,
            38.29483600029726
          ],
          [
            -78.44772500008303,
            38.293683999946616
          ],
          [
            -78.4472649997755,
            38.29350199980465
          ],
          [
            -78.44674900028977,
            38.29328200027878
          ],
          [
            -78.4463640003253,
            38.2931270001803
          ],
          [
            -78.44538400033409,
            38.292703999705196
          ],
          [
            -78.4447170003373,
            38.29240999994274
          ],
          [
            -78.44435400011415,
            38.292258999855946
          ],
          [
            -78.44302500014348,
            38.29168599986207
          ],
          [
            -78.44294099957958,
            38.291648000079014
          ],
          [
            -78.44279900018766,
            38.29158300007005
          ],
          [
            -78.4407880001516,
            38.29072600006135
          ],
          [
            -78.44044699966975,
            38.290578000060975
          ],
          [
            -78.4402750001406,
            38.290502999807416
          ],
          [
            -78.43993299983384,
            38.29036100020552
          ],
          [
            -78.43895799986551,
            38.28994400000708
          ],
          [
            -78.43833299970153,
            38.28968499966166
          ],
          [
            -78.43738600022057,
            38.28931199966352
          ],
          [
            -78.43735600008337,
            38.2892999998983
          ],
          [
            -78.43647599965125,
            38.28897699965498
          ],
          [
            -78.43609099968677,
            38.288841999972114
          ],
          [
            -78.43531999993293,
            38.288582999924564
          ],
          [
            -78.43428899988808,
            38.28826000001571
          ],
          [
            -78.43336699962319,
            38.28799499966327
          ],
          [
            -78.43284100009171,
            38.2878520002658
          ],
          [
            -78.43231399983704,
            38.28771399971723
          ],
          [
            -78.43195200033709,
            38.28762399980064
          ],
          [
            -78.43164799966517,
            38.287548000191514
          ],
          [
            -78.43098499986635,
            38.28739500019893
          ],
          [
            -78.43030799982384,
            38.287248000289395
          ],
          [
            -78.42949500023718,
            38.28708199969785
          ],
          [
            -78.42830500018368,
            38.28684799990126
          ],
          [
            -78.42775000033991,
            38.2867259998166
          ],
          [
            -78.42735399960648,
            38.28663000033404
          ],
          [
            -78.4267710001736,
            38.286474000287164
          ],
          [
            -78.42613599996388,
            38.286289000153985
          ],
          [
            -78.42611199967443,
            38.28628099997753
          ],
          [
            -78.42565499973993,
            38.28613700017583
          ],
          [
            -78.42539399962403,
            38.286046999713946
          ],
          [
            -78.42501299985751,
            38.285916000330886
          ],
          [
            -78.42455599992303,
            38.28574100012945
          ],
          [
            -78.42428399993648,
            38.285636999801774
          ],
          [
            -78.42376500007771,
            38.28542099983846
          ],
          [
            -78.42306399974574,
            38.28510700012952
          ],
          [
            -78.42244000030499,
            38.284797999804034
          ],
          [
            -78.4219830003705,
            38.284556999903685
          ],
          [
            -78.42139500001643,
            38.28422600000906
          ],
          [
            -78.42101199970179,
            38.283997000263824
          ],
          [
            -78.42061699969159,
            38.28374600030753
          ],
          [
            -78.42053499967582,
            38.28369300026195
          ],
          [
            -78.4202860001538,
            38.28352500023425
          ],
          [
            -78.41960999993618,
            38.28304799979946
          ],
          [
            -78.41915499965152,
            38.282702000239766
          ],
          [
            -78.41861999989922,
            38.28225800031281
          ],
          [
            -78.41405399985396,
            38.2783469998238
          ],
          [
            -78.41340199992581,
            38.277777999861556
          ],
          [
            -78.41305399977125,
            38.27745099995637
          ],
          [
            -78.41277199973895,
            38.27716100035239
          ],
          [
            -78.4125070003234,
            38.276864999737235
          ],
          [
            -78.41218799958286,
            38.27648200034296
          ],
          [
            -78.41188700018229,
            38.2760839998409
          ],
          [
            -78.41162600006638,
            38.275702999836184
          ],
          [
            -78.41153900002776,
            38.27556700015554
          ],
          [
            -78.41141699982902,
            38.275366999789036
          ],
          [
            -78.41129800000331,
            38.27515700029232
          ],
          [
            -78.41121799963739,
            38.27501200028535
          ],
          [
            -78.41101000012323,
            38.274603000116
          ],
          [
            -78.410839000419,
            38.2742200000741
          ],
          [
            -78.41069999960351,
            38.273867999950006
          ],
          [
            -78.41055300018876,
            38.2734389999381
          ],
          [
            -78.4104080004238,
            38.27292799993564
          ],
          [
            -78.41033399990563,
            38.272639999966025
          ],
          [
            -78.41021699972977,
            38.27218099996781
          ],
          [
            -78.40975200029767,
            38.270364999772795
          ],
          [
            -78.40914300002721,
            38.2679870001281
          ],
          [
            -78.40880699956824,
            38.26667799998155
          ],
          [
            -78.4086779996968,
            38.266176000062316
          ],
          [
            -78.40854100032776,
            38.265680999696706
          ],
          [
            -78.40847100000758,
            38.26545300013338
          ],
          [
            -78.40831399964874,
            38.26499999998187
          ],
          [
            -78.40817899992952,
            38.26455500028205
          ],
          [
            -78.40793600025528,
            38.26361199986568
          ],
          [
            -78.40781200040671,
            38.263160999847244
          ],
          [
            -78.40769699988067,
            38.26281100006624
          ],
          [
            -78.40762099971268,
            38.26261800033429
          ],
          [
            -78.40746599990199,
            38.262256000050016
          ],
          [
            -78.40729500019776,
            38.26191199981903
          ],
          [
            -78.4071560002806,
            38.26165399981123
          ],
          [
            -78.40688299957081,
            38.26122500030412
          ],
          [
            -78.40663499987369,
            38.26088500020578
          ],
          [
            -78.40636399971203,
            38.26055300011774
          ],
          [
            -78.40617200009142,
            38.260337000299664
          ],
          [
            -78.40597000042504,
            38.26012600016421
          ],
          [
            -78.40559399978311,
            38.259761999737165
          ],
          [
            -78.40500899980208,
            38.25922999979343
          ],
          [
            -78.4041219996973,
            38.258432999857035
          ],
          [
            -78.40391400018315,
            38.25824699999344
          ],
          [
            -78.40227700024089,
            38.25676200021898
          ],
          [
            -78.40142199992316,
            38.25598299981514
          ],
          [
            -78.40117800042398,
            38.25575699997421
          ],
          [
            -78.40081100000288,
            38.255398999742695
          ],
          [
            -78.40063600010068,
            38.25522200021799
          ],
          [
            -78.40033999982467,
            38.25490200016234
          ],
          [
            -78.40012100043987,
            38.25464599980864
          ],
          [
            -78.39997300030186,
            38.254460000126734
          ],
          [
            -78.39975400001876,
            38.25416200023563
          ],
          [
            -78.39962500014732,
            38.25396999968689
          ],
          [
            -78.39953800010869,
            38.25381599989419
          ],
          [
            -78.39941099988707,
            38.25356600031444
          ],
          [
            -78.39930399975695,
            38.25333199973109
          ],
          [
            -78.39918400010635,
            38.253018000230306
          ],
          [
            -78.39913100040292,
            38.25285699980512
          ],
          [
            -78.39903400031854,
            38.252474999686974
          ],
          [
            -78.39896800019629,
            38.25218899967276
          ],
          [
            -78.39888399963239,
            38.25188600015897
          ],
          [
            -78.39881699968524,
            38.2516930003292
          ],
          [
            -78.39876700035484,
            38.251566000227456
          ],
          [
            -78.39867500029334,
            38.25136099986153
          ],
          [
            -78.39854899989663,
            38.25111100030173
          ],
          [
            -78.3984049999566,
            38.25086299984357
          ],
          [
            -78.39827799973497,
            38.25066899978274
          ],
          [
            -78.39822099983357,
            38.2505889996505
          ],
          [
            -78.39803099986277,
            38.250341000232865
          ],
          [
            -78.39790899966404,
            38.25019200010757
          ],
          [
            -78.39765000009626,
            38.249914999872466
          ],
          [
            -78.39755899985967,
            38.24982600001343
          ],
          [
            -78.39731700001033,
            38.2496089997021
          ],
          [
            -78.39710799977297,
            38.24943699983384
          ],
          [
            -78.39641900003488,
            38.248918999888105
          ],
          [
            -78.39612000028414,
            38.248680000161215
          ],
          [
            -78.39598899986457,
            38.24856699990749
          ],
          [
            -78.3956390000602,
            38.24824799984143
          ],
          [
            -78.3953789997692,
            38.24800099986362
          ],
          [
            -78.39500600039862,
            38.24761999999698
          ],
          [
            -78.39458600027405,
            38.247141999680295
          ],
          [
            -78.39453500022043,
            38.247077999721036
          ],
          [
            -78.39449900023541,
            38.24703399967226
          ],
          [
            -78.39389400016292,
            38.246284000324444
          ],
          [
            -78.3930620003097,
            38.24525600023852
          ],
          [
            -78.39270499993432,
            38.24480600028735
          ],
          [
            -78.39229300020568,
            38.24430400022479
          ],
          [
            -78.39209599966388,
            38.24405899969295
          ],
          [
            -78.39182799987526,
            38.243725999903965
          ],
          [
            -78.38941799963102,
            38.240759000260695
          ],
          [
            -78.38931899989682,
            38.24063200010393
          ],
          [
            -78.38889700012244,
            38.2401129997242
          ],
          [
            -78.38843000014221,
            38.23953899978994
          ],
          [
            -78.38829500042299,
            38.23936499980476
          ],
          [
            -78.38780499997823,
            38.23877999975722
          ],
          [
            -78.38761800038047,
            38.23854300015672
          ],
          [
            -78.3869589998813,
            38.23771800025618
          ],
          [
            -78.38678200032929,
            38.237503000112895
          ],
          [
            -78.38655499965026,
            38.23724900019762
          ],
          [
            -78.38636999970234,
            38.23707099969485
          ],
          [
            -78.38616700021106,
            38.23690299977992
          ],
          [
            -78.38591399959276,
            38.23672400001886
          ],
          [
            -78.3856630004209,
            38.236569999670756
          ],
          [
            -78.38546400022929,
            38.23645999982723
          ],
          [
            -78.38456299988077,
            38.23600700026374
          ],
          [
            -78.38399399979329,
            38.23572700009116
          ],
          [
            -78.38284899994562,
            38.235154999794695
          ],
          [
            -78.38249699959313,
            38.23499800011305
          ],
          [
            -78.38220899971304,
            38.23488200021592
          ],
          [
            -78.38180600020522,
            38.234735999705194
          ],
          [
            -78.3815440002644,
            38.23465300012517
          ],
          [
            -78.37890600041452,
            38.23386100022597
          ],
          [
            -78.37856099973472,
            38.233760999857
          ],
          [
            -78.37838900020559,
            38.23371100032658
          ],
          [
            -78.37788100021747,
            38.23358899988866
          ],
          [
            -78.37755099960627,
            38.233526999726465
          ],
          [
            -78.37721699969542,
            38.23347899976943
          ],
          [
            -78.3768700002641,
            38.23344300031014
          ],
          [
            -78.37648000027679,
            38.233417000219085
          ],
          [
            -78.37616800010723,
            38.23340700012733
          ],
          [
            -78.37577599957176,
            38.23340700012733
          ],
          [
            -78.37515700015386,
            38.23343499995745
          ],
          [
            -78.37238899970936,
            38.233636999773076
          ],
          [
            -78.3721660001266,
            38.2336429996682
          ],
          [
            -78.3719479996684,
            38.233640000073514
          ],
          [
            -78.37172099988767,
            38.23362599984643
          ],
          [
            -78.37138100012903,
            38.23358800002303
          ],
          [
            -78.37121200007464,
            38.23356399971583
          ],
          [
            -78.36958299963,
            38.23333700015213
          ],
          [
            -78.3694849997207,
            38.233322999866765
          ],
          [
            -78.36920100003857,
            38.233284999885
          ],
          [
            -78.3684210000639,
            38.23317599988293
          ]
        ]
      }
    },
    {
      "type": "Feature",
      "properties": {
        "name": "US 33",
        "tier": 1,
        "highway_class": "major"
      },
      "geometry": {
        "type": "LineString",
        "coordinates": [
          [
            -78.4202860001538,
            38.28352500023425
          ],
          [
            -78.42019200044246,
            38.28367100004537
          ],
          [
            -78.42013800001578,
            38.28376799979618
          ],
          [
            -78.42008299976419,
            38.283900999992525
          ],
          [
            -78.42004400030446,
            38.28404300024604
          ],
          [
            -78.4200330004338,
            38.28410700008074
          ],
          [
            -78.4199489998699,
            38.284822999981984
          ],
          [
            -78.4199420001972,
            38.28497999991539
          ],
          [
            -78.41993200015146,
            38.285179999891135
          ],
          [
            -78.41991000041016,
            38.28557500032207
          ],
          [
            -78.41982800039439,
            38.28663100017508
          ],
          [
            -78.41978200036364,
            38.287183999698506
          ],
          [
            -78.41977300014281,
            38.28745700023939
          ],
          [
            -78.4197799998155,
            38.287666000292674
          ],
          [
            -78.4198019995568,
            38.28787200027246
          ],
          [
            -78.41983699971689,
            38.2880710002145
          ],
          [
            -78.4198929997934,
            38.28829000020755
          ],
          [
            -78.41993200015146,
            38.2884109999621
          ],
          [
            -78.42003500008362,
            38.288651999758024
          ],
          [
            -78.42011299990142,
            38.288800999971684
          ],
          [
            -78.42023000007728,
            38.28899499973475
          ],
          [
            -78.42033700020741,
            38.28914499975573
          ],
          [
            -78.42045400038327,
            38.28928999973986
          ],
          [
            -78.42059800032332,
            38.28944900019181
          ],
          [
            -78.4207439999132,
            38.289588999862325
          ],
          [
            -78.42097300024206,
            38.289778999738715
          ],
          [
            -78.42117499990842,
            38.289930999845716
          ],
          [
            -78.4217590000645,
            38.29033800010486
          ],
          [
            -78.42243799975685,
            38.290804000140156
          ],
          [
            -78.4229480002931,
            38.291152999899985
          ],
          [
            -78.42305899972287,
            38.29122899996458
          ],
          [
            -78.42428300011156,
            38.29206799965564
          ],
          [
            -78.42467800012177,
            38.2923429996815
          ],
          [
            -78.42716899965855,
            38.294054999852804
          ],
          [
            -78.4273209999945,
            38.2941579996614
          ],
          [
            -78.4276790001948,
            38.29440299975492
          ],
          [
            -78.42776799988326,
            38.294463999715745
          ],
          [
            -78.42806199961112,
            38.29466599980945
          ],
          [
            -78.42836000043528,
            38.29487199966101
          ],
          [
            -78.42900300014261,
            38.29531500025937
          ],
          [
            -78.42941700041938,
            38.295605999675544
          ],
          [
            -78.42962499993354,
            38.2957549997123
          ],
          [
            -78.4298559999122,
            38.29593699984357
          ],
          [
            -78.43007699984516,
            38.29613400010645
          ],
          [
            -78.43031899969449,
            38.29637899987331
          ],
          [
            -78.43067699989479,
            38.29675200020888
          ],
          [
            -78.43100300030802,
            38.297087000282055
          ],
          [
            -78.43113499965419,
            38.29720100019207
          ],
          [
            -78.43125100000513,
            38.29728400024269
          ],
          [
            -78.43138800027248,
            38.29736900028953
          ],
          [
            -78.43144799964861,
            38.29740200002376
          ],
          [
            -78.43147000028826,
            38.2974139998593
          ],
          [
            -78.43164000016756,
            38.29749100010808
          ],
          [
            -78.43182000009261,
            38.29755399967402
          ],
          [
            -78.43200599986545,
            38.297602000313745
          ],
          [
            -78.4321570003765,
            38.29763099977422
          ],
          [
            -78.43229299992063,
            38.29764600004976
          ],
          [
            -78.4325299997471,
            38.297657000155844
          ],
          [
            -78.43272399991585,
            38.297652999989275
          ],
          [
            -78.4331149997281,
            38.29763999979893
          ],
          [
            -78.43359599995205,
            38.29762399983259
          ],
          [
            -78.43372399999856,
            38.2976199996642
          ],
          [
            -78.43409999974219,
            38.297609999947284
          ],
          [
            -78.4349230002729,
            38.29758000008324
          ],
          [
            -78.43523999956699,
            38.29756899996548
          ],
          [
            -78.43618199992338,
            38.297536999997995
          ],
          [
            -78.43645300008502,
            38.29752599987371
          ],
          [
            -78.43731099987751,
            38.29749100010808
          ],
          [
            -78.43838100028042,
            38.29745099975099
          ],
          [
            -78.4386979995745,
            38.29743899992157
          ],
          [
            -78.43935700007368,
            38.29741300016683
          ],
          [
            -78.44023099975968,
            38.2973799997326
          ],
          [
            -78.44055700017293,
            38.29736500010708
          ],
          [
            -78.44110799981873,
            38.29734000001933
          ],
          [
            -78.44157800017202,
            38.29731799970937
          ],
          [
            -78.44175700027218,
            38.29731000004364
          ],
          [
            -78.44303500018923,
            38.29725799972739
          ],
          [
            -78.44345199994073,
            38.297240000287104
          ],
          [
            -78.44394700040837,
            38.297217999946824
          ],
          [
            -78.44434400006841,
            38.297187999920695
          ],
          [
            -78.44467899980417,
            38.297152000295995
          ],
          [
            -78.44481799972132,
            38.29713400012444
          ],
          [
            -78.44512200039325,
            38.2970859998801
          ],
          [
            -78.44541299974809,
            38.29702799980686
          ],
          [
            -78.44581600015422,
            38.296933999954376
          ],
          [
            -78.4464709995571,
            38.29676400015189
          ],
          [
            -78.4470749998047,
            38.29659800017606
          ],
          [
            -78.447328000423,
            38.29652700002797
          ],
          [
            -78.44826700040633,
            38.296241999737305
          ],
          [
            -78.44858000040078,
            38.296146000151715
          ],
          [
            -78.44892500018227,
            38.29605199986162
          ],
          [
            -78.4492780003597,
            38.29597599991304
          ],
          [
            -78.44944400004105,
            38.295948999921414
          ],
          [
            -78.44954899962303,
            38.29593499971287
          ],
          [
            -78.44982900000552,
            38.29590900012423
          ],
          [
            -78.45016999958905,
            38.29589700003977
          ],
          [
            -78.45044300029885,
            38.29590299972977
          ],
          [
            -78.45066900025465,
            38.29591999978863
          ],
          [
            -78.45086199970018,
            38.29594699979104
          ],
          [
            -78.45131799980976,
            38.29603400012215
          ],
          [
            -78.4513980001757,
            38.29605199986162
          ],
          [
            -78.45216300008175,
            38.29622800029032
          ],
          [
            -78.45408700007918,
            38.296657999998835
          ],
          [
            -78.45428500044592,
            38.29669399986864
          ],
          [
            -78.45465699999158,
            38.296747000290765
          ],
          [
            -78.45482299967294,
            38.29678300011641
          ],
          [
            -78.45498400022974,
            38.29683099985622
          ],
          [
            -78.45540099998126,
            38.29700199990485
          ],
          [
            -78.45604799988655,
            38.29727599986819
          ],
          [
            -78.45632900009394,
            38.29740499980656
          ]
        ]
      }
    },
    {
      "type": "Feature",
      "properties": {
        "name": "US 33",
        "tier": 1,
        "highway_class": "major"
      },
      "geometry": {
        "type": "LineString",
        "coordinates": [
          [
            -79.16810100008578,
            38.57882200025504
          ],
          [
            -79.1681749997056,
            38.57880800002046
          ],
          [
            -79.16825099987359,
            38.57880599998671
          ],
          [
            -79.16834399976003,
            38.578818000188285
          ],
          [
            -79.16843300034678,
            38.57884399991596
          ],
          [
            -79.16851399963933,
            38.57888299984089
          ],
          [
            -79.16858399995952,
            38.5789329999118
          ],
          [
            -79.16861900011963,
            38.57896799973
          ],
          [
            -79.16867099999817,
            38.579059000301214
          ],
          [
            -79.16872799989957,
            38.579176999674075
          ],
          [
            -79.16880900009042,
            38.57937800034355
          ],
          [
            -79.16887199983961,
            38.57958199976663
          ],
          [
            -79.16889500030415,
            38.57972399978725
          ],
          [
            -79.16889799977889,
            38.579868000233574
          ],
          [
            -79.16888400043348,
            38.58000999968877
          ],
          [
            -79.16882099978598,
            38.58014000028896
          ],
          [
            -79.16876600043273,
            38.580222000103554
          ],
          [
            -79.16868400041696,
            38.58031699977176
          ],
          [
            -79.16858700033258,
            38.58040400005988
          ],
          [
            -79.16846799960858,
            38.58048300029482
          ],
          [
            -79.16833899973714,
            38.58054999983037
          ],
          [
            -79.16819999981996,
            38.5806040001128
          ],
          [
            -79.16797300003925,
            38.58066600028299
          ],
          [
            -79.16757899985394,
            38.58078699979268
          ],
          [
            -79.16737800001249,
            38.58085699971197
          ],
          [
            -79.16728400030117,
            38.580901999874854
          ],
          [
            -79.16717499962292,
            38.58096799973499
          ],
          [
            -79.16708000008667,
            38.5810420001232
          ],
          [
            -79.16695399968997,
            38.58119099995234
          ],
          [
            -79.16688599991791,
            38.58129500028616
          ],
          [
            -79.1668359996892,
            38.581404999651596
          ],
          [
            -79.16657399974837,
            38.58234599990151
          ],
          [
            -79.16656299987773,
            38.58246900002378
          ],
          [
            -79.16657299992346,
            38.582571999946985
          ],
          [
            -79.16660100041086,
            38.58267199983332
          ],
          [
            -79.16679200020658,
            38.58295500005628
          ],
          [
            -79.16704999994944,
            38.583297999960614
          ],
          [
            -79.16707300041398,
            38.583362999772156
          ],
          [
            -79.16707699971363,
            38.583431000084644
          ],
          [
            -79.16706300036822,
            38.58349699972741
          ],
          [
            -79.16703200040608,
            38.5835600001597
          ],
          [
            -79.1669839998272,
            38.58361600018546
          ],
          [
            -79.16684900010797,
            38.58371200022836
          ],
          [
            -79.16668500007647,
            38.58380900009019
          ],
          [
            -79.16651000017427,
            38.58389499971332
          ],
          [
            -79.16632699987616,
            38.58396700000447
          ],
          [
            -79.16612199983676,
            38.58407500030589
          ],
          [
            -79.16598799994246,
            38.58416500008183
          ],
          [
            -79.16586699956862,
            38.584264999856686
          ],
          [
            -79.1658080000174,
            38.58433499989709
          ],
          [
            -79.16574899956785,
            38.58442999974251
          ],
          [
            -79.16570699973506,
            38.58452899991335
          ],
          [
            -79.16568199962072,
            38.584633000328836
          ],
          [
            -79.16567499994801,
            38.58473799982582
          ],
          [
            -79.16568599981868,
            38.58484299987148
          ],
          [
            -79.16571400030607,
            38.58494599990086
          ],
          [
            -79.1657589996136,
            38.58504500006256
          ],
          [
            -79.16583399995667,
            38.58515699986107
          ],
          [
            -79.16591299959937,
            38.58524100012195
          ],
          [
            -79.16600600038412,
            38.585317000173035
          ],
          [
            -79.1661109999661,
            38.58538300018906
          ],
          [
            -79.1662099997003,
            38.58542200007427
          ],
          [
            -79.1664630003186,
            38.58551100034521
          ],
          [
            -79.16672400043453,
            38.58558600018803
          ],
          [
            -79.16754700006692,
            38.58577599995426
          ],
          [
            -79.1685470001496,
            38.58602200017608
          ],
          [
            -79.16870299978522,
            38.58605199976868
          ],
          [
            -79.16885400029626,
            38.58609600027206
          ],
          [
            -79.16899800023631,
            38.58615300034142
          ],
          [
            -79.16913299995552,
            38.586222000032215
          ],
          [
            -79.16918099963611,
            38.58625699980936
          ],
          [
            -79.16922599984194,
            38.586311000013794
          ],
          [
            -79.16925400032935,
            38.58637100034938
          ],
          [
            -79.16926299965186,
            38.586435000277646
          ],
          [
            -79.16925500015428,
            38.58649900014882
          ],
          [
            -79.16922800039009,
            38.58655900032733
          ],
          [
            -79.16918200035933,
            38.586614000212855
          ],
          [
            -79.16902300035066,
            38.586767999949096
          ],
          [
            -79.16885099992322,
            38.58691300021966
          ],
          [
            -79.16852399968508,
            38.58715000024934
          ],
          [
            -79.16824599985074,
            38.587359000257514
          ],
          [
            -79.16791000029006,
            38.58762900024105
          ],
          [
            -79.16785500003847,
            38.58765999975805
          ],
          [
            -79.1677710003729,
            38.58771899977588
          ],
          [
            -79.16770100005269,
            38.58778899996025
          ],
          [
            -79.16764499997619,
            38.58786600001402
          ],
          [
            -79.16760499979321,
            38.58794900002511
          ],
          [
            -79.1675810004021,
            38.58803600019598
          ],
          [
            -79.16757800002904,
            38.58809800026959
          ],
          [
            -79.16758399987683,
            38.588137000084615
          ],
          [
            -79.1675899997246,
            38.58817099974403
          ],
          [
            -79.16761900003692,
            38.58824200007541
          ],
          [
            -79.16766400024277,
            38.58830700032714
          ],
          [
            -79.1677239996189,
            38.588364000045786
          ],
          [
            -79.16779599958893,
            38.588411000186234
          ],
          [
            -79.1678779996047,
            38.588448000066016
          ],
          [
            -79.16798700028296,
            38.58846899970463
          ],
          [
            -79.1682159997135,
            38.58849699991541
          ],
          [
            -79.16840200038465,
            38.58850800002027
          ],
          [
            -79.16884199970238,
            38.58851499989469
          ],
          [
            -79.16947699991212,
            38.58851800024187
          ],
          [
            -79.1697930002796,
            38.588527999759854
          ],
          [
            -79.17010700009897,
            38.58855400018534
          ],
          [
            -79.17025400041207,
            38.58857300003121
          ],
          [
            -79.17035999981896,
            38.588604999723316
          ],
          [
            -79.17045799972824,
            38.58865099982625
          ],
          [
            -79.17054499976688,
            38.58870799997392
          ],
          [
            -79.17061900028504,
            38.58877600014021
          ],
          [
            -79.17069399972979,
            38.58887099972775
          ],
          [
            -79.17074399995852,
            38.58895900006132
          ],
          [
            -79.17077699957046,
            38.58905199965834
          ],
          [
            -79.17079400018721,
            38.5891669998466
          ],
          [
            -79.17078499996639,
            38.58928199985068
          ],
          [
            -79.17076400004999,
            38.58934000006983
          ],
          [
            -79.17071100034656,
            38.58943200000659
          ],
          [
            -79.17062699978266,
            38.589533000038
          ],
          [
            -79.17054099956891,
            38.5896089997594
          ],
          [
            -79.17044400038286,
            38.589675000043485
          ],
          [
            -79.17020699965808,
            38.58978700034415
          ],
          [
            -79.17000599981662,
            38.5899039997821
          ],
          [
            -79.16985199983083,
            38.59001400000395
          ],
          [
            -79.16980800034823,
            38.59005400004285
          ],
          [
            -79.1697360003782,
            38.590163000176155
          ],
          [
            -79.16969500037033,
            38.590258999892434
          ],
          [
            -79.16967000025596,
            38.5903590003088
          ],
          [
            -79.16966299968495,
            38.590461000295115
          ],
          [
            -79.16967100008087,
            38.59051900026399
          ],
          [
            -79.16969500037033,
            38.590592000085614
          ],
          [
            -79.16973999967783,
            38.59067999971418
          ],
          [
            -79.16980099977721,
            38.59076100028228
          ],
          [
            -79.16987699994519,
            38.59083399985786
          ],
          [
            -79.16996700035688,
            38.59089700017249
          ],
          [
            -79.170066999916,
            38.5909480001527
          ],
          [
            -79.1703289998568,
            38.591040000135436
          ],
          [
            -79.17124299972579,
            38.59134899979465
          ],
          [
            -79.17152700030624,
            38.59143000031017
          ],
          [
            -79.17175499991187,
            38.59151199987211
          ],
          [
            -79.1719750000199,
            38.59160700005238
          ],
          [
            -79.17218500008217,
            38.591714000260104
          ],
          [
            -79.17224600018154,
            38.591780000013465
          ],
          [
            -79.1722910003874,
            38.59185399979243
          ],
          [
            -79.17230999975564,
            38.59189999992019
          ],
          [
            -79.17232800019731,
            38.59197999998061
          ],
          [
            -79.17232800019731,
            38.592062000318606
          ],
          [
            -79.17231099958056,
            38.59214200019851
          ],
          [
            -79.17227600031879,
            38.59221799996676
          ],
          [
            -79.17222500026514,
            38.592288999806875
          ],
          [
            -79.17216699964052,
            38.59233499965593
          ],
          [
            -79.17201400037796,
            38.59244300000997
          ],
          [
            -79.1718489996232,
            38.592539000188225
          ],
          [
            -79.17164699995685,
            38.5926350002381
          ],
          [
            -79.17150600038984,
            38.59268800003513
          ],
          [
            -79.17135800025183,
            38.59272799998854
          ],
          [
            -79.17120400026604,
            38.592752999772536
          ],
          [
            -79.1710800004175,
            38.59276300010498
          ],
          [
            -79.17092300005866,
            38.59276300010498
          ],
          [
            -79.17067000033866,
            38.59271600000486
          ],
          [
            -79.17047199997195,
            38.5926680000501
          ],
          [
            -79.17022900029768,
            38.59259500023293
          ],
          [
            -79.16997200037974,
            38.59249999995574
          ],
          [
            -79.16982099986869,
            38.59245599986607
          ],
          [
            -79.16966500023308,
            38.592426999967756
          ],
          [
            -79.16950500039951,
            38.59241199974943
          ],
          [
            -79.16939400007143,
            38.59241300027896
          ],
          [
            -79.16932299992632,
            38.59243300033504
          ],
          [
            -79.16924900030648,
            38.59247400025707
          ],
          [
            -79.16919999990267,
            38.59251900016167
          ],
          [
            -79.1691659995675,
            38.592573999694665
          ],
          [
            -79.16914700019923,
            38.592636999886714
          ],
          [
            -79.16914700019923,
            38.592652000058024
          ],
          [
            -79.16914600037431,
            38.59270300019578
          ],
          [
            -79.16916300009274,
            38.5927670000971
          ],
          [
            -79.16919700042794,
            38.592826999952806
          ],
          [
            -79.1694340002544,
            38.59309599991812
          ],
          [
            -79.1697089997157,
            38.59338299974071
          ],
          [
            -79.16995899996095,
            38.59362899987907
          ],
          [
            -79.17016599965018,
            38.59380999975086
          ],
          [
            -79.17038599975822,
            38.593980999706986
          ],
          [
            -79.17056400003347,
            38.594081999658094
          ],
          [
            -79.17086899963196,
            38.59424000013768
          ],
          [
            -79.17154900004755,
            38.594556000053664
          ],
          [
            -79.1722579998771,
            38.59487800014581
          ],
          [
            -79.17263100014603,
            38.595053000231154
          ],
          [
            -79.17318099996692,
            38.595303000114534
          ],
          [
            -79.17323799986833,
            38.59533500031761
          ],
          [
            -79.17332300025716,
            38.59539699970506
          ],
          [
            -79.17339600005208,
            38.59546899969652
          ],
          [
            -79.17345299995348,
            38.59554899999243
          ],
          [
            -79.17349499978629,
            38.59563399981421
          ],
          [
            -79.17351999990063,
            38.595723999846214
          ],
          [
            -79.17351800025082,
            38.59578300025839
          ],
          [
            -79.17349999980915,
            38.59585700012372
          ],
          [
            -79.17346499964906,
            38.59592700009692
          ],
          [
            -79.17341500031866,
            38.595990000154856
          ],
          [
            -79.17335000002132,
            38.59604600031595
          ],
          [
            -79.17327399985334,
            38.59609199986393
          ],
          [
            -79.17296400023196,
            38.59616500033769
          ],
          [
            -79.172699999743,
            38.59621000003492
          ],
          [
            -79.17234400009083,
            38.59625099990611
          ],
          [
            -79.17134300018321,
            38.59635299994642
          ],
          [
            -79.17105899960279,
            38.59636299977737
          ],
          [
            -79.17077499992065,
            38.596358999985554
          ],
          [
            -79.17043599998694,
            38.596334999825935
          ],
          [
            -79.17036200036709,
            38.596319999722084
          ],
          [
            -79.17021300040417,
            38.59630800033884
          ],
          [
            -79.1700879998324,
            38.59631299990657
          ],
          [
            -79.16996499980873,
            38.596333000280325
          ],
          [
            -79.16989000036399,
            38.596355000193576
          ],
          [
            -79.16983000008953,
            38.59639099971788
          ],
          [
            -79.16978200040894,
            38.59643599997553
          ],
          [
            -79.16975499974646,
            38.596478000190515
          ],
          [
            -79.16974700024885,
            38.59650000005932
          ],
          [
            -79.16973800002802,
            38.596524000163775
          ],
          [
            -79.16973200018023,
            38.5965820001491
          ],
          [
            -79.1697439998758,
            38.59664099985607
          ],
          [
            -79.16977400001302,
            38.596694999973764
          ],
          [
            -79.16984099996017,
            38.596763000298246
          ],
          [
            -79.16992200015105,
            38.596821000090465
          ],
          [
            -79.17001400021255,
            38.59686800031135
          ],
          [
            -79.17011399977166,
            38.59690200004864
          ],
          [
            -79.17335699969401,
            38.597656999708974
          ],
          [
            -79.17454099989973,
            38.597906999650384
          ],
          [
            -79.1746220000906,
            38.5979190001705
          ],
          [
            -79.17482799995491,
            38.59793800034631
          ],
          [
            -79.17503499964415,
            38.59794400025296
          ],
          [
            -79.17544399989806,
            38.597928999783306
          ],
          [
            -79.17584599958097,
            38.59793199973707
          ],
          [
            -79.1762480001622,
            38.59795000015916
          ],
          [
            -79.17638999955409,
            38.59797599998078
          ],
          [
            -79.17656299980645,
            38.59802000019753
          ],
          [
            -79.17672900038612,
            38.59807699992759
          ],
          [
            -79.17777600032449,
            38.59853100016461
          ],
          [
            -79.17840899998609,
            38.59882099993888
          ],
          [
            -79.1789439997384,
            38.59905700024126
          ],
          [
            -79.18030600021933,
            38.59968700034761
          ],
          [
            -79.18041199962623,
            38.599752999791356
          ],
          [
            -79.18050600023587,
            38.59982999965073
          ],
          [
            -79.18058499987859,
            38.59991500001957
          ],
          [
            -79.1806500001759,
            38.60000800016739
          ],
          [
            -79.1806989996814,
            38.6001069999206
          ],
          [
            -79.18071600029816,
            38.60023699994224
          ],
          [
            -79.18071999959781,
            38.60040099991443
          ],
          [
            -79.18070500042751,
            38.60056399979801
          ],
          [
            -79.18066199987149,
            38.600765000277526
          ],
          [
            -79.1806500001759,
            38.600901999880136
          ],
          [
            -79.18065500019878,
            38.60104000033253
          ],
          [
            -79.18067899958992,
            38.6011770001122
          ],
          [
            -79.18070399970428,
            38.60123499984791
          ],
          [
            -79.18074899991011,
            38.601301999677915
          ],
          [
            -79.1808109998344,
            38.60136099971743
          ],
          [
            -79.18088500035257,
            38.601409999879955
          ],
          [
            -79.18096999984306,
            38.60144799978238
          ],
          [
            -79.18106199990457,
            38.60147200033854
          ],
          [
            -79.18113100039984,
            38.60147799994977
          ],
          [
            -79.18125600007333,
            38.60147500014421
          ],
          [
            -79.18137900009697,
            38.60145800030757
          ],
          [
            -79.18147399963321,
            38.60143300004497
          ],
          [
            -79.18240599994387,
            38.60108499978168
          ],
          [
            -79.18258800041704,
            38.60102999974909
          ],
          [
            -79.18281500019778,
            38.60098199973723
          ],
          [
            -79.18296900018355,
            38.6009619999568
          ],
          [
            -79.18315699960623,
            38.600949999945506
          ],
          [
            -79.1833240000108,
            38.60095499989197
          ],
          [
            -79.18345600025528,
            38.60096900002101
          ],
          [
            -79.18361799973867,
            38.60100000009642
          ],
          [
            -79.18377400027259,
            38.60104500027273
          ],
          [
            -79.18396800044134,
            38.6011220001501
          ],
          [
            -79.18409499976464,
            38.601186000267916
          ],
          [
            -79.18424399972756,
            38.601277000062986
          ],
          [
            -79.18438000017001,
            38.60137899998158
          ],
          [
            -79.18467700027091,
            38.601650999991826
          ],
          [
            -79.1850289997251,
            38.6019530003441
          ],
          [
            -79.18516299961941,
            38.602036999909345
          ],
          [
            -79.18534000006973,
            38.602130999807734
          ],
          [
            -79.18552599984257,
            38.60221200009193
          ],
          [
            -79.18572099983624,
            38.60228099979387
          ],
          [
            -79.18600100021872,
            38.60235599966939
          ],
          [
            -79.18620200006016,
            38.60239500016337
          ],
          [
            -79.18640600027469,
            38.60242000009086
          ],
          [
            -79.18661299996391,
            38.602431000168515
          ],
          [
            -79.18686099966104,
            38.60242499993491
          ],
          [
            -79.18700799997411,
            38.60240400016634
          ],
          [
            -79.18737799986998,
            38.602341000121754
          ],
          [
            -79.1876609997272,
            38.60228099979387
          ],
          [
            -79.18779200014676,
            38.60225799990061
          ],
          [
            -79.18857299994636,
            38.60210200030779
          ],
          [
            -79.19036600042254,
            38.601727999921046
          ],
          [
            -79.19072799992246,
            38.60166200018736
          ],
          [
            -79.19096700029705,
            38.60160999969493
          ],
          [
            -79.19177499986084,
            38.60146199981525
          ],
          [
            -79.1920829998324,
            38.601418000304484
          ],
          [
            -79.1923919996289,
            38.60138800011196
          ],
          [
            -79.19279800040808,
            38.601364999932514
          ],
          [
            -79.19314099964144,
            38.601362000122236
          ],
          [
            -79.19353499982672,
            38.60137400006465
          ],
          [
            -79.19382899955461,
            38.6013909999212
          ],
          [
            -79.19412200035588,
            38.60142300021829
          ],
          [
            -79.19443199997728,
            38.60147099993521
          ],
          [
            -79.19555599990854,
            38.60171100014437
          ],
          [
            -79.19732099989731,
            38.60208700000508
          ],
          [
            -79.19858000044611,
            38.60236600006806
          ],
          [
            -79.20044400016907,
            38.602764000062216
          ],
          [
            -79.20196899995832,
            38.603098999874
          ],
          [
            -79.20261099984074,
            38.60324099972254
          ],
          [
            -79.2036850004416,
            38.603464000267294
          ],
          [
            -79.20420900032326,
            38.603576999787705
          ],
          [
            -79.2045580003027,
            38.60365199971283
          ],
          [
            -79.20540600004945,
            38.60383199991539
          ],
          [
            -79.20577500012038,
            38.6039160000894
          ],
          [
            -79.2060649996503,
            38.603994000062656
          ],
          [
            -79.20635099988057,
            38.6040809997438
          ],
          [
            -79.20670300023308,
            38.604201000147654
          ],
          [
            -79.2067829997007,
            38.60423899997632
          ],
          [
            -79.20697799969437,
            38.60434299992172
          ],
          [
            -79.20716199981737,
            38.60445699982375
          ],
          [
            -79.20733500006976,
            38.6045819999946
          ],
          [
            -79.20749499990332,
            38.60471700001883
          ],
          [
            -79.2076420002164,
            38.60485999982992
          ],
          [
            -79.20772400023218,
            38.60493499981821
          ],
          [
            -79.20830599984014,
            38.60547000031546
          ],
          [
            -79.2085219997502,
            38.60567999998476
          ],
          [
            -79.20870699969814,
            38.605860999654574
          ],
          [
            -79.20937299986998,
            38.60650799975228
          ],
          [
            -79.20964300020674,
            38.60676899986555
          ],
          [
            -79.2097040003061,
            38.606838999726385
          ],
          [
            -79.20983900002531,
            38.60696900018936
          ],
          [
            -79.20986900016256,
            38.60699799982851
          ],
          [
            -79.20992400041413,
            38.60705100025224
          ],
          [
            -79.20997299991961,
            38.60710000003964
          ],
          [
            -79.2101269999054,
            38.60722800008572
          ],
          [
            -79.21047699970977,
            38.60751900013597
          ],
          [
            -79.21064699958909,
            38.60763699977177
          ],
          [
            -79.21089900038248,
            38.60781100002297
          ],
          [
            -79.21134600027122,
            38.60808599975316
          ],
          [
            -79.21165699971753,
            38.60827699994871
          ],
          [
            -79.21258099963225,
            38.60881299969682
          ],
          [
            -79.21353999970708,
            38.609353000124514
          ],
          [
            -79.21384199983086,
            38.60952900030603
          ],
          [
            -79.21500500012019,
            38.610201999926026
          ],
          [
            -79.21550300006258,
            38.610492999848006
          ],
          [
            -79.21565600022345,
            38.61058399977431
          ],
          [
            -79.21598900030938,
            38.61078299972006
          ],
          [
            -79.21668700026828,
            38.61116600025272
          ],
          [
            -79.2175190001215,
            38.6116489996809
          ],
          [
            -79.21788200034466,
            38.61185499988661
          ],
          [
            -79.21800100017036,
            38.61192299988599
          ],
          [
            -79.21837299971602,
            38.61213300032362
          ],
          [
            -79.21954500022618,
            38.61282100025262
          ],
          [
            -79.22054899960854,
            38.613400999658175
          ],
          [
            -79.22059899983725,
            38.61343000020728
          ],
          [
            -79.22063999984512,
            38.61345300002932
          ],
          [
            -79.22084099968657,
            38.613567999730954
          ],
          [
            -79.22199200028034,
            38.614229999695546
          ],
          [
            -79.22374100037558,
            38.61523900034516
          ],
          [
            -79.2241220001421,
            38.61545699976195
          ],
          [
            -79.22463099995511,
            38.61574800012756
          ],
          [
            -79.22565199995421,
            38.6163459997518
          ],
          [
            -79.22585399962058,
            38.616461999923196
          ],
          [
            -79.22644799982243,
            38.61680000022428
          ],
          [
            -79.22693700044228,
            38.61707799974755
          ],
          [
            -79.22719199981209,
            38.61722400004019
          ],
          [
            -79.22730499979001,
            38.61728799983446
          ],
          [
            -79.22779400040986,
            38.617566000273875
          ],
          [
            -79.22829700037511,
            38.61785900015406
          ],
          [
            -79.22862299989,
            38.618047999956744
          ],
          [
            -79.22954500015491,
            38.61857400015785
          ],
          [
            -79.23065499984249,
            38.61922399978269
          ],
          [
            -79.2319369999575,
            38.61995099985977
          ],
          [
            -79.23290000023029,
            38.62051499977299
          ],
          [
            -79.23418700036815,
            38.621242000099066
          ],
          [
            -79.23438499983656,
            38.621367999928594
          ],
          [
            -79.23448000027112,
            38.6214239999377
          ],
          [
            -79.23473600036417,
            38.62156300034791
          ],
          [
            -79.23491499956599,
            38.62164800023882
          ],
          [
            -79.23494899990116,
            38.62166500020492
          ],
          [
            -79.23522300043588,
            38.62178200031632
          ],
          [
            -79.23544799966845,
            38.621865999828756
          ],
          [
            -79.23597300027332,
            38.62201200020092
          ],
          [
            -79.23633499977326,
            38.62210399966751
          ],
          [
            -79.23655800025432,
            38.62215700016106
          ],
          [
            -79.23781799972973,
            38.62248499989424
          ],
          [
            -79.23860000025255,
            38.622687000134725
          ],
          [
            -79.23866600037478,
            38.62270499996177
          ],
          [
            -79.23913199963178,
            38.62282399999139
          ],
          [
            -79.23930800025721,
            38.622868999815466
          ],
          [
            -79.23945399984706,
            38.622906000179945
          ],
          [
            -79.23959199993932,
            38.622947000239066
          ],
          [
            -79.24023899984462,
            38.623139999671885
          ],
          [
            -79.24048599971682,
            38.62323600019633
          ],
          [
            -79.24061600031148,
            38.62329200015047
          ],
          [
            -79.24088199955193,
            38.623415000297335
          ],
          [
            -79.2410890001395,
            38.62351999991339
          ],
          [
            -79.24137199999672,
            38.62367900024248
          ],
          [
            -79.24155600011973,
            38.62378199998944
          ],
          [
            -79.2420619995597,
            38.62405099972791
          ],
          [
            -79.2425059999737,
            38.624267000264105
          ],
          [
            -79.24262599962431,
            38.624311999884576
          ],
          [
            -79.24283400003678,
            38.62438400034143
          ],
          [
            -79.24317200014558,
            38.624482000067296
          ],
          [
            -79.24350699988133,
            38.62456000014013
          ],
          [
            -79.24415299996171,
            38.62470399978171
          ],
          [
            -79.24460400004841,
            38.62479199969325
          ],
          [
            -79.24445599991041,
            38.62523199973661
          ],
          [
            -79.24410000025827,
            38.62617999996353
          ],
          [
            -79.24404500000668,
            38.62633299966952
          ],
          [
            -79.24402699956501,
            38.62638200032278
          ],
          [
            -79.24386799955636,
            38.626843000074516
          ],
          [
            -79.24373500038529,
            38.62727799994784
          ],
          [
            -79.24361900003433,
            38.627715000064086
          ],
          [
            -79.24358399987423,
            38.62797700025218
          ],
          [
            -79.24357600037662,
            38.628071999883005
          ],
          [
            -79.24356600033087,
            38.62839899990308
          ],
          [
            -79.24357100035375,
            38.628553999838005
          ],
          [
            -79.24365400019443,
            38.629679000234916
          ],
          [
            -79.24375799995151,
            38.63089399995234
          ],
          [
            -79.24376299997436,
            38.630971000075796
          ],
          [
            -79.24377200019521,
            38.63107799983668
          ],
          [
            -79.2437789998679,
            38.631159999709254
          ],
          [
            -79.24379200028669,
            38.63129400025772
          ],
          [
            -79.24379800013449,
            38.63135600015436
          ],
          [
            -79.24386500008164,
            38.63215499971823
          ],
          [
            -79.24391100011238,
            38.63289200028331
          ],
          [
            -79.24390299971647,
            38.633054000069684
          ],
          [
            -79.24387799960209,
            38.63321500023108
          ],
          [
            -79.24383400011948,
            38.6333730001556
          ],
          [
            -79.24377300002013,
            38.63352799986308
          ],
          [
            -79.24367799958557,
            38.633708000189316
          ],
          [
            -79.24358399987423,
            38.63385299965565
          ],
          [
            -79.24347500009429,
            38.633991999831764
          ],
          [
            -79.24335100024572,
            38.63412200020692
          ],
          [
            -79.24321300015346,
            38.63424300012835
          ],
          [
            -79.2430619996424,
            38.63435500034337
          ],
          [
            -79.24286199962587,
            38.63447699981455
          ],
          [
            -79.24271900040905,
            38.63455199971428
          ],
          [
            -79.24252600006521,
            38.63463700034779
          ],
          [
            -79.24229599991143,
            38.634716999778796
          ],
          [
            -79.24205200041227,
            38.634781000101356
          ],
          [
            -79.24192699984049,
            38.634805000032145
          ],
          [
            -79.24161499967096,
            38.63483500028523
          ],
          [
            -79.24140700015681,
            38.63484399972715
          ],
          [
            -79.241145000216,
            38.63484199985129
          ],
          [
            -79.240884999925,
            38.63482600014045
          ],
          [
            -79.23975299959783,
            38.63472599993725
          ],
          [
            -79.2385550000467,
            38.63463299988274
          ],
          [
            -79.23773999991192,
            38.63455700012584
          ],
          [
            -79.23741500022192,
            38.634522999986885
          ],
          [
            -79.2370200002117,
            38.6344629999088
          ],
          [
            -79.23670700021725,
            38.63440600031435
          ],
          [
            -79.23624299971175,
            38.634304000336044
          ],
          [
            -79.23601400028122,
            38.634245000020925
          ],
          [
            -79.23534999975917,
            38.634040000213666
          ],
          [
            -79.23469199998323,
            38.63382299969332
          ],
          [
            -79.2340419997049,
            38.633591999843716
          ],
          [
            -79.23360700041003,
            38.63342000029242
          ],
          [
            -79.23303300029966,
            38.63321800011295
          ],
          [
            -79.23280599962064,
            38.6331440001827
          ],
          [
            -79.23264900016012,
            38.63311599984774
          ],
          [
            -79.23249000015144,
            38.63310099971396
          ],
          [
            -79.23239399989198,
            38.633098999789425
          ],
          [
            -79.23223400005841,
            38.63310600022673
          ],
          [
            -79.23207599987467,
            38.633127000131026
          ],
          [
            -79.23184900009396,
            38.633175999649836
          ],
          [
            -79.23168699971225,
            38.633224999836884
          ],
          [
            -79.2315009999394,
            38.633301000304215
          ],
          [
            -79.23132900041027,
            38.63339300002348
          ],
          [
            -79.23128500002933,
            38.633422000208
          ],
          [
            -79.23124900004433,
            38.633444999934625
          ],
          [
            -79.2311009999063,
            38.63355999986054
          ],
          [
            -79.23100200017213,
            38.63367900012054
          ],
          [
            -79.23093299967682,
            38.63377799972633
          ],
          [
            -79.23086300025496,
            38.63390899973886
          ],
          [
            -79.23080899982826,
            38.634044000010135
          ],
          [
            -79.2307760002163,
            38.634170999747354
          ],
          [
            -79.23077299984327,
            38.6341829998159
          ],
          [
            -79.23075600012483,
            38.63432399994423
          ],
          [
            -79.23075899959954,
            38.634465999738474
          ],
          [
            -79.23078000041426,
            38.63460799995311
          ],
          [
            -79.23081999969892,
            38.63474700006871
          ],
          [
            -79.23087699960033,
            38.63488200016523
          ],
          [
            -79.23107300031722,
            38.635240999949104
          ],
          [
            -79.23122399992998,
            38.635552999929196
          ],
          [
            -79.23135699999935,
            38.635868999649304
          ],
          [
            -79.23143599964209,
            38.63609199981472
          ],
          [
            -79.23150199976432,
            38.63633100006823
          ],
          [
            -79.23155000034319,
            38.63657299996802
          ],
          [
            -79.23158100030535,
            38.63681700027505
          ],
          [
            -79.23159300000091,
            38.637061999658485
          ],
          [
            -79.23158899980295,
            38.637315000239354
          ],
          [
            -79.23156700006163,
            38.637567999927164
          ],
          [
            -79.23152699987867,
            38.6378210001254
          ],
          [
            -79.23146900015234,
            38.63807099975185
          ],
          [
            -79.2314099997028,
            38.63826900002732
          ],
          [
            -79.23135000032667,
            38.63841900023328
          ],
          [
            -79.23092299963109,
            38.63946600028182
          ],
          [
            -79.23080100033066,
            38.639730999936795
          ],
          [
            -79.23063200027626,
            38.64004100028871
          ],
          [
            -79.23047300026761,
            38.640293000315566
          ],
          [
            -79.23029800036542,
            38.64053799974558
          ],
          [
            -79.23015000022743,
            38.64071800001029
          ],
          [
            -79.23003899989932,
            38.640840999732355
          ],
          [
            -79.2299519998607,
            38.64093599985808
          ],
          [
            -79.22973799960046,
            38.6411449996914
          ],
          [
            -79.22955799967541,
            38.641305000075114
          ],
          [
            -79.22928999988679,
            38.64152400008707
          ],
          [
            -79.22900200000672,
            38.64173999990467
          ],
          [
            -79.22870200043106,
            38.64194599998178
          ],
          [
            -79.22839000026151,
            38.64214000003068
          ],
          [
            -79.22819699991766,
            38.64225199983428
          ],
          [
            -79.22694999996277,
            38.643019999886455
          ],
          [
            -79.2266350003185,
            38.6432059998615
          ],
          [
            -79.22576699958196,
            38.643721999799794
          ],
          [
            -79.22473800008524,
            38.64434600034217
          ],
          [
            -79.22352700011534,
            38.64507999966066
          ],
          [
            -79.22288199985988,
            38.64547300015689
          ],
          [
            -79.22250100009337,
            38.64569200006058
          ],
          [
            -79.22238700029055,
            38.6457570001915
          ],
          [
            -79.22190000021884,
            38.64604900016018
          ],
          [
            -79.221706999875,
            38.646168999811984
          ],
          [
            -79.22114399963529,
            38.64655899992329
          ],
          [
            -79.22090599998391,
            38.64673100021898
          ],
          [
            -79.22061499973077,
            38.64700600016018
          ],
          [
            -79.22039299997293,
            38.64723299981403
          ],
          [
            -79.22007900015358,
            38.64758499974956
          ],
          [
            -79.21984800017489,
            38.64782899975047
          ],
          [
            -79.21961999967094,
            38.648074000076946
          ],
          [
            -79.21947800027903,
            38.648227999813294
          ],
          [
            -79.21844999970892,
            38.649356000045266
          ],
          [
            -79.21802299991167,
            38.64979600016236
          ],
          [
            -79.21764700016803,
            38.65017499970419
          ],
          [
            -79.21728599959468,
            38.650541000194714
          ],
          [
            -79.2172089996018,
            38.65061899997706
          ],
          [
            -79.21708800012628,
            38.6507339997081
          ],
          [
            -79.21637699974858,
            38.65143299999537
          ],
          [
            -79.21605500043162,
            38.65177100031059
          ],
          [
            -79.21584399964611,
            38.6520089997916
          ],
          [
            -79.21573200039144,
            38.6521659999803
          ],
          [
            -79.21563600013195,
            38.652329999787696
          ],
          [
            -79.2155549999411,
            38.652498999782395
          ],
          [
            -79.21543000026765,
            38.652828999677205
          ],
          [
            -79.21522699987804,
            38.65343100024196
          ],
          [
            -79.21511100042542,
            38.65383800016387
          ],
          [
            -79.21503400043251,
            38.6540770001642
          ],
          [
            -79.2149490000437,
            38.65434300017208
          ],
          [
            -79.21476800029373,
            38.65492400011434
          ],
          [
            -79.21447600021568,
            38.65583300034049
          ],
          [
            -79.21433800012342,
            38.656305999964644
          ],
          [
            -79.21430700016128,
            38.65641299978455
          ],
          [
            -79.2142319998182,
            38.65674699982016
          ],
          [
            -79.21421099990181,
            38.656930000346975
          ],
          [
            -79.21420599987894,
            38.65713100000732
          ],
          [
            -79.21422000012265,
            38.65732200005532
          ],
          [
            -79.21425100008477,
            38.65751300029556
          ],
          [
            -79.21430899981111,
            38.65772099986024
          ],
          [
            -79.214385999804,
            38.657924999656025
          ],
          [
            -79.21446000032216,
            38.658084999749526
          ],
          [
            -79.21450200015495,
            38.658164000049645
          ],
          [
            -79.21460799956185,
            38.65833399992059
          ],
          [
            -79.21476200044594,
            38.65854700004764
          ],
          [
            -79.21492599957917,
            38.65874200034957
          ],
          [
            -79.21509200015883,
            38.65890099971716
          ],
          [
            -79.21524399959648,
            38.659025999695714
          ],
          [
            -79.21538699971161,
            38.659128999862
          ],
          [
            -79.21554800026841,
            38.65923100028252
          ],
          [
            -79.21577500004912,
            38.65935599968512
          ],
          [
            -79.21601299970051,
            38.65946900023117
          ],
          [
            -79.21621000024231,
            38.65954799970626
          ],
          [
            -79.21641299973359,
            38.659616999664834
          ],
          [
            -79.21662000032113,
            38.65967699972732
          ],
          [
            -79.21683200003324,
            38.65972700032551
          ],
          [
            -79.21718500021066,
            38.659775000305764
          ],
          [
            -79.21755500010651,
            38.659813999739924
          ],
          [
            -79.21828700040062,
            38.6598680000006
          ],
          [
            -79.2187569998556,
            38.659898000283704
          ],
          [
            -79.21902299999437,
            38.65991400000868
          ],
          [
            -79.21934500020964,
            38.6599079996738
          ],
          [
            -79.21966700042492,
            38.65988699990078
          ],
          [
            -79.21998600026714,
            38.65984200016595
          ],
          [
            -79.22017600023793,
            38.65980800009819
          ],
          [
            -79.22023899998713,
            38.65979600011163
          ],
          [
            -79.22112299971889,
            38.659569999873085
          ],
          [
            -79.22166400021727,
            38.6594220003423
          ],
          [
            -79.22228000016044,
            38.65926899971431
          ],
          [
            -79.22288000021007,
            38.659132999661125
          ],
          [
            -79.22324400025812,
            38.65906700014059
          ],
          [
            -79.223397000419,
            38.659044000218955
          ],
          [
            -79.22489100024612,
            38.65882200022991
          ],
          [
            -79.22534700035571,
            38.658771999701344
          ],
          [
            -79.22579500006935,
            38.6587410000436
          ],
          [
            -79.22628999963867,
            38.658744000259965
          ],
          [
            -79.22731099963778,
            38.65875700002705
          ],
          [
            -79.2276079997387,
            38.6587449998644
          ],
          [
            -79.22817299962823,
            38.65870000011354
          ],
          [
            -79.22880700001303,
            38.65863600010741
          ],
          [
            -79.22916500021333,
            38.65860700030502
          ],
          [
            -79.2294310003521,
            38.65859199989464
          ],
          [
            -79.22964100041439,
            38.65859100028806
          ],
          [
            -79.22979799987492,
            38.6586000002542
          ],
          [
            -79.23005700034099,
            38.658634999799965
          ],
          [
            -79.2302620003804,
            38.65867199994253
          ],
          [
            -79.23038000038119,
            38.658698000201916
          ],
          [
            -79.23045400000103,
            38.65871499979982
          ],
          [
            -79.23110299955614,
            38.65885799997154
          ],
          [
            -79.23137899974067,
            38.658907000136374
          ],
          [
            -79.23159499965074,
            38.65892899979866
          ],
          [
            -79.23181399993383,
            38.65893599981734
          ],
          [
            -79.23213299977607,
            38.65892499998807
          ],
          [
            -79.23234000036364,
            38.658910999947956
          ],
          [
            -79.23346000009693,
            38.65881799971193
          ],
          [
            -79.23416200025379,
            38.65875199990106
          ],
          [
            -79.2344359998902,
            38.658710999977295
          ],
          [
            -79.23461099979237,
            38.65867500016178
          ],
          [
            -79.23478300021982,
            38.65862999966545
          ],
          [
            -79.23499199955889,
            38.65856100015898
          ],
          [
            -79.23512100032862,
            38.6585090002328
          ],
          [
            -79.23535499978205,
            38.65839699988582
          ],
          [
            -79.23557999991293,
            38.65827400013601
          ],
          [
            -79.23576300021105,
            38.658153999714564
          ],
          [
            -79.23592399986953,
            38.658028000002716
          ],
          [
            -79.23645600014709,
            38.65753700033013
          ],
          [
            -79.23654599966045,
            38.65747499993212
          ],
          [
            -79.23664600011787,
            38.65742499986621
          ],
          [
            -79.23675599972273,
            38.65738799978091
          ],
          [
            -79.23687100024878,
            38.657363999696464
          ],
          [
            -79.2369850000516,
            38.65736100012374
          ],
          [
            -79.23709700020459,
            38.657370999868036
          ],
          [
            -79.23720699980946,
            38.65739499995019
          ],
          [
            -79.23730999974161,
            38.657432999654624
          ],
          [
            -79.23740400035126,
            38.65748299971495
          ],
          [
            -79.23746200007756,
            38.6575269999075
          ],
          [
            -79.2375199998039,
            38.657587000317854
          ],
          [
            -79.23757400023057,
            38.65766199988319
          ],
          [
            -79.23761100004049,
            38.65774299988683
          ],
          [
            -79.23763100013198,
            38.657827999670864
          ],
          [
            -79.23768700020847,
            38.658227999776095
          ],
          [
            -79.23775499998054,
            38.65856100015898
          ],
          [
            -79.23781000023213,
            38.658764999666694
          ],
          [
            -79.23787800000419,
            38.658947999947934
          ],
          [
            -79.23796300039301,
            38.65912699996235
          ],
          [
            -79.23806499960193,
            38.65930499993274
          ],
          [
            -79.23818299960271,
            38.65947699979129
          ],
          [
            -79.23832900009089,
            38.65965799977144
          ],
          [
            -79.23852900010743,
            38.6598680000006
          ],
          [
            -79.23871099968231,
            38.66003299999927
          ],
          [
            -79.2388570001705,
            38.66013999986319
          ],
          [
            -79.23904899979111,
            38.66026299991575
          ],
          [
            -79.2392510003558,
            38.660375000150566
          ],
          [
            -79.23946600044094,
            38.66048400006682
          ],
          [
            -79.24007200033836,
            38.66074300029007
          ],
          [
            -79.2409639995677,
            38.66113099978453
          ],
          [
            -79.2411879998737,
            38.661248000016876
          ],
          [
            -79.24136000030114,
            38.661350999793456
          ],
          [
            -79.24152900035554,
            38.66146599983198
          ],
          [
            -79.24164900000615,
            38.66155799987016
          ],
          [
            -79.24192699984049,
            38.661816999716564
          ],
          [
            -79.2420339999706,
            38.66192300016083
          ],
          [
            -79.24234399959202,
            38.662272000098035
          ],
          [
            -79.24273799977732,
            38.66270600004507
          ],
          [
            -79.24344499995705,
            38.66353200025767
          ],
          [
            -79.24355600028514,
            38.66363800026769
          ],
          [
            -79.24367699976065,
            38.663730999856156
          ],
          [
            -79.24384599981505,
            38.663846999814616
          ],
          [
            -79.24402699956501,
            38.66395199982668
          ],
          [
            -79.24421900008394,
            38.664044000178286
          ],
          [
            -79.24429899955159,
            38.66407800033931
          ],
          [
            -79.24467000017066,
            38.66420500015846
          ],
          [
            -79.24504799956412,
            38.664319000295855
          ],
          [
            -79.24535300006096,
            38.66440599974326
          ],
          [
            -79.24565000016189,
            38.664505999912826
          ],
          [
            -79.24588299979038,
            38.664595000282915
          ],
          [
            -79.24651200015232,
            38.66487800004694
          ],
          [
            -79.2476500003273,
            38.66542000023759
          ],
          [
            -79.24790600042034,
            38.66554900020268
          ],
          [
            -79.24891900002352,
            38.666015999666016
          ],
          [
            -79.24915599984998,
            38.66614200005385
          ],
          [
            -79.24923000036814,
            38.66618999994289
          ],
          [
            -79.24936099988938,
            38.666303999725706
          ],
          [
            -79.24947800006524,
            38.66642699971232
          ],
          [
            -79.24958299964722,
            38.666575000197454
          ],
          [
            -79.249672000234,
            38.66672900014045
          ],
          [
            -79.24977500016617,
            38.666965000038964
          ],
          [
            -79.24985100033416,
            38.66718199979712
          ],
          [
            -79.24992300030416,
            38.66736199975692
          ],
          [
            -79.2500019999469,
            38.66750599967946
          ],
          [
            -79.25013099981831,
            38.667707999998434
          ],
          [
            -79.25022100023001,
            38.66781800015472
          ],
          [
            -79.25032699963691,
            38.66792000012309
          ],
          [
            -79.2505729996842,
            38.66812199997552
          ],
          [
            -79.25074799958638,
            38.66825499997342
          ],
          [
            -79.2510380000146,
            38.668444000173004
          ],
          [
            -79.2512620003206,
            38.66858599968667
          ],
          [
            -79.25148400007843,
            38.66870499999577
          ],
          [
            -79.25171400023223,
            38.66881299969255
          ],
          [
            -79.25188599976136,
            38.66888199984211
          ],
          [
            -79.25237899968086,
            38.669062999898145
          ],
          [
            -79.25280800002625,
            38.66920500028829
          ],
          [
            -79.25309199970839,
            38.66929200011161
          ],
          [
            -79.2532909999,
            38.66934600023896
          ],
          [
            -79.25346300032746,
            38.66937600005834
          ],
          [
            -79.25363700040472,
            38.66939199976983
          ],
          [
            -79.25384999994176,
            38.66939900016855
          ],
          [
            -79.25402800021698,
            38.669391000314015
          ],
          [
            -79.25420499976899,
            38.66936999981494
          ],
          [
            -79.25458300006076,
            38.6692930002702
          ],
          [
            -79.25487599996373,
            38.66921800026055
          ],
          [
            -79.25527299962376,
            38.66910699998989
          ],
          [
            -79.25585199975697,
            38.668962000318544
          ],
          [
            -79.25620400010949,
            38.66887399992985
          ],
          [
            -79.25694300007628,
            38.66871400009364
          ],
          [
            -79.25757499991295,
            38.668570999963734
          ],
          [
            -79.25790600034905,
            38.6685039998537
          ],
          [
            -79.25803299967237,
            38.66847999998743
          ],
          [
            -79.25851800009426,
            38.6683679998039
          ],
          [
            -79.25859599991206,
            38.66835000022143
          ],
          [
            -79.25874300022514,
            38.66831400034163
          ],
          [
            -79.25890600043176,
            38.66825700031955
          ],
          [
            -79.25900900036393,
            38.66821299970544
          ],
          [
            -79.25917900024325,
            38.66812400032538
          ],
          [
            -79.25938900030555,
            38.6679899999073
          ],
          [
            -79.25957000005549,
            38.66785599993989
          ],
          [
            -79.2597609998512,
            38.667701000135835
          ],
          [
            -79.26017400030308,
            38.667387000183105
          ],
          [
            -79.26034800038036,
            38.667274999692566
          ],
          [
            -79.26046200018317,
            38.667214000197156
          ],
          [
            -79.2605700001382,
            38.66716699978006
          ],
          [
            -79.26071300025333,
            38.667121999710005
          ],
          [
            -79.26089300017838,
            38.66708400023668
          ],
          [
            -79.26104700016418,
            38.66706399995206
          ],
          [
            -79.26120199997487,
            38.667058000216265
          ],
          [
            -79.26138899957262,
            38.667069999687314
          ],
          [
            -79.26155400032738,
            38.667103000326534
          ],
          [
            -79.26177500026031,
            38.66716299972823
          ],
          [
            -79.26198799979734,
            38.66723600011313
          ],
          [
            -79.26212300041486,
            38.66728900020184
          ],
          [
            -79.26221499957806,
            38.66732200003877
          ],
          [
            -79.26235400039354,
            38.66736699998313
          ],
          [
            -79.26250099980832,
            38.66740900004597
          ],
          [
            -79.26267400006068,
            38.66745299975138
          ],
          [
            -79.26284200029018,
            38.66748699969654
          ],
          [
            -79.26292699978067,
            38.667501000164314
          ],
          [
            -79.2630129999944,
            38.66751300026254
          ],
          [
            -79.26314199986582,
            38.667525999840606
          ],
          [
            -79.26333199983662,
            38.66753600026982
          ],
          [
            -79.26371199977822,
            38.667551999691085
          ],
          [
            -79.26485300032623,
            38.66757499968584
          ],
          [
            -79.26527900029859,
            38.667597000192295
          ],
          [
            -79.26548699981274,
            38.66761799980866
          ],
          [
            -79.2655909995698,
            38.66763200025087
          ],
          [
            -79.26569299967707,
            38.667648999832245
          ],
          [
            -79.26597600043259,
            38.66770299979604
          ],
          [
            -79.26627600000825,
            38.66775900007917
          ],
          [
            -79.26659599967539,
            38.66782500000593
          ],
          [
            -79.26692999958622,
            38.66789600006113
          ],
          [
            -79.26735499973368,
            38.66799100008407
          ],
          [
            -79.2676810001469,
            38.66806999997769
          ],
          [
            -79.26775599959167,
            38.66809100015667
          ],
          [
            -79.26783000010981,
            38.66811399997829
          ],
          [
            -79.26793899988976,
            38.66815299978089
          ],
          [
            -79.26801000003488,
            38.66818199992605
          ],
          [
            -79.26811299996703,
            38.66822899967682
          ],
          [
            -79.2681799999142,
            38.66826199978186
          ],
          [
            -79.26824600003643,
            38.66829799968785
          ],
          [
            -79.26849499955846,
            38.66844599981248
          ],
          [
            -79.26894999984313,
            38.66872999995307
          ],
          [
            -79.26950200021216,
            38.66909199967472
          ],
          [
            -79.26989300002442,
            38.66934299976538
          ],
          [
            -79.27021199986665,
            38.66956500010422
          ],
          [
            -79.27028999968445,
            38.66961600026491
          ],
          [
            -79.27040799968525,
            38.669698999678644
          ],
          [
            -79.27066100030353,
            38.66986800007184
          ],
          [
            -79.27091700039658,
            38.670026999986256
          ],
          [
            -79.27106899983424,
            38.670134999792865
          ],
          [
            -79.27124000043676,
            38.67025099989728
          ],
          [
            -79.27161899965513,
            38.67050800028139
          ],
          [
            -79.27181700002185,
            38.67066499989839
          ],
          [
            -79.27200100014485,
            38.67083000026838
          ],
          [
            -79.27238899958407,
            38.6712139999887
          ],
          [
            -79.27272099984508,
            38.67155899972328
          ],
          [
            -79.2729750002883,
            38.67181799986663
          ],
          [
            -79.27361600034581,
            38.67247299978757
          ],
          [
            -79.27388599978424,
            38.6727409997225
          ],
          [
            -79.27402100040177,
            38.67285500029616
          ],
          [
            -79.27416899964145,
            38.67295800020923
          ],
          [
            -79.27432900037334,
            38.67304900010442
          ],
          [
            -79.27449800042774,
            38.673126999922545
          ],
          [
            -79.27467599980466,
            38.67319299981015
          ],
          [
            -79.27479200015561,
            38.67322799993834
          ],
          [
            -79.27497299990559,
            38.67327200027566
          ],
          [
            -79.27515899967841,
            38.673295999938176
          ],
          [
            -79.27539300003016,
            38.6733120001763
          ],
          [
            -79.2756280002068,
            38.673313000278725
          ],
          [
            -79.27576100027618,
            38.67330199985259
          ],
          [
            -79.27597200016338,
            38.673266999760514
          ],
          [
            -79.27606699969961,
            38.67324699980041
          ],
          [
            -79.27626000004346,
            38.67319500001831
          ],
          [
            -79.27641800022721,
            38.67314099998876
          ],
          [
            -79.2766349999622,
            38.67303899974397
          ],
          [
            -79.27684300037465,
            38.672925000164675
          ],
          [
            -79.27700099966007,
            38.6728259999398
          ],
          [
            -79.27811700009374,
            38.672170999741994
          ],
          [
            -79.27871700014336,
            38.67184300013963
          ],
          [
            -79.27892300000768,
            38.67174299969678
          ],
          [
            -79.27910899978052,
            38.671658999721785
          ],
          [
            -79.27926500031444,
            38.67160399981002
          ],
          [
            -79.27936999989643,
            38.67156900029049
          ],
          [
            -79.27949299992008,
            38.67153299992519
          ],
          [
            -79.27963799968504,
            38.67149399985971
          ],
          [
            -79.27974700036329,
            38.67146800003808
          ],
          [
            -79.27998699966449,
            38.67142000018062
          ],
          [
            -79.28020799959744,
            38.671390999944286
          ],
          [
            -79.2804310000785,
            38.67137600010771
          ],
          [
            -79.28059099991208,
            38.6713729997192
          ],
          [
            -79.28106100026535,
            38.67136199969626
          ],
          [
            -79.28163399965248,
            38.6713490001133
          ],
          [
            -79.28206999967058,
            38.671338000086735
          ],
          [
            -79.28218299964848,
            38.67133200000772
          ],
          [
            -79.28239000023603,
            38.67131700015872
          ],
          [
            -79.28253699965083,
            38.67130700025769
          ],
          [
            -79.282867000262,
            38.671270000331056
          ],
          [
            -79.28330499992992,
            38.67120199980942
          ],
          [
            -79.28359500035815,
            38.67114399984981
          ],
          [
            -79.28375400036683,
            38.67110500027379
          ],
          [
            -79.28396000023112,
            38.6710479996683
          ],
          [
            -79.28469400017507,
            38.67086799985764
          ],
          [
            -79.2849999995985,
            38.67078599983286
          ],
          [
            -79.2859779999399,
            38.67052499988128
          ],
          [
            -79.28636299990437,
            38.670405000350115
          ],
          [
            -79.2866180001725,
            38.67031100016778
          ],
          [
            -79.2868650000447,
            38.67020599966146
          ],
          [
            -79.28714000040432,
            38.67007399992864
          ],
          [
            -79.2873229998041,
            38.669995000142144
          ],
          [
            -79.28756100035378,
            38.66989200017415
          ],
          [
            -79.28795499964077,
            38.66970600004729
          ],
          [
            -79.28857899997985,
            38.669413000262445
          ],
          [
            -79.28877599962333,
            38.6693249997267
          ],
          [
            -79.28889699999715,
            38.66927000012594
          ],
          [
            -79.28905699983073,
            38.669197999870654
          ],
          [
            -79.28912299995298,
            38.66916900013702
          ],
          [
            -79.28935200028182,
            38.66906699984382
          ],
          [
            -79.28984000017846,
            38.66884100010684
          ],
          [
            -79.2911520004307,
            38.668233999842485
          ],
          [
            -79.29148899981628,
            38.668092000332045
          ],
          [
            -79.29188100035174,
            38.66794999983863
          ],
          [
            -79.29197699971289,
            38.66791799976754
          ],
          [
            -79.2922579999203,
            38.66783999988515
          ],
          [
            -79.29276000006062,
            38.667706000338356
          ],
          [
            -79.2929120003966,
            38.66766499992967
          ],
          [
            -79.29316900031453,
            38.667596000010015
          ],
          [
            -79.29342299985944,
            38.66753299972037
          ],
          [
            -79.29368300015044,
            38.66748500003024
          ],
          [
            -79.29394599991618,
            38.66745200026849
          ],
          [
            -79.29412199964327,
            38.6674410003445
          ],
          [
            -79.29434400029943,
            38.6674410003445
          ],
          [
            -79.29452000002652,
            38.66745100008418
          ],
          [
            -79.29482100032541,
            38.66748699969654
          ],
          [
            -79.29501200012112,
            38.667510999895605
          ],
          [
            -79.29523499970387,
            38.66755900026971
          ],
          [
            -79.29541499962893,
            38.667613999782034
          ],
          [
            -79.29558799988129,
            38.667681000023514
          ],
          [
            -79.29574699988994,
            38.66775900007917
          ],
          [
            -79.29587900013443,
            38.66784100006403
          ],
          [
            -79.29599799996012,
            38.667933000328674
          ],
          [
            -79.29608400017385,
            38.66801299976136
          ],
          [
            -79.29620499964935,
            38.668152000307764
          ],
          [
            -79.29629400023613,
            38.668284000077264
          ],
          [
            -79.29636600020615,
            38.668421999926764
          ],
          [
            -79.29671299963748,
            38.669294999885956
          ],
          [
            -79.29679300000342,
            38.66944900029109
          ],
          [
            -79.29688900026288,
            38.66959800029486
          ],
          [
            -79.29703700040089,
            38.66978000009529
          ],
          [
            -79.29719300003649,
            38.669948000147905
          ],
          [
            -79.29739899990082,
            38.67013700008648
          ],
          [
            -79.29791500028485,
            38.67054499990052
          ],
          [
            -79.29812699999697,
            38.67071899969153
          ],
          [
            -79.2982140000356,
            38.67081000032881
          ],
          [
            -79.29828600000562,
            38.67090899983486
          ],
          [
            -79.2983410002572,
            38.671014000011496
          ],
          [
            -79.29837300004425,
            38.6711009997406
          ],
          [
            -79.2983970003337,
            38.67121299985694
          ],
          [
            -79.29840599965621,
            38.67135900000853
          ],
          [
            -79.29839499978556,
            38.67148199972743
          ],
          [
            -79.29836700019648,
            38.67160299968371
          ],
          [
            -79.29832199999063,
            38.671720000339604
          ],
          [
            -79.29827400031004,
            38.67181099970449
          ],
          [
            -79.29821200038579,
            38.67189500020245
          ],
          [
            -79.29812199997407,
            38.671993000191314
          ],
          [
            -79.29801800021701,
            38.67208199967127
          ],
          [
            -79.29790100004115,
            38.67216099996019
          ],
          [
            -79.29785099981244,
            38.67218899976649
          ],
          [
            -79.29750100000805,
            38.67233899979451
          ],
          [
            -79.29721499977781,
            38.67244899984913
          ],
          [
            -79.29706499998997,
            38.67249699971796
          ],
          [
            -79.29694799981411,
            38.672552000346364
          ],
          [
            -79.29686199960038,
            38.67260299978185
          ],
          [
            -79.29676500041433,
            38.67267700034217
          ],
          [
            -79.29668900024633,
            38.67275100012464
          ],
          [
            -79.2966449998654,
            38.67281099970254
          ],
          [
            -79.29660499968243,
            38.67289200010491
          ],
          [
            -79.29658499959095,
            38.6729590003166
          ],
          [
            -79.29657700009335,
            38.67304599978603
          ],
          [
            -79.296587999964,
            38.67313199974612
          ],
          [
            -79.29662499977393,
            38.67325100021369
          ],
          [
            -79.29666699960673,
            38.67333100001608
          ],
          [
            -79.29672500023135,
            38.67340499982379
          ],
          [
            -79.2967980000263,
            38.673470000056206
          ],
          [
            -79.29686599979834,
            38.67351500034437
          ],
          [
            -79.29695899968478,
            38.673561000001875
          ],
          [
            -79.29708799955618,
            38.67360400003617
          ],
          [
            -79.29722999984642,
            38.673635999669806
          ],
          [
            -79.2974049997486,
            38.67365400002728
          ],
          [
            -79.29752299974938,
            38.673655000124924
          ],
          [
            -79.29767000006247,
            38.67364200025701
          ],
          [
            -79.29835299995277,
            38.673534000130275
          ],
          [
            -79.29858200028163,
            38.67350099964995
          ],
          [
            -79.29901300027686,
            38.67342300023934
          ],
          [
            -79.29948399955673,
            38.6733289998117
          ],
          [
            -79.29968899959616,
            38.67327499988324
          ],
          [
            -79.29988699996285,
            38.67320699986345
          ],
          [
            -79.30007699993367,
            38.673125999817515
          ],
          [
            -79.30015099955351,
            38.673090000235206
          ],
          [
            -79.30028600017103,
            38.67304099995644
          ],
          [
            -79.30041199966942,
            38.67297899965581
          ],
          [
            -79.30052899984527,
            38.67290700032524
          ],
          [
            -79.3005720004013,
            38.67287499966443
          ],
          [
            -79.30090100028927,
            38.67272600016874
          ],
          [
            -79.30128500042882,
            38.67253399971178
          ],
          [
            -79.30238599989555,
            38.67196599972825
          ],
          [
            -79.30249999969837,
            38.671907000265556
          ],
          [
            -79.30307399980872,
            38.671612000118586
          ],
          [
            -79.30373599978263,
            38.67127599971385
          ],
          [
            -79.30414400021162,
            38.671058000306886
          ],
          [
            -79.3042329999001,
            38.67101100030913
          ],
          [
            -79.30464100032908,
            38.67079999965553
          ],
          [
            -79.30507499979903,
            38.670577000200126
          ],
          [
            -79.3055500001752,
            38.67032600022755
          ],
          [
            -79.30575600003952,
            38.6702119998348
          ],
          [
            -79.30640399976973,
            38.66983700030764
          ],
          [
            -79.30715399960718,
            38.66937999998654
          ],
          [
            -79.3079500003737,
            38.668875000094275
          ],
          [
            -79.30861599964724,
            38.66846400007214
          ],
          [
            -79.30947699981276,
            38.66793200015108
          ],
          [
            -79.31042099981897,
            38.667360000087136
          ],
          [
            -79.3112040001667,
            38.666883999944524
          ],
          [
            -79.31224500025729,
            38.66624199990325
          ],
          [
            -79.31253800016025,
            38.66603699974607
          ],
          [
            -79.31274999987235,
            38.66587500017156
          ],
          [
            -79.31281900036767,
            38.66582199973762
          ],
          [
            -79.31334099970117,
            38.66536899989367
          ],
          [
            -79.31346799992276,
            38.66523199998653
          ],
          [
            -79.31366499956626,
            38.66499599998745
          ],
          [
            -79.31395300034465,
            38.664613000107906
          ],
          [
            -79.31414999998816,
            38.66436700000405
          ],
          [
            -79.31420100004178,
            38.66430699966234
          ],
          [
            -79.31514800042103,
            38.66304000019482
          ],
          [
            -79.31560199998248,
            38.66243400010791
          ],
          [
            -79.31588999986258,
            38.6620509998529
          ],
          [
            -79.31602299993195,
            38.66189499984695
          ],
          [
            -79.31609499990198,
            38.66181100024258
          ],
          [
            -79.31625700028368,
            38.66163099965623
          ],
          [
            -79.31641000044456,
            38.66146200016315
          ],
          [
            -79.31662200015667,
            38.66125199969772
          ],
          [
            -79.31690900021184,
            38.660994999759914
          ],
          [
            -79.317152999711,
            38.66076599966604
          ],
          [
            -79.31722200020629,
            38.66069799969016
          ],
          [
            -79.3174830003222,
            38.66047900006139
          ],
          [
            -79.31783200030165,
            38.66015699982032
          ],
          [
            -79.31803499979293,
            38.65996800019398
          ],
          [
            -79.31814899959575,
            38.65986699971037
          ],
          [
            -79.31823900000742,
            38.65978600000442
          ],
          [
            -79.31829099988596,
            38.65973900032358
          ],
          [
            -79.3183779999246,
            38.65966299983413
          ],
          [
            -79.31864499988829,
            38.65939899983324
          ],
          [
            -79.31886599982123,
            38.65916399985074
          ],
          [
            -79.31901700033228,
            38.65896000007652
          ],
          [
            -79.31906599983778,
            38.65888499976588
          ],
          [
            -79.31917100031808,
            38.658702000025116
          ],
          [
            -79.31926599985432,
            38.658493999801884
          ],
          [
            -79.31953700001598,
            38.65779700030598
          ],
          [
            -79.31958200022181,
            38.65767800010769
          ],
          [
            -79.31975299992604,
            38.65718300023245
          ],
          [
            -79.31979499975884,
            38.65708299965806
          ],
          [
            -79.31995399976749,
            38.65670699978456
          ],
          [
            -79.3199830000798,
            38.656637999828526
          ],
          [
            -79.32002200043786,
            38.656543999811916
          ],
          [
            -79.32010000025566,
            38.656383999783614
          ],
          [
            -79.32018499974617,
            38.65624399990404
          ],
          [
            -79.32028199983054,
            38.656109999702956
          ],
          [
            -79.3204759999993,
            38.65588700009514
          ],
          [
            -79.32052100020516,
            38.65583199999391
          ],
          [
            -79.32069500028243,
            38.655621000208676
          ],
          [
            -79.32079300019171,
            38.65549300024879
          ],
          [
            -79.32082900017673,
            38.65545100021215
          ],
          [
            -79.32091399966721,
            38.65534900002059
          ],
          [
            -79.32120400009545,
            38.65498300024213
          ],
          [
            -79.32159999993057,
            38.65444600005751
          ],
          [
            -79.32173299999995,
            38.654246000246694
          ],
          [
            -79.32186100004648,
            38.654086999665424
          ],
          [
            -79.32200400016163,
            38.65393600031328
          ],
          [
            -79.32210999956851,
            38.65384299993137
          ],
          [
            -79.32232600037688,
            38.65367799970335
          ],
          [
            -79.3230519999249,
            38.65316600003752
          ],
          [
            -79.32327600023088,
            38.65301999997199
          ],
          [
            -79.32362100001237,
            38.652825999914626
          ],
          [
            -79.32380799961014,
            38.652733999884575
          ],
          [
            -79.32420599999338,
            38.65257599984706
          ],
          [
            -79.32441799970549,
            38.65247300007902
          ],
          [
            -79.32454900012507,
            38.65239799999122
          ],
          [
            -79.3246710003238,
            38.652315999861564
          ],
          [
            -79.3247909999744,
            38.65221400011678
          ],
          [
            -79.32489599955638,
            38.652103999844144
          ],
          [
            -79.32499799966364,
            38.65197399981433
          ],
          [
            -79.32551200039785,
            38.651320000100974
          ],
          [
            -79.32574000000348,
            38.651061999891255
          ],
          [
            -79.32581100014859,
            38.650976999795475
          ],
          [
            -79.326016000188,
            38.650732000275625
          ],
          [
            -79.32603200008153,
            38.65071300005163
          ],
          [
            -79.32625999968715,
            38.65044499975242
          ],
          [
            -79.32649599968872,
            38.65017499970419
          ],
          [
            -79.32657500022974,
            38.650084999929746
          ],
          [
            -79.3267409999111,
            38.64988100025623
          ],
          [
            -79.32696000019422,
            38.649653000140056
          ],
          [
            -79.32747099965707,
            38.6491480000442
          ],
          [
            -79.327699000161,
            38.64892199988477
          ],
          [
            -79.32777299978085,
            38.6488500002182
          ],
          [
            -79.32803499972167,
            38.64858599965237
          ],
          [
            -79.32809300034631,
            38.648528000317235
          ],
          [
            -79.3284370003029,
            38.6482309997684
          ],
          [
            -79.32864800019009,
            38.64806000002073
          ],
          [
            -79.32887099977285,
            38.64790099974145
          ],
          [
            -79.32893500024525,
            38.647857999706794
          ],
          [
            -79.32900999969002,
            38.64781000015974
          ],
          [
            -79.32916700004886,
            38.64773899983534
          ],
          [
            -79.3292890002476,
            38.64769400018621
          ],
          [
            -79.32945400010404,
            38.64764700028859
          ],
          [
            -79.32958899982324,
            38.64761999976625
          ],
          [
            -79.3295570000362,
            38.648048999924505
          ],
          [
            -79.32954100014265,
            38.64826900012463
          ],
          [
            -79.32955299983824,
            38.648479999815905
          ],
          [
            -79.32956600025703,
            38.64872899969959
          ],
          [
            -79.32959399984611,
            38.64901199971704
          ],
          [
            -79.32962599963317,
            38.64943899978938
          ],
          [
            -79.32967400021207,
            38.64974100029552
          ],
          [
            -79.32969099993049,
            38.64984300005339
          ],
          [
            -79.32973500031142,
            38.65010000001693
          ],
          [
            -79.32975799987764,
            38.65023700010671
          ],
          [
            -79.32985499996202,
            38.65086699972812
          ],
          [
            -79.32988199972621,
            38.65104799971735
          ],
          [
            -79.3299090003887,
            38.65114900000871
          ],
          [
            -79.32998600038158,
            38.65143200028889
          ],
          [
            -79.3300220003666,
            38.65153200033382
          ],
          [
            -79.33008000009293,
            38.65169199997499
          ],
          [
            -79.33012600012368,
            38.65181999971124
          ],
          [
            -79.33029299962993,
            38.652156999907284
          ],
          [
            -79.33039800011025,
            38.65234300001726
          ],
          [
            -79.33042599969934,
            38.65239300012288
          ],
          [
            -79.33046099985944,
            38.65244199979967
          ],
          [
            -79.33057600038548,
            38.652636000195386
          ],
          [
            -79.33073500039413,
            38.65286199986371
          ],
          [
            -79.33094799993115,
            38.65312899985687
          ],
          [
            -79.3310369996196,
            38.65322900033905
          ],
          [
            -79.33128400039014,
            38.65350300021553
          ],
          [
            -79.33154799998078,
            38.65374300030624
          ],
          [
            -79.3317610004161,
            38.65392299967121
          ],
          [
            -79.33184099988374,
            38.653986999679425
          ],
          [
            -79.33216700029696,
            38.654246000246694
          ],
          [
            -79.33226900040421,
            38.65433799973795
          ],
          [
            -79.33238400003195,
            38.65445800023888
          ],
          [
            -79.33245900037502,
            38.65456099995901
          ],
          [
            -79.3325210002993,
            38.65467599967584
          ],
          [
            -79.33255300008635,
            38.65475999993185
          ],
          [
            -79.33256700033004,
            38.65486800031663
          ],
          [
            -79.33256599960684,
            38.65494099990645
          ]
        ]
      }
    },
    {
      "type": "Feature",
      "properties": {
        "name": "US 33",
        "tier": 1,
        "highway_class": "major"
      },
      "geometry": {
        "type": "LineString",
        "coordinates": [
          [
            -78.54540999956075,
            38.356932999835536
          ],
          [
            -78.54570099981389,
            38.35705399988692
          ],
          [
            -78.5457519998675,
            38.35707500010812
          ],
          [
            -78.54585300014985,
            38.357116000254045
          ],
          [
            -78.54602700022711,
            38.35719500034946
          ],
          [
            -78.54609900019713,
            38.35722800032817
          ],
          [
            -78.54624200031228,
            38.35730200033238
          ],
          [
            -78.5464280000851,
            38.357417999806046
          ],
          [
            -78.54664900001806,
            38.35757299984501
          ],
          [
            -78.54677799988947,
            38.35767500003044
          ],
          [
            -78.54685800025541,
            38.357738999700516
          ],
          [
            -78.54772199989567,
            38.35853600024106
          ],
          [
            -78.5483079997016,
            38.359095000323954
          ],
          [
            -78.54873700004701,
            38.35950499986502
          ],
          [
            -78.5491389997299,
            38.35991000011269
          ],
          [
            -78.54930000028669,
            38.360084000029424
          ],
          [
            -78.54945699974722,
            38.360255000232414
          ],
          [
            -78.5500380004286,
            38.360912000072354
          ],
          [
            -78.55053200017299,
            38.36143399979532
          ],
          [
            -78.55102500009251,
            38.3619770001884
          ],
          [
            -78.55155099962397,
            38.362601000268405
          ],
          [
            -78.55164299968548,
            38.36269800011271
          ],
          [
            -78.55174800016579,
            38.362784999942335
          ],
          [
            -78.55186600016654,
            38.36286100029901
          ],
          [
            -78.55199500003799,
            38.362925000315
          ],
          [
            -78.55210499964284,
            38.36296599996534
          ],
          [
            -78.55224799975797,
            38.363006000100015
          ],
          [
            -78.55239599989599,
            38.363029999888504
          ],
          [
            -78.55254700040705,
            38.36304099993564
          ],
          [
            -78.55268700014912,
            38.36303100008494
          ],
          [
            -78.55296599980838,
            38.36299500004761
          ],
          [
            -78.55319400031232,
            38.36295099982106
          ],
          [
            -78.55331800016087,
            38.36294099995798
          ],
          [
            -78.5534749996214,
            38.36294099995798
          ],
          [
            -78.55363000033041,
            38.362954999906805
          ],
          [
            -78.55378900033908,
            38.362982000303624
          ],
          [
            -78.55391300018763,
            38.36301800034747
          ],
          [
            -78.55400699989896,
            38.36305600006122
          ],
          [
            -78.55409499976251,
            38.36310099971504
          ],
          [
            -78.55421000028855,
            38.363183999691856
          ],
          [
            -78.55429099958108,
            38.363249999809156
          ],
          [
            -78.55443799989418,
            38.36339199966537
          ],
          [
            -78.5545440001994,
            38.3635210003002
          ],
          [
            -78.55479400044464,
            38.36395699997983
          ],
          [
            -78.55491999994302,
            38.36418799977324
          ],
          [
            -78.55515299957155,
            38.36461800002312
          ],
          [
            -78.55545800006837,
            38.36506600004624
          ],
          [
            -78.55555500015275,
            38.36517700033242
          ],
          [
            -78.55566700030576,
            38.36527899966481
          ],
          [
            -78.5557919999792,
            38.36537200019451
          ],
          [
            -78.5559669998814,
            38.36547299979372
          ],
          [
            -78.55612400024023,
            38.36554400004129
          ],
          [
            -78.55628900009667,
            38.36560200024147
          ],
          [
            -78.55645999980091,
            38.36564699972117
          ],
          [
            -78.55657799980168,
            38.365662000011056
          ],
          [
            -78.55669699962736,
            38.365668000266986
          ],
          [
            -78.5568470003135,
            38.36566300017112
          ],
          [
            -78.55699399972829,
            38.365643999944524
          ],
          [
            -78.55713699984341,
            38.365610000119744
          ],
          [
            -78.55777200005313,
            38.36537899993417
          ],
          [
            -78.55789099987884,
            38.36535400005585
          ],
          [
            -78.55801300007755,
            38.365342999655866
          ],
          [
            -78.55814799979677,
            38.36535500022018
          ],
          [
            -78.55825599975181,
            38.365381000262154
          ],
          [
            -78.55835799985906,
            38.36542099976662
          ],
          [
            -78.55844999992057,
            38.36547299979372
          ],
          [
            -78.55857600031727,
            38.36557000001538
          ],
          [
            -78.55869900034092,
            38.36564799988145
          ],
          [
            -78.55880599957271,
            38.36570099990505
          ],
          [
            -78.55894799986294,
            38.36575699966188
          ],
          [
            -78.55901099961214,
            38.3657679999989
          ],
          [
            -78.55916999962079,
            38.365783999717806
          ],
          [
            -78.5593310001776,
            38.365786000034596
          ],
          [
            -78.55949199983607,
            38.36577400024609
          ],
          [
            -78.55964900019491,
            38.3657470001864
          ],
          [
            -78.55996700021221,
            38.365659999690834
          ],
          [
            -78.56059099965299,
            38.36544600032609
          ],
          [
            -78.5607680001033,
            38.36539899968968
          ],
          [
            -78.5609029998225,
            38.36538299988573
          ],
          [
            -78.56104000008987,
            38.365374999982386
          ],
          [
            -78.5611770003572,
            38.36538000009814
          ],
          [
            -78.56131299990133,
            38.36539999985344
          ],
          [
            -78.5614440003209,
            38.365433000318
          ],
          [
            -78.56154399988002,
            38.36547000000991
          ],
          [
            -78.56168000032245,
            38.36553499999396
          ],
          [
            -78.56177800023174,
            38.365598000302064
          ],
          [
            -78.56257199955179,
            38.36626199990144
          ],
          [
            -78.56297099975997,
            38.366626000007464
          ],
          [
            -78.56354300022052,
            38.36711900025277
          ],
          [
            -78.56418500010294,
            38.367682000087264
          ],
          [
            -78.56431800017232,
            38.367814999936535
          ],
          [
            -78.5644350003482,
            38.36795699999309
          ],
          [
            -78.56451800018885,
            38.368075999677046
          ],
          [
            -78.56460699987733,
            38.36823000001339
          ],
          [
            -78.56475699966515,
            38.36856299989014
          ],
          [
            -78.56506399981183,
            38.369302999686624
          ],
          [
            -78.56528200027002,
            38.36968300025827
          ],
          [
            -78.56560100011224,
            38.370149000278005
          ],
          [
            -78.5657309998086,
            38.37030700010827
          ],
          [
            -78.56587499974863,
            38.370457000251996
          ],
          [
            -78.56599699994736,
            38.37055699970556
          ],
          [
            -78.56610300025258,
            38.370630000078606
          ],
          [
            -78.56624700019262,
            38.37071000030643
          ],
          [
            -78.5664000003535,
            38.370779000167765
          ],
          [
            -78.56655799963893,
            38.37083300004399
          ],
          [
            -78.5666880002336,
            38.37086800032044
          ],
          [
            -78.56685499973985,
            38.37089800014148
          ],
          [
            -78.5670260003424,
            38.370915000222375
          ],
          [
            -78.56719799987152,
            38.37091899986798
          ],
          [
            -78.5673719999488,
            38.370907000226254
          ],
          [
            -78.56754299965301,
            38.370879999968636
          ],
          [
            -78.56770900023268,
            38.370837999782665
          ],
          [
            -78.56812099996135,
            38.370694000267925
          ],
          [
            -78.56942300016783,
            38.370162000143324
          ],
          [
            -78.56975799990359,
            38.37000700029667
          ],
          [
            -78.56993500035391,
            38.36991199988575
          ],
          [
            -78.57020599961724,
            38.36974900008375
          ],
          [
            -78.57051399958883,
            38.36953799974734
          ],
          [
            -78.57081599971261,
            38.369302999686624
          ],
          [
            -78.5710619997599,
            38.3690899999373
          ],
          [
            -78.5712939995635,
            38.36886699981238
          ],
          [
            -78.57152100024253,
            38.36862699979452
          ],
          [
            -78.57172100025909,
            38.36839899974471
          ],
          [
            -78.57191000040497,
            38.36816599975794
          ],
          [
            -78.57206400039074,
            38.36794399973164
          ],
          [
            -78.57245699985282,
            38.367326000050475
          ],
          [
            -78.5733349997368,
            38.366013999864236
          ],
          [
            -78.5735609996926,
            38.36575200027646
          ],
          [
            -78.57381000011294,
            38.365520999839795
          ],
          [
            -78.57397699961922,
            38.365394000279586
          ],
          [
            -78.57424100010817,
            38.36524099970937
          ],
          [
            -78.57443199990388,
            38.36514399975115
          ],
          [
            -78.57450700024694,
            38.365109000228095
          ],
          [
            -78.57473900005053,
            38.36501300026201
          ]
        ]
      }
    },
    {
      "type": "Feature",
      "properties": {
        "name": "US 33",
        "tier": 1,
        "highway_class": "major"
      },
      "geometry": {
        "type": "LineString",
        "coordinates": [
          [
            -78.64727400036774,
            38.40634999990616
          ],
          [
            -78.64727600001757,
            38.40646300010189
          ],
          [
            -78.64725500010117,
            38.406571000036614
          ],
          [
            -78.64722300031411,
            38.40665499971779
          ],
          [
            -78.64721499991819,
            38.40667699991988
          ],
          [
            -78.64715600036696,
            38.40677699998598
          ],
          [
            -78.64705799955935,
            38.406904000109854
          ],
          [
            -78.64693500043401,
            38.407027999838085
          ],
          [
            -78.64681700043324,
            38.40711999990769
          ],
          [
            -78.64657899988356,
            38.407286000134945
          ],
          [
            -78.6464419996162,
            38.407370999976436
          ],
          [
            -78.64614000039073,
            38.4075560001141
          ],
          [
            -78.64583900009184,
            38.407742000060416
          ],
          [
            -78.6456380002504,
            38.4078650001821
          ],
          [
            -78.64519499966129,
            38.40812000017948
          ],
          [
            -78.64495100016215,
            38.40824500020843
          ],
          [
            -78.64464300019057,
            38.408384000330194
          ],
          [
            -78.64432699982306,
            38.40851000017415
          ],
          [
            -78.6441889997308,
            38.4085650003109
          ],
          [
            -78.64400600033102,
            38.40862799975059
          ],
          [
            -78.64372799959835,
            38.408713000125466
          ],
          [
            -78.6433640004486,
            38.40880800026055
          ],
          [
            -78.6432160003106,
            38.40884200019702
          ],
          [
            -78.64297299973803,
            38.40888799979577
          ],
          [
            -78.6425049999329,
            38.408969000211606
          ],
          [
            -78.64239000030516,
            38.40898700005709
          ],
          [
            -78.64054800032349,
            38.4092609996537
          ],
          [
            -78.64005000038114,
            38.40933699975855
          ],
          [
            -78.63865199991515,
            38.409551999770386
          ],
          [
            -78.63823400033873,
            38.409617000270124
          ],
          [
            -78.63747299973231,
            38.40973300034527
          ],
          [
            -78.63723599990585,
            38.409758999923916
          ],
          [
            -78.63705799963063,
            38.40976500004197
          ],
          [
            -78.6369150004138,
            38.40975799966957
          ],
          [
            -78.63682199962905,
            38.40974900019539
          ],
          [
            -78.63679700041301,
            38.409744999881234
          ],
          [
            -78.63650799980971,
            38.4097080003084
          ],
          [
            -78.63647799967248,
            38.40970299973686
          ],
          [
            -78.6363520001741,
            38.40968399981439
          ],
          [
            -78.63619499981526,
            38.409658999760566
          ],
          [
            -78.63545400019864,
            38.40954399982402
          ],
          [
            -78.63522200039506,
            38.40950799970217
          ],
          [
            -78.6350290000512,
            38.409477999704265
          ],
          [
            -78.63485699962375,
            38.409450999765916
          ],
          [
            -78.63339899978165,
            38.409214000030495
          ],
          [
            -78.6328670004024,
            38.40913100006706
          ],
          [
            -78.6322199995988,
            38.40902899991368
          ],
          [
            -78.6301359997678,
            38.40870000014915
          ],
          [
            -78.62912599963934,
            38.408539999870015
          ],
          [
            -78.62840000009133,
            38.408422999718795
          ],
          [
            -78.62678300024058,
            38.4081560002888
          ],
          [
            -78.62556200022493,
            38.4079560003148
          ],
          [
            -78.62480800018952,
            38.40783200006699
          ],
          [
            -78.62467400029522,
            38.40781200007521
          ],
          [
            -78.62450699989064,
            38.407787999655454
          ],
          [
            -78.62428400030788,
            38.40775500020912
          ],
          [
            -78.62396499956733,
            38.40770399988321
          ],
          [
            -78.62379700023615,
            38.40767699998601
          ],
          [
            -78.62322200030088,
            38.40756800001156
          ],
          [
            -78.62236899963297,
            38.407421000250594
          ],
          [
            -78.62193500016302,
            38.407354000016134
          ],
          [
            -78.62139000036497,
            38.4072649997032
          ],
          [
            -78.62105800010396,
            38.4071990003178
          ],
          [
            -78.62073800043682,
            38.40712399966326
          ],
          [
            -78.62037299966552,
            38.40702099990448
          ],
          [
            -78.62013699966397,
            38.406947000062395
          ],
          [
            -78.61877199970827,
            38.406503000122605
          ],
          [
            -78.61792099958849,
            38.40622800032508
          ],
          [
            -78.61745100013353,
            38.40607700013715
          ],
          [
            -78.61727399968319,
            38.40601900000444
          ],
          [
            -78.61690399978735,
            38.405898999776205
          ],
          [
            -78.61624600001142,
            38.40568600007715
          ],
          [
            -78.6157249996045,
            38.40551799977254
          ],
          [
            -78.61545699981589,
            38.405438000026585
          ],
          [
            -78.61500200042954,
            38.405316000313896
          ],
          [
            -78.61419599961727,
            38.40513499993957
          ],
          [
            -78.61386900027745,
            38.405048999964535
          ],
          [
            -78.61341300016787,
            38.404916999902056
          ],
          [
            -78.61200700020431,
            38.40446099975116
          ],
          [
            -78.61070900019575,
            38.40404199991993
          ],
          [
            -78.61047700039217,
            38.403977999668044
          ],
          [
            -78.61040000039928,
            38.40396100031755
          ],
          [
            -78.61000600021397,
            38.40389399969137
          ],
          [
            -78.60982600028892,
            38.40385300000258
          ],
          [
            -78.60965899988435,
            38.40380800035166
          ],
          [
            -78.60949999987568,
            38.403759999660664
          ],
          [
            -78.60931099972981,
            38.40369399989044
          ],
          [
            -78.60927100044515,
            38.40366200032145
          ],
          [
            -78.60924899980552,
            38.40363000003434
          ],
          [
            -78.60923799993486,
            38.40357700034161
          ],
          [
            -78.60925200017857,
            38.40352599988335
          ],
          [
            -78.6092970003844,
            38.40343099984484
          ]
        ]
      }
    },
    {
      "type": "Feature",
      "properties": {
        "name": "US 33",
        "tier": 1,
        "highway_class": "major"
      },
      "geometry": {
        "type": "LineString",
        "coordinates": [
          [
            -78.90289700041221,
            38.456095999919185
          ],
          [
            -78.90279500030496,
            38.456095999919185
          ],
          [
            -78.90255199973241,
            38.45608899981649
          ],
          [
            -78.9022849997687,
            38.456075999925545
          ],
          [
            -78.90212300028531,
            38.45606499996188
          ],
          [
            -78.90198000017018,
            38.45605500031318
          ],
          [
            -78.9017209997041,
            38.456032000060794
          ],
          [
            -78.9014250003264,
            38.45599900014461
          ],
          [
            -78.90113499989818,
            38.45596100003057
          ],
          [
            -78.90073400004017,
            38.45589199986494
          ],
          [
            -78.90049800003864,
            38.45584700027183
          ],
          [
            -78.90006899969322,
            38.45575299971821
          ],
          [
            -78.89981599997324,
            38.455689000259014
          ],
          [
            -78.89939000000089,
            38.455567999917285
          ],
          [
            -78.89920300040315,
            38.45550800018421
          ],
          [
            -78.8991089997935,
            38.45547800029893
          ],
          [
            -78.89856599964529,
            38.45528899989075
          ],
          [
            -78.89825400037405,
            38.45518199996496
          ],
          [
            -78.89789100015089,
            38.4550509996885
          ],
          [
            -78.89778499984568,
            38.455014999737344
          ],
          [
            -78.89763199968482,
            38.454961999757046
          ],
          [
            -78.89689400044125,
            38.45469699997485
          ],
          [
            -78.89652899966994,
            38.45457099980069
          ],
          [
            -78.89625500003356,
            38.45448000000703
          ],
          [
            -78.89595200008485,
            38.45439100007468
          ],
          [
            -78.89564199956514,
            38.454300999691505
          ],
          [
            -78.89538100034756,
            38.454230999706716
          ],
          [
            -78.89529000011096,
            38.454206000298655
          ],
          [
            -78.89483499982629,
            38.45409999981391
          ],
          [
            -78.89455899964176,
            38.45404000026693
          ],
          [
            -78.89430900029483,
            38.45398199995392
          ],
          [
            -78.89398399970649,
            38.45390999967031
          ],
          [
            -78.89351199970339,
            38.453806999794324
          ],
          [
            -78.89314199980755,
            38.45372399971894
          ],
          [
            -78.89287700039199,
            38.45366300021293
          ],
          [
            -78.89198600008923,
            38.45346300031754
          ],
          [
            -78.89159000025411,
            38.4533730001837
          ],
          [
            -78.89136900032116,
            38.45331900004959
          ],
          [
            -78.89115099986297,
            38.45325899985307
          ],
          [
            -78.89100699992291,
            38.45321600003334
          ],
          [
            -78.8907940003859,
            38.4531479997098
          ],
          [
            -78.89046899979758,
            38.4530330000721
          ],
          [
            -78.89036199966745,
            38.45299400014719
          ],
          [
            -78.89014800030553,
            38.4529129998571
          ],
          [
            -78.88955400010369,
            38.4526770002824
          ],
          [
            -78.88906500038215,
            38.45248499988017
          ],
          [
            -78.88889700015264,
            38.452426000060605
          ],
          [
            -78.88878400017474,
            38.45239000020666
          ],
          [
            -78.88867000037192,
            38.452355999663695
          ],
          [
            -78.8885559996708,
            38.452325000209875
          ],
          [
            -78.88843900039325,
            38.45229499970458
          ],
          [
            -78.88837400009591,
            38.45227999979903
          ],
          [
            -78.88814700031521,
            38.45223000032571
          ],
          [
            -78.88795999981915,
            38.45219700007751
          ],
          [
            -78.88774300008416,
            38.45216700022251
          ],
          [
            -78.88752499962595,
            38.45214200009931
          ],
          [
            -78.88745299965592,
            38.45213500031653
          ],
          [
            -78.88723400027114,
            38.45211699996743
          ],
          [
            -78.88716200030112,
            38.452112000221426
          ],
          [
            -78.88708799978295,
            38.45210800014293
          ],
          [
            -78.88671299986423,
            38.45211800033869
          ],
          [
            -78.88658800019077,
            38.452123000084285
          ],
          [
            -78.8860779996545,
            38.4521489998814
          ],
          [
            -78.88557200021452,
            38.452169999927165
          ],
          [
            -78.88540399998503,
            38.452171999964705
          ],
          [
            -78.8852890003573,
            38.452167999889575
          ],
          [
            -78.88512399960254,
            38.45215400032834
          ],
          [
            -78.88484999996616,
            38.45212100004539
          ],
          [
            -78.88471299969882,
            38.45209799994583
          ],
          [
            -78.88443999988733,
            38.45205199972471
          ],
          [
            -78.88390099993708,
            38.4519539997676
          ],
          [
            -78.88373600008063,
            38.45191900005219
          ],
          [
            -78.88366800030857,
            38.4519029996942
          ],
          [
            -78.88342399991112,
            38.45182099991439
          ]
        ]
      }
    },
    {
      "type": "Feature",
      "properties": {
        "name": "US 33",
        "tier": 1,
        "highway_class": "major"
      },
      "geometry": {
        "type": "LineString",
        "coordinates": [
          [
            -78.90289700041221,
            38.456095999919185
          ],
          [
            -78.903191999965,
            38.45609500030649
          ],
          [
            -78.90382200015183,
            38.45606800020795
          ],
          [
            -78.90455699992069,
            38.45598699985159
          ],
          [
            -78.90509500004602,
            38.45587199981475
          ]
        ]
      }
    },
    {
      "type": "Feature",
      "properties": {
        "name": "US 33",
        "tier": 1,
        "highway_class": "major"
      },
      "geometry": {
        "type": "LineString",
        "coordinates": [
          [
            -78.83716799960688,
            38.41768900006423
          ],
          [
            -78.83695500006988,
            38.41733100020682
          ],
          [
            -78.83678500019056,
            38.41708900021443
          ],
          [
            -78.83674400018266,
            38.41703699998806
          ],
          [
            -78.83660000024263,
            38.41685300034856
          ],
          [
            -78.83573400005422,
            38.415843000277405
          ],
          [
            -78.8353109995566,
            38.415360999721
          ],
          [
            -78.8343950000378,
            38.414309999816766
          ],
          [
            -78.83308100013573,
            38.41277699991154
          ],
          [
            -78.83295200026431,
            38.41262600003366
          ],
          [
            -78.83280599977613,
            38.41245599994269
          ],
          [
            -78.8327620002935,
            38.41240500011898
          ],
          [
            -78.83268699995044,
            38.412318000129574
          ],
          [
            -78.83250000035268,
            38.412101000160675
          ],
          [
            -78.83202099977859,
            38.41157400023812
          ],
          [
            -78.83160300020215,
            38.41113299986809
          ],
          [
            -78.83099999977948,
            38.41051500031339
          ],
          [
            -78.8308459997937,
            38.410359000109736
          ],
          [
            -78.83050199983711,
            38.41003600016068
          ],
          [
            -78.83015700005559,
            38.409724000164054
          ],
          [
            -78.82985400010689,
            38.409469999749646
          ],
          [
            -78.8295860003183,
            38.40923799997667
          ],
          [
            -78.82921300004939,
            38.40891600021049
          ],
          [
            -78.82880399979548,
            38.40862200024211
          ],
          [
            -78.82861800002266,
            38.4084859999862
          ],
          [
            -78.82829599980737,
            38.408248999901694
          ],
          [
            -78.82822300001243,
            38.408196000076416
          ],
          [
            -78.8269679996616,
            38.40723500018201
          ],
          [
            -78.82683200011748,
            38.407133000168294
          ],
          [
            -78.82644399977995,
            38.40684099987123
          ],
          [
            -78.82607800008206,
            38.40655899997362
          ],
          [
            -78.82464899965396,
            38.4054749996737
          ],
          [
            -78.8239339999766,
            38.40492799991648
          ],
          [
            -78.82322000012417,
            38.40437999991441
          ],
          [
            -78.82318599978899,
            38.40435500013762
          ],
          [
            -78.82270799993809,
            38.403975999703235
          ],
          [
            -78.82223099991212,
            38.403595999757805
          ],
          [
            -78.82195899992556,
            38.40341199968135
          ],
          [
            -78.82076499967408,
            38.402506999707555
          ],
          [
            -78.81962700039745,
            38.40164299992818
          ],
          [
            -78.81941800016007,
            38.40148199984875
          ],
          [
            -78.81829000003084,
            38.40061999984349
          ],
          [
            -78.81733000013111,
            38.39988699998218
          ],
          [
            -78.81689400011301,
            38.39955800013841
          ],
          [
            -78.81659600018719,
            38.39933100010932
          ],
          [
            -78.81630499993405,
            38.39910299966959
          ],
          [
            -78.81601600022906,
            38.39886500009243
          ],
          [
            -78.81585499967225,
            38.398721999747785
          ],
          [
            -78.81566499970145,
            38.39855400015326
          ],
          [
            -78.81523200005641,
            38.398131000325144
          ],
          [
            -78.8150699996747,
            38.397955000240124
          ],
          [
            -78.81467999968737,
            38.39751099997766
          ],
          [
            -78.81449899993738,
            38.39729399990233
          ],
          [
            -78.81419599998868,
            38.39693100033502
          ],
          [
            -78.81299300041472,
            38.39548400018031
          ],
          [
            -78.81061400013262,
            38.39262300032922
          ],
          [
            -78.81051399967518,
            38.39250400018167
          ],
          [
            -78.81043000000959,
            38.39241199981505
          ],
          [
            -78.81019800020601,
            38.39215499973193
          ],
          [
            -78.81003400017447,
            38.3919810001817
          ],
          [
            -78.80977700025653,
            38.39172799987823
          ],
          [
            -78.80949400039931,
            38.39146999967297
          ],
          [
            -78.8093179997739,
            38.391316000219675
          ],
          [
            -78.80873600016595,
            38.390857999843625
          ],
          [
            -78.80760999968653,
            38.39005000022118
          ],
          [
            -78.80608499989728,
            38.38896799987656
          ],
          [
            -78.80515199976172,
            38.38828799984609
          ],
          [
            -78.80471800029177,
            38.38793500005936
          ],
          [
            -78.80464200012379,
            38.38786499980717
          ],
          [
            -78.80442600021372,
            38.38766599987695
          ],
          [
            -78.80419400041013,
            38.3874279999702
          ],
          [
            -78.80398000014989,
            38.38718499996737
          ],
          [
            -78.80383000036205,
            38.386998000069966
          ],
          [
            -78.80365799993461,
            38.386759000208905
          ],
          [
            -78.80342799978085,
            38.38640500012707
          ],
          [
            -78.80308999967204,
            38.3858379999842
          ],
          [
            -78.80233900000968,
            38.38454100016774
          ],
          [
            -78.80193599960356,
            38.38383500031867
          ],
          [
            -78.80182299962566,
            38.38364499977092
          ],
          [
            -78.80171999969349,
            38.383471000165734
          ],
          [
            -78.80092899984815,
            38.382092999994086
          ],
          [
            -78.80062000005165,
            38.3815849998553
          ],
          [
            -78.80040400014158,
            38.38127600012462
          ],
          [
            -78.80016700031514,
            38.380971000276475
          ],
          [
            -78.79989699997839,
            38.38065600031867
          ],
          [
            -78.79966900037276,
            38.38041100018558
          ],
          [
            -78.7994409998688,
            38.38018699978043
          ],
          [
            -78.79914200011808,
            38.3799159997275
          ],
          [
            -78.79882400010075,
            38.37964999990175
          ],
          [
            -78.79855299993909,
            38.379439000268235
          ],
          [
            -78.79821200035556,
            38.37918899966902
          ],
          [
            -78.79803599973015,
            38.37906999995067
          ],
          [
            -78.79717000044005,
            38.3784799997461
          ],
          [
            -78.79689199970741,
            38.378291999892305
          ],
          [
            -78.79661499969797,
            38.37810300026596
          ],
          [
            -78.79621399983998,
            38.37783300014454
          ],
          [
            -78.79559000039923,
            38.37740200024647
          ],
          [
            -78.79502700015952,
            38.377018000056744
          ],
          [
            -78.79369099961784,
            38.376108999935624
          ],
          [
            -78.79305999960607,
            38.37568299973481
          ],
          [
            -78.79301100010059,
            38.37564400029039
          ],
          [
            -78.79294499997835,
            38.375597999961585
          ],
          [
            -78.79232400001233,
            38.37516900018721
          ],
          [
            -78.79193400002498,
            38.374885999961414
          ],
          [
            -78.79170700024426,
            38.37471199971105
          ],
          [
            -78.79105199994305,
            38.37421000010829
          ],
          [
            -78.79043799964973,
            38.373737999891844
          ],
          [
            -78.78991799996605,
            38.37335299992115
          ],
          [
            -78.7896610000481,
            38.37317900020987
          ],
          [
            -78.78944699978786,
            38.37304799977064
          ],
          [
            -78.78915600043302,
            38.37288600004999
          ],
          [
            -78.78896300008918,
            38.3727899998357
          ],
          [
            -78.78880499990542,
            38.372718000295656
          ],
          [
            -78.78828400039684,
            38.372499999706065
          ],
          [
            -78.78813100023598,
            38.37244100003772
          ],
          [
            -78.78417799976081,
            38.37088499970409
          ],
          [
            -78.7834379999691,
            38.37059799996277
          ],
          [
            -78.78315000008902,
            38.37048600015002
          ],
          [
            -78.78290599969155,
            38.37039999981143
          ],
          [
            -78.78249399996288,
            38.37026200000453
          ],
          [
            -78.7820229997847,
            38.370118000047924
          ],
          [
            -78.78187999966957,
            38.370078999716895
          ],
          [
            -78.78172099966092,
            38.370035000275344
          ],
          [
            -78.78136300035894,
            38.369937000302514
          ],
          [
            -78.78066799987477,
            38.36977000014368
          ],
          [
            -78.78001199974862,
            38.36964100008188
          ],
          [
            -78.77945600007995,
            38.369550000320395
          ],
          [
            -78.77865199981584,
            38.369443000129365
          ],
          [
            -78.77814700020076,
            38.3693939997587
          ],
          [
            -78.77774600034274,
            38.36936299990951
          ],
          [
            -78.77719700034676,
            38.369334999670826
          ],
          [
            -78.77667900031291,
            38.36932199965691
          ],
          [
            -78.77612500029404,
            38.36932199965691
          ],
          [
            -78.77555100018368,
            38.36933799999876
          ],
          [
            -78.77503399997474,
            38.369368999858665
          ],
          [
            -78.7749390004385,
            38.36937599991607
          ],
          [
            -78.77462800009387,
            38.36939900030112
          ],
          [
            -78.77341499957585,
            38.36950400034322
          ],
          [
            -78.77068300001464,
            38.36974599977286
          ],
          [
            -78.77000000012433,
            38.3698030000243
          ],
          [
            -78.76909899977584,
            38.36989199996871
          ],
          [
            -78.76898800034607,
            38.36990399977874
          ],
          [
            -78.76833200021993,
            38.369986000305516
          ],
          [
            -78.76828199999123,
            38.369993999699204
          ],
          [
            -78.76779699956933,
            38.370066999935936
          ],
          [
            -78.76727400041092,
            38.37015299996595
          ],
          [
            -78.76697200028714,
            38.37020999989675
          ],
          [
            -78.76674899980605,
            38.37025800032261
          ],
          [
            -78.7661810004418,
            38.370378999934374
          ],
          [
            -78.76526300037486,
            38.370586000267814
          ],
          [
            -78.76477299993009,
            38.370680999793876
          ],
          [
            -78.76460899989856,
            38.37070900021607
          ],
          [
            -78.76433199988912,
            38.37075500013159
          ],
          [
            -78.76402200026774,
            38.37079500018743
          ],
          [
            -78.76351299955638,
            38.37084499969798
          ],
          [
            -78.76313299961478,
            38.370866000144105
          ],
          [
            -78.76272400025918,
            38.37087600032088
          ],
          [
            -78.76238199995242,
            38.37087500023286
          ],
          [
            -78.76187800016227,
            38.37085900023082
          ],
          [
            -78.76146800008344,
            38.370831999955314
          ],
          [
            -78.76089200032325,
            38.37078499999947
          ],
          [
            -78.76060899956772,
            38.37076599970899
          ],
          [
            -78.76019000016639,
            38.37072899990737
          ],
          [
            -78.75971300014041,
            38.37069599974471
          ],
          [
            -78.75874400001985,
            38.370618999776276
          ],
          [
            -78.75764100000498,
            38.37053200020729
          ],
          [
            -78.75715899995615,
            38.370496999768314
          ],
          [
            -78.75679400008316,
            38.370465999687305
          ],
          [
            -78.75639300022517,
            38.37043699978126
          ],
          [
            -78.75460700032,
            38.370294000269
          ],
          [
            -78.75176400043071,
            38.37007399992577
          ],
          [
            -78.75127200033613,
            38.37004900026064
          ],
          [
            -78.75080399963267,
            38.37004299966362
          ],
          [
            -78.75067099956328,
            38.37004700006167
          ],
          [
            -78.75054199969183,
            38.37005099975524
          ],
          [
            -78.75035799956883,
            38.37005700035162
          ],
          [
            -78.75007200023687,
            38.37007800032217
          ],
          [
            -78.74969700031815,
            38.370116999949424
          ],
          [
            -78.74922000029218,
            38.3701830000834
          ],
          [
            -78.74883699997753,
            38.370256000129416
          ],
          [
            -78.74840699980722,
            38.37035699995599
          ],
          [
            -78.74830999972284,
            38.37038300031386
          ],
          [
            -78.7479609997434,
            38.37048199977623
          ],
          [
            -78.74746799982388,
            38.370648000313686
          ],
          [
            -78.74725699993668,
            38.37072799981726
          ],
          [
            -78.7469759997293,
            38.37084100004829
          ],
          [
            -78.74585000014821,
            38.37131200006419
          ],
          [
            -78.74535800005361,
            38.37151199999148
          ],
          [
            -78.7450960001128,
            38.37161500033358
          ],
          [
            -78.74434499955211,
            38.37189200023214
          ],
          [
            -78.74393399964839,
            38.37203299996392
          ],
          [
            -78.7435610002778,
            38.37215300005872
          ],
          [
            -78.74316700009251,
            38.372272999954504
          ],
          [
            -78.74280100039459,
            38.37237699998491
          ],
          [
            -78.7426399998378,
            38.37241899998192
          ],
          [
            -78.742049000009,
            38.372567999908775
          ],
          [
            -78.7414840001195,
            38.37269699968272
          ],
          [
            -78.74097699995627,
            38.372801999869466
          ],
          [
            -78.74046899996816,
            38.3728949998875
          ],
          [
            -78.7399500001094,
            38.37297599978309
          ],
          [
            -78.73948200030426,
            38.37304000001032
          ],
          [
            -78.7384150002744,
            38.37316400006945
          ],
          [
            -78.73794099972315,
            38.3732160001673
          ],
          [
            -78.73746600024533,
            38.373267000172795
          ],
          [
            -78.73583699980067,
            38.37344499988273
          ],
          [
            -78.73542500007203,
            38.37349699977868
          ],
          [
            -78.7350579996509,
            38.373549999688336
          ],
          [
            -78.73466799966357,
            38.373614000112156
          ],
          [
            -78.73429399956977,
            38.37368700021831
          ],
          [
            -78.73419800020861,
            38.37370599974187
          ],
          [
            -78.73373100022837,
            38.37381400001531
          ],
          [
            -78.73347000011246,
            38.373881000345186
          ],
          [
            -78.73300999980492,
            38.37400599971214
          ],
          [
            -78.7325710003121,
            38.37413699982545
          ],
          [
            -78.73226300034052,
            38.37424099999385
          ],
          [
            -78.73198999963073,
            38.37433999981208
          ],
          [
            -78.7315009999092,
            38.37452900011337
          ],
          [
            -78.73113699986112,
            38.37468300009811
          ],
          [
            -78.73076500031544,
            38.37485200025299
          ],
          [
            -78.73040200009228,
            38.37502700019733
          ],
          [
            -78.72994900035576,
            38.37526400003478
          ],
          [
            -78.72980100021775,
            38.37535000022658
          ],
          [
            -78.72963200016335,
            38.375446999886215
          ],
          [
            -78.72894099987712,
            38.375864999915876
          ],
          [
            -78.72868999980696,
            38.3760169998401
          ],
          [
            -78.72733800027007,
            38.376851000042514
          ],
          [
            -78.72711499978898,
            38.3769849999453
          ],
          [
            -78.72640299958637,
            38.37741400021959
          ],
          [
            -78.72600299955329,
            38.3776460000123
          ],
          [
            -78.72575599968108,
            38.37778999977657
          ],
          [
            -78.725579999954,
            38.377886999686055
          ],
          [
            -78.72508500038467,
            38.378161000259716
          ],
          [
            -78.72487799979712,
            38.37827100019294
          ],
          [
            -78.7244479996268,
            38.37849800014102
          ],
          [
            -78.72409600017262,
            38.37868200024326
          ],
          [
            -78.7235310002831,
            38.3789609998002
          ],
          [
            -78.72337800012221,
            38.37903700007105
          ],
          [
            -78.72286000008836,
            38.37928699978716
          ],
          [
            -78.72111199981802,
            38.38011899969628
          ],
          [
            -78.71820700000447,
            38.381499000033166
          ],
          [
            -78.71730300018123,
            38.38193200003964
          ],
          [
            -78.71589100036988,
            38.382602999938065
          ],
          [
            -78.71575300027762,
            38.38266800002468
          ],
          [
            -78.71517300031947,
            38.38291899978915
          ],
          [
            -78.714928999922,
            38.38301300010241
          ],
          [
            -78.71454999980531,
            38.383147999776725
          ],
          [
            -78.71419300032825,
            38.38326100032759
          ],
          [
            -78.71334300003338,
            38.383488000109196
          ],
          [
            -78.7111629999429,
            38.38399600026246
          ],
          [
            -78.70976799984999,
            38.38433299971939
          ],
          [
            -78.70963200030586,
            38.38436599999975
          ],
          [
            -78.70917199999832,
            38.38446900035107
          ],
          [
            -78.7088039997523,
            38.384561000260575
          ],
          [
            -78.70839799987144,
            38.38466199983514
          ],
          [
            -78.70761299987387,
            38.38488900014897
          ],
          [
            -78.70710400006085,
            38.385075999866146
          ],
          [
            -78.7066990000049,
            38.38524399979471
          ],
          [
            -78.70635699969814,
            38.38538600015099
          ],
          [
            -78.70596900025893,
            38.38555400006364
          ],
          [
            -78.70552400002,
            38.38573899970458
          ],
          [
            -78.7054660002937,
            38.385762999699445
          ],
          [
            -78.70530300008707,
            38.3858310001111
          ],
          [
            -78.70480000012182,
            38.38606099991129
          ],
          [
            -78.70403900041373,
            38.386400999929286
          ],
          [
            -78.70246400039576,
            38.387107999943936
          ],
          [
            -78.70109900044007,
            38.38772200023819
          ],
          [
            -78.70034299985652,
            38.38806700014936
          ],
          [
            -78.69963200037712,
            38.38838099967267
          ],
          [
            -78.69876899966347,
            38.388759000348976
          ],
          [
            -78.69824599960673,
            38.38896399982049
          ],
          [
            -78.69811699973529,
            38.389013000315686
          ],
          [
            -78.6975469998229,
            38.38922599985509
          ],
          [
            -78.6964610004248,
            38.38961599969647
          ],
          [
            -78.69628599962428,
            38.38968300017785
          ],
          [
            -78.69530399998324,
            38.39003599988152
          ],
          [
            -78.69297999995274,
            38.39088099973643
          ],
          [
            -78.69148799977545,
            38.39141800002224
          ],
          [
            -78.68909000012509,
            38.39228999994425
          ],
          [
            -78.68563299994248,
            38.39354300026776
          ],
          [
            -78.68463399968469,
            38.39390699971759
          ],
          [
            -78.68424799989532,
            38.39404299994705
          ],
          [
            -78.68180699968893,
            38.39492699977952
          ],
          [
            -78.68173899991689,
            38.3949520000007
          ],
          [
            -78.67871100007966,
            38.39604899984325
          ],
          [
            -78.67718399974227,
            38.39660199971119
          ],
          [
            -78.67662399987563,
            38.39680700018153
          ],
          [
            -78.67476600000043,
            38.39747500019842
          ],
          [
            -78.67368999974974,
            38.39787100030446
          ],
          [
            -78.67326100030265,
            38.39801900019261
          ],
          [
            -78.67245299984057,
            38.39831199993376
          ],
          [
            -78.67137499994004,
            38.39870299975457
          ],
          [
            -78.67074999977608,
            38.398933000152155
          ],
          [
            -78.66905199973446,
            38.399544000231664
          ],
          [
            -78.66879999983938,
            38.39962900002594
          ],
          [
            -78.66858800012727,
            38.39970199992686
          ],
          [
            -78.6681450004365,
            38.399835999736396
          ],
          [
            -78.66766599986236,
            38.39997999967515
          ],
          [
            -78.66698899981986,
            38.400177999826546
          ],
          [
            -78.66507200039344,
            38.40071099994628
          ],
          [
            -78.66386899992115,
            38.40103600008234
          ],
          [
            -78.66262199996622,
            38.401372999683225
          ],
          [
            -78.66092700029765,
            38.40183199999241
          ],
          [
            -78.66032200022518,
            38.401999000055056
          ],
          [
            -78.65897700036098,
            38.40236600024092
          ],
          [
            -78.65840599972535,
            38.402530000118645
          ],
          [
            -78.65788000019388,
            38.40269499997645
          ],
          [
            -78.65711299973968,
            38.40296199987
          ],
          [
            -78.65654000035255,
            38.4031780001854
          ],
          [
            -78.65598799998351,
            38.40340700008213
          ],
          [
            -78.65431800042929,
            38.404117999881514
          ],
          [
            -78.65301799987262,
            38.404680999701476
          ],
          [
            -78.65235800044684,
            38.40496000033288
          ],
          [
            -78.65212800029308,
            38.405059000343456
          ],
          [
            -78.65173199955966,
            38.40521500002091
          ],
          [
            -78.65135900018905,
            38.405347000243104
          ],
          [
            -78.65131200033339,
            38.405363999971534
          ],
          [
            -78.65086100024668,
            38.40551000008352
          ],
          [
            -78.65026000037214,
            38.405684000159596
          ],
          [
            -78.64990700019474,
            38.40577300030765
          ],
          [
            -78.64941099990219,
            38.40588200017361
          ],
          [
            -78.64893999972398,
            38.405972999987405
          ],
          [
            -78.64858599972166,
            38.406029000249085
          ],
          [
            -78.64804900031955,
            38.40610200002222
          ],
          [
            -78.64761900014923,
            38.40614400014757
          ],
          [
            -78.6472650001469,
            38.406174000121624
          ],
          [
            -78.6469699996958,
            38.40619000005576
          ],
          [
            -78.64675499961066,
            38.40620200018002
          ],
          [
            -78.64625699966827,
            38.40621600020512
          ],
          [
            -78.64583800026693,
            38.40621299999883
          ],
          [
            -78.64514799980563,
            38.40618699984838
          ],
          [
            -78.64277600009454,
            38.406070999712895
          ],
          [
            -78.63644699971034,
            38.40575299974612
          ],
          [
            -78.63615899983024,
            38.40573900033524
          ],
          [
            -78.63587500014813,
            38.40572700013409
          ],
          [
            -78.63488900030913,
            38.405675000178086
          ],
          [
            -78.63336100014682,
            38.40561499980329
          ],
          [
            -78.63320799998594,
            38.40561099996427
          ],
          [
            -78.6323180004064,
            38.405587999829564
          ],
          [
            -78.63191400017536,
            38.40558200006872
          ],
          [
            -78.63157299969352,
            38.40557699991564
          ],
          [
            -78.6314530000429,
            38.40557499999507
          ],
          [
            -78.62896300033104,
            38.40556000023726
          ],
          [
            -78.62778999999597,
            38.40553599977355
          ],
          [
            -78.62716099963404,
            38.40551999969469
          ],
          [
            -78.62647500026901,
            38.405497000234995
          ],
          [
            -78.62532399967525,
            38.40544800035163
          ],
          [
            -78.62491500031965,
            38.405425999775474
          ],
          [
            -78.62474299989219,
            38.40541699976184
          ],
          [
            -78.62372699991597,
            38.40536599989794
          ],
          [
            -78.6231169998206,
            38.40533600029244
          ],
          [
            -78.61967300005679,
            38.405164000014466
          ],
          [
            -78.61871499980687,
            38.40511299997205
          ],
          [
            -78.6183509997588,
            38.4050969997995
          ],
          [
            -78.61828999965944,
            38.40509400025076
          ],
          [
            -78.61768100028729,
            38.40506599976311
          ],
          [
            -78.61626299972984,
            38.40499300035146
          ],
          [
            -78.61582599988684,
            38.40496099994967
          ],
          [
            -78.61533499961716,
            38.404907999825035
          ],
          [
            -78.61503699969133,
            38.40486800032945
          ],
          [
            -78.61445699973319,
            38.404765000171395
          ],
          [
            -78.61421400005895,
            38.40471199990304
          ],
          [
            -78.61406199972298,
            38.40467800013542
          ],
          [
            -78.61360800016155,
            38.404563000016175
          ],
          [
            -78.61338499968046,
            38.404497999898474
          ],
          [
            -78.61334100019785,
            38.4044840002445
          ],
          [
            -78.61004899987168,
            38.40342000030657
          ],
          [
            -78.60945499966985,
            38.40322300022854
          ],
          [
            -78.60828300005801,
            38.402846999836385
          ],
          [
            -78.60585100007246,
            38.402058999911695
          ],
          [
            -78.60491899976182,
            38.4017570001043
          ],
          [
            -78.60441900016961,
            38.40158400009373
          ],
          [
            -78.60413200011445,
            38.40147500008202
          ],
          [
            -78.60379999985342,
            38.40133499967732
          ],
          [
            -78.60358200029353,
            38.40123000007584
          ],
          [
            -78.60331799980457,
            38.401089000230265
          ],
          [
            -78.60306099988662,
            38.40093500014457
          ],
          [
            -78.60279499974784,
            38.400762000278746
          ],
          [
            -78.60232299974474,
            38.40042600032493
          ],
          [
            -78.60221300013988,
            38.40034300012509
          ],
          [
            -78.60213100012413,
            38.400281999866635
          ],
          [
            -78.60144099966281,
            38.3997679998221
          ],
          [
            -78.59934099993829,
            38.39820500004095
          ],
          [
            -78.59927999983893,
            38.39816100010491
          ],
          [
            -78.59871099975143,
            38.397733999814484
          ],
          [
            -78.59843000044236,
            38.397511999697514
          ],
          [
            -78.5982429999463,
            38.39735400014404
          ],
          [
            -78.59800299974678,
            38.397122000200746
          ],
          [
            -78.59784600028625,
            38.39695200024911
          ],
          [
            -78.59770999984381,
            38.39678300033166
          ],
          [
            -78.59757599994953,
            38.39659399973945
          ],
          [
            -78.59743299983438,
            38.3963640003489
          ],
          [
            -78.59729599956702,
            38.396105999788375
          ],
          [
            -78.59719600000793,
            38.39588200011593
          ],
          [
            -78.59712800023586,
            38.395682999717955
          ],
          [
            -78.59705999956549,
            38.395420999844625
          ],
          [
            -78.59699000014359,
            38.395038999773746
          ],
          [
            -78.59683899963255,
            38.39328200016287
          ],
          [
            -78.59681900043937,
            38.393055000141814
          ],
          [
            -78.59673400005055,
            38.392088999927516
          ],
          [
            -78.59671300013416,
            38.391836000001966
          ],
          [
            -78.59668499964674,
            38.391514999963356
          ],
          [
            -78.59656900019412,
            38.39014399971586
          ],
          [
            -78.59655800032345,
            38.390027999887344
          ],
          [
            -78.59652999983605,
            38.38974100004003
          ],
          [
            -78.59636499997961,
            38.38782599988874
          ],
          [
            -78.59633300019256,
            38.387467999961935
          ],
          [
            -78.59619599992523,
            38.38589000012653
          ],
          [
            -78.59618599987947,
            38.38579000003622
          ],
          [
            -78.59614400004666,
            38.38536000025537
          ],
          [
            -78.59611499973437,
            38.38514600000118
          ],
          [
            -78.5960679998787,
            38.384934000309585
          ],
          [
            -78.59593499980932,
            38.38451799966684
          ],
          [
            -78.59586299983928,
            38.38432200009209
          ],
          [
            -78.59582699985427,
            38.38422999987858
          ],
          [
            -78.59574800021156,
            38.38405899998983
          ],
          [
            -78.59560000007356,
            38.38377799985471
          ],
          [
            -78.59548700009564,
            38.383597999688156
          ],
          [
            -78.5951959998425,
            38.38315599982778
          ],
          [
            -78.59393999966677,
            38.38131999977262
          ],
          [
            -78.59324799955564,
            38.38030900035117
          ],
          [
            -78.59286699978912,
            38.37975299992646
          ],
          [
            -78.59263099978759,
            38.37942899986652
          ],
          [
            -78.59239899998397,
            38.37913299974308
          ],
          [
            -78.59226099989172,
            38.37897500017113
          ],
          [
            -78.59215100028686,
            38.378849000256274
          ],
          [
            -78.59204900017961,
            38.378743999690066
          ],
          [
            -78.59196299996589,
            38.37865500007002
          ],
          [
            -78.59183400009447,
            38.37852099973928
          ],
          [
            -78.59133100012922,
            38.37802699971814
          ],
          [
            -78.59122200034926,
            38.37792000009024
          ],
          [
            -78.58996799982334,
            38.37671399986951
          ],
          [
            -78.58990500007415,
            38.37665400010786
          ],
          [
            -78.58775799959565,
            38.37459000026541
          ],
          [
            -78.5868939999554,
            38.37375900020266
          ],
          [
            -78.58632900006586,
            38.3732160001673
          ],
          [
            -78.58605799990423,
            38.37296100030481
          ],
          [
            -78.58586999958324,
            38.37278500023188
          ],
          [
            -78.58469399977345,
            38.37165000023182
          ],
          [
            -78.58354599955274,
            38.37054199972591
          ],
          [
            -78.58169000022566,
            38.368756999668214
          ],
          [
            -78.58137899988107,
            38.368460000134235
          ],
          [
            -78.58039300004205,
            38.3675119999558
          ],
          [
            -78.57993000025978,
            38.36706699999957
          ],
          [
            -78.5793960003324,
            38.3665650001851
          ],
          [
            -78.57880200013057,
            38.36599700004074
          ],
          [
            -78.57872000011479,
            38.36592200031599
          ],
          [
            -78.57861100033485,
            38.3658239997039
          ],
          [
            -78.57833500015033,
            38.36557299979504
          ],
          [
            -78.57815900042323,
            38.365434999940135
          ],
          [
            -78.57797100010225,
            38.36530700006407
          ],
          [
            -78.57781200009359,
            38.365212999988934
          ],
          [
            -78.57760399968113,
            38.36510599972484
          ],
          [
            -78.577432000152,
            38.36503000031667
          ],
          [
            -78.57721000039416,
            38.36494700034359
          ],
          [
            -78.57698400043833,
            38.36488000019406
          ],
          [
            -78.57675299956134,
            38.36482700027363
          ],
          [
            -78.57651900010792,
            38.36478799990875
          ],
          [
            -78.57628099955824,
            38.364762999826304
          ],
          [
            -78.57604100025705,
            38.36475300021349
          ],
          [
            -78.57570700034618,
            38.36477099979726
          ],
          [
            -78.57544200003231,
            38.36479599987693
          ],
          [
            -78.575272000153,
            38.36482300029138
          ],
          [
            -78.57510700029657,
            38.364864000275325
          ],
          [
            -78.5749480002879,
            38.36491700016866
          ],
          [
            -78.57473900005053,
            38.36501300026201
          ]
        ]
      }
    },
    {
      "type": "Feature",
      "properties": {
        "name": "US 33",
        "tier": 1,
        "highway_class": "major"
      },
      "geometry": {
        "type": "LineString",
        "coordinates": [
          [
            -78.90294699974261,
            38.45602600026901
          ],
          [
            -78.90311800034515,
            38.45602499995194
          ],
          [
            -78.90380000041054,
            38.456004000324725
          ],
          [
            -78.90454699987494,
            38.45592699976351
          ],
          [
            -78.90509500004602,
            38.45587199981475
          ]
        ]
      }
    },
    {
      "type": "Feature",
      "properties": {
        "name": "US 33",
        "tier": 1,
        "highway_class": "major"
      },
      "geometry": {
        "type": "LineString",
        "coordinates": [
          [
            -78.90509500004602,
            38.45587199981475
          ],
          [
            -78.90620899993155,
            38.45571100029937
          ],
          [
            -78.90697999968539,
            38.45559900008814
          ],
          [
            -78.90707000009708,
            38.45558600010891
          ],
          [
            -78.90715899978554,
            38.455571999803965
          ],
          [
            -78.90747500015303,
            38.455525000066736
          ],
          [
            -78.9083399996182,
            38.455380000070896
          ],
          [
            -78.90853399978697,
            38.45534699985653
          ],
          [
            -78.908825999865,
            38.455296999694724
          ],
          [
            -78.91037599976863,
            38.45503500002512
          ],
          [
            -78.91070700020474,
            38.45497600018035
          ],
          [
            -78.91121900039082,
            38.4548740000488
          ],
          [
            -78.91133300019364,
            38.45484799982672
          ],
          [
            -78.91139599994281,
            38.45483299974838
          ],
          [
            -78.9115840002638,
            38.45478400026819
          ],
          [
            -78.91200299966513,
            38.45465800024596
          ],
          [
            -78.91246100032286,
            38.4545059996583
          ],
          [
            -78.91411499998355,
            38.453960000089864
          ],
          [
            -78.91446899998589,
            38.45385500029438
          ],
          [
            -78.91481299994246,
            38.453766999939404
          ],
          [
            -78.91516100009702,
            38.45369900013521
          ],
          [
            -78.9154359995583,
            38.45366199986309
          ],
          [
            -78.91573600003227,
            38.45363399991072
          ],
          [
            -78.91595399959216,
            38.453625999922295
          ],
          [
            -78.91657600028141,
            38.453629000269785
          ],
          [
            -78.9170619996299,
            38.45363799990457
          ],
          [
            -78.91758600040986,
            38.453649999884796
          ],
          [
            -78.91823800033801,
            38.45365799987057
          ],
          [
            -78.91840599966918,
            38.45365999986686
          ],
          [
            -78.91996099959567,
            38.45368599981362
          ],
          [
            -78.92228899982415,
            38.45373900002778
          ],
          [
            -78.92269300005519,
            38.453748999997494
          ],
          [
            -78.92282299975153,
            38.453750999991264
          ],
          [
            -78.92408999979793,
            38.45378299988404
          ],
          [
            -78.92695199995377,
            38.45384599998322
          ],
          [
            -78.92847400026831,
            38.453877999833864
          ],
          [
            -78.92882999992045,
            38.45388700014103
          ],
          [
            -78.92957100043539,
            38.453905999691536
          ],
          [
            -78.93011299986038,
            38.45391600034155
          ],
          [
            -78.93150700012839,
            38.45395299977998
          ],
          [
            -78.93202500016224,
            38.45396200007779
          ],
          [
            -78.93208200006364,
            38.45396299971998
          ],
          [
            -78.93270300002968,
            38.453981000311984
          ],
          [
            -78.93422199997114,
            38.454013000102755
          ],
          [
            -78.93566700029277,
            38.45404400023827
          ],
          [
            -78.93715699992192,
            38.454081000314545
          ],
          [
            -78.93739700012145,
            38.45408700026807
          ],
          [
            -78.93823399999754,
            38.45410500012565
          ],
          [
            -78.9385620000606,
            38.45412800028892
          ],
          [
            -78.93877399977269,
            38.45415899967155
          ],
          [
            -78.93894100017728,
            38.45419399970742
          ],
          [
            -78.93919100042254,
            38.45426500006961
          ],
          [
            -78.9393939999138,
            38.45433899997641
          ],
          [
            -78.93958800008258,
            38.45442599999796
          ],
          [
            -78.93985500004625,
            38.45457000016692
          ],
          [
            -78.94062099977724,
            38.45504200023002
          ],
          [
            -78.94088100006823,
            38.45519500001698
          ],
          [
            -78.94131100023853,
            38.45542899984985
          ],
          [
            -78.94164900034734,
            38.45560299997305
          ],
          [
            -78.94205600005311,
            38.45579699975312
          ],
          [
            -78.94235999982673,
            38.45593500020022
          ],
          [
            -78.94268100021709,
            38.45607000013743
          ],
          [
            -78.94300400025729,
            38.45619500019278
          ],
          [
            -78.94380900034633,
            38.45648300021623
          ],
          [
            -78.94402799973112,
            38.45655800026817
          ],
          [
            -78.94467600035964,
            38.45677400001019
          ],
          [
            -78.9448439996908,
            38.456827999668775
          ],
          [
            -78.94519299967028,
            38.45692400013445
          ],
          [
            -78.94543600024284,
            38.45697500017599
          ],
          [
            -78.94568300011504,
            38.45701099985253
          ],
          [
            -78.94596400032243,
            38.45703399979285
          ],
          [
            -78.94626700027113,
            38.45704500031221
          ],
          [
            -78.946376999876,
            38.45704500031221
          ],
          [
            -78.94744300008094,
            38.457010000252566
          ],
          [
            -78.94785800018265,
            38.45700399983867
          ],
          [
            -78.94792400030487,
            38.45700399983867
          ],
          [
            -78.94832000014,
            38.45701099985253
          ],
          [
            -78.94867599979214,
            38.457033000193206
          ],
          [
            -78.94885900009025,
            38.45705400022431
          ],
          [
            -78.94922499978814,
            38.45709600026822
          ],
          [
            -78.94957999961538,
            38.457143999986975
          ],
          [
            -78.95009900037248,
            38.4572349999377
          ],
          [
            -78.95075999962316,
            38.457377999829255
          ],
          [
            -78.9514950002903,
            38.4575570002484
          ],
          [
            -78.9517270000939,
            38.45762600022852
          ],
          [
            -78.95222400021136,
            38.457751999991274
          ],
          [
            -78.95283900032959,
            38.45792299997046
          ],
          [
            -78.95320500002748,
            38.45803199992671
          ],
          [
            -78.95326699995177,
            38.45805200008148
          ],
          [
            -78.9535520003571,
            38.458143999877976
          ],
          [
            -78.95429399979864,
            38.458404000350555
          ],
          [
            -78.9547969997639,
            38.458595999773394
          ],
          [
            -78.95528800003358,
            38.45879300007886
          ],
          [
            -78.95533499988923,
            38.458811999744206
          ],
          [
            -78.95586399979375,
            38.45904099983419
          ],
          [
            -78.95624600028347,
            38.459220999916816
          ],
          [
            -78.95651900009496,
            38.45935900014492
          ],
          [
            -78.95689900003656,
            38.45956699990836
          ],
          [
            -78.95722100025182,
            38.45975399983298
          ],
          [
            -78.95748499984246,
            38.45990499965157
          ],
          [
            -78.95827999988576,
            38.460359000281514
          ],
          [
            -78.95842800002377,
            38.46044400026933
          ],
          [
            -78.95901999967748,
            38.46078200012364
          ],
          [
            -78.95922399989196,
            38.46089800032049
          ],
          [
            -78.95942700028156,
            38.46101499987521
          ],
          [
            -78.95967300032886,
            38.46115699976524
          ],
          [
            -78.96009799957798,
            38.461401999809894
          ],
          [
            -78.96014199995892,
            38.46142799978015
          ],
          [
            -78.96057600032718,
            38.46168499965832
          ],
          [
            -78.96091699991072,
            38.46191200000433
          ],
          [
            -78.96129299965435,
            38.462172999788805
          ],
          [
            -78.96167500014408,
            38.46243899976974
          ],
          [
            -78.96172100017483,
            38.462472000256945
          ],
          [
            -78.96277599961084,
            38.463215999815816
          ],
          [
            -78.96305000014553,
            38.46339199987472
          ],
          [
            -78.96325799965967,
            38.46351200024419
          ],
          [
            -78.96346100004925,
            38.46361599984016
          ],
          [
            -78.96372299999008,
            38.46373500033016
          ],
          [
            -78.96399499997665,
            38.463841000022015
          ],
          [
            -78.96484699992133,
            38.46412299994338
          ],
          [
            -78.966949000194,
            38.464791000006876
          ],
          [
            -78.96736500012061,
            38.46491100015877
          ],
          [
            -78.96778799971993,
            38.46501799972141
          ],
          [
            -78.9682160002404,
            38.46511099996823
          ],
          [
            -78.97079200016599,
            38.46557200007168
          ],
          [
            -78.97117200010759,
            38.465641000122005
          ],
          [
            -78.97140899993406,
            38.46568300008971
          ],
          [
            -78.9715679999427,
            38.46571199976843
          ],
          [
            -78.97169099996636,
            38.46573700011275
          ],
          [
            -78.97191899957198,
            38.46578400023015
          ],
          [
            -78.97224900018317,
            38.465866999793946
          ],
          [
            -78.97235399976516,
            38.465897000282304
          ],
          [
            -78.97253600023836,
            38.46594999996566
          ],
          [
            -78.97261800025413,
            38.46598099989509
          ],
          [
            -78.97270199991972,
            38.466011999811194
          ],
          [
            -78.97296300003562,
            38.46612000002753
          ],
          [
            -78.97333700012943,
            38.46630400002356
          ],
          [
            -78.97465000020658,
            38.46707199986146
          ],
          [
            -78.97469100021448,
            38.46709500011051
          ],
          [
            -78.97491999964501,
            38.467222999833645
          ],
          [
            -78.97540800043997,
            38.46749599987984
          ],
          [
            -78.97554999983186,
            38.467576999972934
          ],
          [
            -78.97568999957394,
            38.46766199989471
          ],
          [
            -78.97593599962124,
            38.4678270000774
          ],
          [
            -78.97616999997298,
            38.46800199998653
          ],
          [
            -78.97640599997453,
            38.4682010002192
          ],
          [
            -78.97651700030261,
            38.46830399994016
          ],
          [
            -78.97702000026786,
            38.468808999864265
          ],
          [
            -78.97749499974569,
            38.46929100022711
          ],
          [
            -78.97777500012818,
            38.469580000138556
          ],
          [
            -78.9783400000177,
            38.47016400002623
          ],
          [
            -78.97885600040173,
            38.47068399988603
          ],
          [
            -78.97906899993876,
            38.4708759996762
          ],
          [
            -78.97929800026762,
            38.471052000031094
          ],
          [
            -78.97947399999471,
            38.471172999718206
          ],
          [
            -78.97962200013271,
            38.47126400025587
          ],
          [
            -78.97987800022574,
            38.471405000259224
          ],
          [
            -78.98027099968782,
            38.471597000239505
          ],
          [
            -78.98156299984858,
            38.47221799988345
          ],
          [
            -78.98231500023417,
            38.47258000011431
          ],
          [
            -78.98267599990919,
            38.47275399965623
          ],
          [
            -78.98405900030654,
            38.47341899971934
          ],
          [
            -78.98597200043332,
            38.47434800020803
          ],
          [
            -78.98620599988672,
            38.474458000018366
          ],
          [
            -78.98652700027708,
            38.47460899999614
          ],
          [
            -78.98692499976204,
            38.47481299985975
          ],
          [
            -78.98697800036379,
            38.47483999997425
          ],
          [
            -78.9871900000759,
            38.474964999851665
          ],
          [
            -78.98746600026044,
            38.475137999915276
          ],
          [
            -78.98780099999618,
            38.47536400006403
          ],
          [
            -78.98803600017283,
            38.47553499978042
          ],
          [
            -78.98886399982807,
            38.47614600028986
          ],
          [
            -78.98953800039585,
            38.47663899977252
          ],
          [
            -78.98968999983352,
            38.476747000247514
          ],
          [
            -78.99002100026962,
            38.47697200024852
          ],
          [
            -78.99021200006534,
            38.47708799972152
          ],
          [
            -78.99043800002114,
            38.477208999827766
          ],
          [
            -78.9906749998476,
            38.47731700015205
          ],
          [
            -78.99092000006998,
            38.477413000070044
          ],
          [
            -78.9911679997671,
            38.47749300025568
          ],
          [
            -78.99136799978365,
            38.477546999873674
          ],
          [
            -78.99162300005177,
            38.47760300019016
          ],
          [
            -78.9919340003964,
            38.47765100032637
          ],
          [
            -78.99221600042871,
            38.477679000098014
          ],
          [
            -78.99290000014392,
            38.47772800019966
          ],
          [
            -78.99331699989543,
            38.47776500008217
          ],
          [
            -78.99373199999712,
            38.47781700017
          ],
          [
            -78.99405699968713,
            38.477878999657655
          ],
          [
            -78.99431299978018,
            38.477938999769
          ],
          [
            -78.99462800032275,
            38.47802500014618
          ],
          [
            -78.99487299964682,
            38.47810300033415
          ],
          [
            -78.99515999970201,
            38.4782069999847
          ],
          [
            -78.99527299967991,
            38.478251999692276
          ],
          [
            -78.9955470002146,
            38.47837499996873
          ],
          [
            -78.99585400036128,
            38.47853300021596
          ],
          [
            -78.99614300006627,
            38.47868800010865
          ],
          [
            -78.99658099973418,
            38.47892899966999
          ],
          [
            -78.99732600044707,
            38.47935200029589
          ],
          [
            -78.99813200036103,
            38.47980300019918
          ],
          [
            -78.99849100038622,
            38.480004000179456
          ],
          [
            -78.99925799994212,
            38.48043799988706
          ],
          [
            -79.00169800032357,
            38.4818039997571
          ],
          [
            -79.00321600044015,
            38.482650999891696
          ],
          [
            -79.00354600015304,
            38.48284100026944
          ],
          [
            -79.00386499999527,
            38.48304300015881
          ],
          [
            -79.00403499987455,
            38.48316400011379
          ],
          [
            -79.00428599994474,
            38.483354999780424
          ],
          [
            -79.00468599997781,
            38.48365999992166
          ],
          [
            -79.00538200028691,
            38.48421499971473
          ],
          [
            -79.00648899960142,
            38.48508000020852
          ],
          [
            -79.00723699978904,
            38.48565100022411
          ],
          [
            -79.007641999845,
            38.48595399998608
          ],
          [
            -79.00795300018963,
            38.48617599967843
          ],
          [
            -79.00842199981969,
            38.486500999834895
          ],
          [
            -79.00881400035517,
            38.48678799988808
          ],
          [
            -79.0094160000546,
            38.48725200027349
          ],
          [
            -79.00959299960661,
            38.4873960002948
          ],
          [
            -79.01021600012075,
            38.48790600016554
          ],
          [
            -79.01047100038889,
            38.4881209996637
          ],
          [
            -79.01101299981389,
            38.48857900000775
          ],
          [
            -79.01125600038645,
            38.48878699986604
          ],
          [
            -79.0117390002602,
            38.48919100020095
          ],
          [
            -79.01188800022312,
            38.48931499994688
          ],
          [
            -79.0133949995707,
            38.49059100022444
          ],
          [
            -79.01355699995241,
            38.490728000348625
          ],
          [
            -79.01364300016616,
            38.49080100027248
          ],
          [
            -79.01382399991611,
            38.49097199992985
          ],
          [
            -79.01398999959747,
            38.49115199975984
          ],
          [
            -79.01411400034434,
            38.49130500028129
          ],
          [
            -79.0142669996069,
            38.49150800017757
          ],
          [
            -79.01520599959024,
            38.492835000282895
          ],
          [
            -79.01523200042782,
            38.492869999829274
          ],
          [
            -79.01528400030637,
            38.492944000200346
          ],
          [
            -79.01557600038441,
            38.49334900022944
          ],
          [
            -79.01578899992143,
            38.4936039999391
          ],
          [
            -79.01580999983783,
            38.4936289997518
          ],
          [
            -79.01600900002944,
            38.49383100033854
          ],
          [
            -79.01621200041905,
            38.49400599969986
          ],
          [
            -79.01631100015324,
            38.49408000031034
          ],
          [
            -79.01638700032122,
            38.49413700022516
          ],
          [
            -79.01712200009005,
            38.49462999969151
          ],
          [
            -79.0178009997824,
            38.49504400017842
          ],
          [
            -79.01786199988176,
            38.49507900005783
          ],
          [
            -79.01802799956312,
            38.49517200019727
          ],
          [
            -79.01838099974053,
            38.495351000309206
          ],
          [
            -79.01858699960486,
            38.49544000031319
          ],
          [
            -79.01871700019952,
            38.49549500031602
          ],
          [
            -79.01913499977594,
            38.495650000289764
          ],
          [
            -79.01973800019861,
            38.49584300014024
          ],
          [
            -79.02022100007238,
            38.495986999866666
          ],
          [
            -79.02042899958653,
            38.49603199972215
          ],
          [
            -79.02069200025056,
            38.49608600021473
          ],
          [
            -79.02085200008413,
            38.49610799988302
          ],
          [
            -79.02105299992559,
            38.496122000051884
          ],
          [
            -79.02125499959196,
            38.496121000291
          ],
          [
            -79.02142600019451,
            38.49609399971139
          ],
          [
            -79.02242600027719,
            38.495938999989846
          ],
          [
            -79.02261500042309,
            38.49591899979737
          ],
          [
            -79.0227140001573,
            38.49590900005055
          ],
          [
            -79.02294500013598,
            38.49589400007627
          ],
          [
            -79.02339299984962,
            38.49588800008567
          ],
          [
            -79.02364599956961,
            38.49589300031223
          ],
          [
            -79.023898000363,
            38.495914000275704
          ],
          [
            -79.02414699988505,
            38.49594899973245
          ],
          [
            -79.02427300028174,
            38.49596299993225
          ],
          [
            -79.02448400016893,
            38.49597700012934
          ],
          [
            -79.02458600027617,
            38.495975999663365
          ],
          [
            -79.02473699988892,
            38.49597499990046
          ],
          [
            -79.02494799977612,
            38.49595699994741
          ],
          [
            -79.02515600018859,
            38.49592600025206
          ],
          [
            -79.02536000040308,
            38.49588299985873
          ],
          [
            -79.02555799987148,
            38.495828000152166
          ],
          [
            -79.02575000039043,
            38.49575900016688
          ],
          [
            -79.0265510002815,
            38.495398999874745
          ],
          [
            -79.0267069999171,
            38.495327000162916
          ],
          [
            -79.02720499985946,
            38.495098999780424
          ],
          [
            -79.02764199970248,
            38.494905000268304
          ],
          [
            -79.02772600026638,
            38.494871000082604
          ],
          [
            -79.02780900010706,
            38.49483600010208
          ],
          [
            -79.02813200014725,
            38.49471700032244
          ],
          [
            -79.02835200025527,
            38.494647000194774
          ],
          [
            -79.02895499977963,
            38.494485000281365
          ],
          [
            -79.02904799966606,
            38.494463000117456
          ],
          [
            -79.02923400033721,
            38.494418999769536
          ],
          [
            -79.02932800004854,
            38.494395999800645
          ],
          [
            -79.02942299958477,
            38.4943740003127
          ],
          [
            -79.0296429996928,
            38.49432099972893
          ],
          [
            -79.02999800041836,
            38.49423899966424
          ],
          [
            -79.030297999994,
            38.49417799997572
          ],
          [
            -79.03047500044434,
            38.49415000028581
          ],
          [
            -79.03049700018565,
            38.49414700021793
          ],
          [
            -79.03053300017066,
            38.494142999658536
          ],
          [
            -79.03056300030788,
            38.494140000293456
          ],
          [
            -79.03061000016355,
            38.49413599973368
          ],
          [
            -79.030698999852,
            38.494127000231046
          ],
          [
            -79.03087899977706,
            38.494118000024194
          ],
          [
            -79.03105899970211,
            38.494118000024194
          ],
          [
            -79.03126399974151,
            38.494127000231046
          ],
          [
            -79.03145399971233,
            38.49414700021793
          ],
          [
            -79.0316410002084,
            38.494180000254445
          ],
          [
            -79.03185799994336,
            38.49423799987722
          ],
          [
            -79.03192900008848,
            38.49426199968319
          ],
          [
            -79.03283499956154,
            38.4945250000508
          ],
          [
            -79.03307599958596,
            38.49458999998036
          ],
          [
            -79.03322299989907,
            38.49462999969151
          ],
          [
            -79.03429900014974,
            38.4949210002261
          ],
          [
            -79.03475500025934,
            38.495053000269536
          ],
          [
            -79.03520700017093,
            38.495166999920684
          ],
          [
            -79.03551099994455,
            38.495232999747266
          ],
          [
            -79.03581800009121,
            38.49529000015604
          ],
          [
            -79.0361190003901,
            38.495330999953474
          ],
          [
            -79.0364010004224,
            38.49535400032695
          ],
          [
            -79.03652199989791,
            38.49535899988748
          ],
          [
            -79.03767000011862,
            38.495367999939255
          ],
          [
            -79.0383239996966,
            38.495373999973204
          ],
          [
            -79.03848000023052,
            38.49537600021873
          ],
          [
            -79.03891799989844,
            38.495407999921525
          ],
          [
            -79.03931999958135,
            38.4954509998953
          ],
          [
            -79.03960400016179,
            38.49550100033935
          ],
          [
            -79.03991100030846,
            38.49557100034026
          ],
          [
            -79.0405830003281,
            38.49575300016499
          ],
          [
            -79.04131700027202,
            38.49596200016917
          ],
          [
            -79.04190399990286,
            38.496159000334536
          ],
          [
            -79.04226399975298,
            38.49630600011051
          ],
          [
            -79.04237599990596,
            38.496350999766726
          ],
          [
            -79.04297900032864,
            38.49660999981955
          ],
          [
            -79.04405700022915,
            38.49710399968657
          ],
          [
            -79.04410900010768,
            38.49713099988767
          ],
          [
            -79.04439000031508,
            38.49727600029975
          ],
          [
            -79.04474900034027,
            38.497498000263285
          ],
          [
            -79.04502200015176,
            38.49768300006182
          ],
          [
            -79.04539399969744,
            38.49791899999683
          ],
          [
            -79.04583700028654,
            38.498207000002125
          ],
          [
            -79.0465329996973,
            38.49860499977917
          ],
          [
            -79.04681800010266,
            38.49874799988455
          ],
          [
            -79.04699100035504,
            38.49882499971554
          ],
          [
            -79.04757700016094,
            38.49907300028263
          ],
          [
            -79.04798499969164,
            38.49925100012362
          ],
          [
            -79.04856999967265,
            38.49949600008201
          ],
          [
            -79.04906799961502,
            38.49971600010927
          ],
          [
            -79.04929500029405,
            38.49984000002029
          ],
          [
            -79.0495100003792,
            38.49997599972257
          ],
          [
            -79.04966900038785,
            38.5000920001342
          ],
          [
            -79.04985400033578,
            38.500247000059304
          ],
          [
            -79.04992200010786,
            38.50030899993594
          ],
          [
            -79.04999300025297,
            38.50037700007946
          ],
          [
            -79.05059699960223,
            38.50089800032061
          ],
          [
            -79.05076599965663,
            38.50104599996082
          ],
          [
            -79.05093399988611,
            38.501194999690505
          ],
          [
            -79.0510379996432,
            38.501291000141
          ],
          [
            -79.05109200006987,
            38.501347000286124
          ],
          [
            -79.05123000016212,
            38.50149899985789
          ],
          [
            -79.05136400005642,
            38.50167299988975
          ],
          [
            -79.0514030004145,
            38.50173700001393
          ],
          [
            -79.05143500020155,
            38.50178700031297
          ],
          [
            -79.0514810002323,
            38.501878000163664
          ],
          [
            -79.05154200033168,
            38.502027000281224
          ],
          [
            -79.05157800031667,
            38.502150000051614
          ],
          [
            -79.05162000014947,
            38.502345000114545
          ],
          [
            -79.05162699982218,
            38.502401999816875
          ],
          [
            -79.05163699986791,
            38.50257700015057
          ],
          [
            -79.05162699982218,
            38.50274300022677
          ],
          [
            -79.05159800040816,
            38.502908999920415
          ],
          [
            -79.05154999982928,
            38.50307299990264
          ],
          [
            -79.05148399970703,
            38.503233000159845
          ],
          [
            -79.05140000004144,
            38.5033899996757
          ],
          [
            -79.05128500041373,
            38.503560999681326
          ],
          [
            -79.05115399999414,
            38.503723999929555
          ],
          [
            -79.05100599985614,
            38.50387899977167
          ],
          [
            -79.0508760001598,
            38.503991999863544
          ],
          [
            -79.05070000043271,
            38.50412099980153
          ],
          [
            -79.05051200011172,
            38.50423899986392
          ],
          [
            -79.04988500029792,
            38.50457400004201
          ],
          [
            -79.0486440001908,
            38.50527299987385
          ],
          [
            -79.04847400031149,
            38.50538599988747
          ],
          [
            -79.04831799977757,
            38.505509999878754
          ],
          [
            -79.04817800003548,
            38.50564099987008
          ],
          [
            -79.04812600015696,
            38.505699999734716
          ],
          [
            -79.04806500005758,
            38.505767000082315
          ],
          [
            -79.04796700014828,
            38.50590099988763
          ],
          [
            -79.04788599995743,
            38.50604099999493
          ],
          [
            -79.04781800018536,
            38.50619900004015
          ],
          [
            -79.04774899969007,
            38.50640700034532
          ],
          [
            -79.04769900035967,
            38.506618999916455
          ],
          [
            -79.04767300042042,
            38.50705700015076
          ],
          [
            -79.04764900013097,
            38.50768500007229
          ],
          [
            -79.0476249998415,
            38.508142999765155
          ],
          [
            -79.04762300019169,
            38.50830499989228
          ],
          [
            -79.04761300014596,
            38.5084799999412
          ],
          [
            -79.04760099955207,
            38.508951999985214
          ],
          [
            -79.04760499975004,
            38.50924000016021
          ],
          [
            -79.04762099964356,
            38.50946399965618
          ],
          [
            -79.04766400019957,
            38.509792000322015
          ],
          [
            -79.04767300042042,
            38.509830999753184
          ],
          [
            -79.04772500029895,
            38.51006500011409
          ],
          [
            -79.04782499985807,
            38.510393999713806
          ],
          [
            -79.04787799956152,
            38.51052800004719
          ],
          [
            -79.04790600004893,
            38.5105989997661
          ],
          [
            -79.04805699966165,
            38.510935000139355
          ],
          [
            -79.0481150002863,
            38.511052000026815
          ],
          [
            -79.04836200015849,
            38.51146399981724
          ],
          [
            -79.04846599991556,
            38.51160399965298
          ],
          [
            -79.04855299995421,
            38.51172099985914
          ],
          [
            -79.04882599976568,
            38.51205999994178
          ],
          [
            -79.04925400028617,
            38.51251099967588
          ],
          [
            -79.04966099999194,
            38.51292500001359
          ],
          [
            -79.04990500038943,
            38.513180000009754
          ],
          [
            -79.05021300036098,
            38.51348899990289
          ],
          [
            -79.05034399988223,
            38.513627999797706
          ],
          [
            -79.05125199990344,
            38.514568999668256
          ],
          [
            -79.05198599984736,
            38.51530700015913
          ],
          [
            -79.05222799969671,
            38.515567999910466
          ],
          [
            -79.05270499972266,
            38.51607200024253
          ],
          [
            -79.05276800037018,
            38.516136999704926
          ],
          [
            -79.05332800023683,
            38.51671500011794
          ],
          [
            -79.05366799999545,
            38.517064999675924
          ],
          [
            -79.05488700036128,
            38.518322000255864
          ],
          [
            -79.0553610000142,
            38.51880399982321
          ],
          [
            -79.05588300024601,
            38.51936599976075
          ],
          [
            -79.05628699957876,
            38.5197879997133
          ],
          [
            -79.05671900029719,
            38.52026600019536
          ],
          [
            -79.05707599977427,
            38.5206939998242
          ],
          [
            -79.05739799998953,
            38.52114199994128
          ],
          [
            -79.05765400008256,
            38.52153500032705
          ],
          [
            -79.05791100000052,
            38.521965000350924
          ],
          [
            -79.05808400025288,
            38.52228199988716
          ],
          [
            -79.05832399955409,
            38.52284099980023
          ],
          [
            -79.05851699989793,
            38.52333799991395
          ],
          [
            -79.05878100038689,
            38.52408699988739
          ],
          [
            -79.05922200042785,
            38.52536499993404
          ],
          [
            -79.05942800029219,
            38.52597500021545
          ],
          [
            -79.05956800003426,
            38.52636700016961
          ],
          [
            -79.05983599982287,
            38.52725099970121
          ],
          [
            -79.0599710004404,
            38.5277970000637
          ],
          [
            -79.06008699989303,
            38.52819400002344
          ],
          [
            -79.0601349995736,
            38.528330000286616
          ],
          [
            -79.06020800026685,
            38.52850900020506
          ],
          [
            -79.06031500039697,
            38.528728000127764
          ],
          [
            -79.06043900024554,
            38.5289410000389
          ],
          [
            -79.06090200002781,
            38.52961900016092
          ],
          [
            -79.06129100019024,
            38.53015900017776
          ],
          [
            -79.06215800020355,
            38.53147199966717
          ],
          [
            -79.06237099974057,
            38.531812000165225
          ],
          [
            -79.06263400040461,
            38.532268000336174
          ],
          [
            -79.06292499975945,
            38.532797999902066
          ],
          [
            -79.06317199963165,
            38.53331900025606
          ],
          [
            -79.06345200001414,
            38.53392799992811
          ],
          [
            -79.06440299969303,
            38.536042000176536
          ],
          [
            -79.06463899969458,
            38.536586000078024
          ],
          [
            -79.06491599970403,
            38.537186999648945
          ],
          [
            -79.06502899968193,
            38.537430999924005
          ],
          [
            -79.06592699965736,
            38.539438999759966
          ],
          [
            -79.06600000035063,
            38.539619000005736
          ],
          [
            -79.06607800016843,
            38.53983899969446
          ],
          [
            -79.06618100010058,
            38.540106000239675
          ],
          [
            -79.06621999956035,
            38.54024500002331
          ],
          [
            -79.0662799998348,
            38.54049000031233
          ],
          [
            -79.06634799960686,
            38.540814000052535
          ],
          [
            -79.06638399959186,
            38.541018000051
          ],
          [
            -79.06641899975197,
            38.54129600004043
          ],
          [
            -79.06643700019363,
            38.54157600002546
          ],
          [
            -79.06653599992784,
            38.542628999902156
          ],
          [
            -79.06663800003508,
            38.54388200021038
          ],
          [
            -79.06666899999723,
            38.54431900015207
          ],
          [
            -79.06679899969357,
            38.54575800022699
          ],
          [
            -79.0669209998923,
            38.546714999826165
          ],
          [
            -79.06695199985444,
            38.54691899994834
          ],
          [
            -79.06695500022748,
            38.54693800026779
          ],
          [
            -79.06705999980947,
            38.54749099982212
          ],
          [
            -79.06711599988598,
            38.54774100015586
          ],
          [
            -79.06725200032841,
            38.548400000214535
          ],
          [
            -79.0673080004049,
            38.54863799987598
          ],
          [
            -79.06738899969744,
            38.548949999874246
          ],
          [
            -79.06747200043644,
            38.549197999897984
          ],
          [
            -79.06759200008705,
            38.54949199965654
          ],
          [
            -79.06768199960041,
            38.54968499990302
          ],
          [
            -79.0678289999135,
            38.54996000026206
          ],
          [
            -79.06793699986854,
            38.55014300001265
          ],
          [
            -79.0681109999458,
            38.55038600018243
          ],
          [
            -79.06832000018319,
            38.550648999981405
          ],
          [
            -79.06859600036769,
            38.55096999981078
          ],
          [
            -79.06924900012078,
            38.55164400008722
          ],
          [
            -79.06939499971064,
            38.551794000158544
          ],
          [
            -79.06965900019961,
            38.55205699972483
          ],
          [
            -79.07020300017273,
            38.552651999806464
          ],
          [
            -79.07183500009211,
            38.554372000019775
          ],
          [
            -79.07263900035623,
            38.55518499972514
          ],
          [
            -79.07356099972282,
            38.556135000084666
          ],
          [
            -79.07452499982051,
            38.55717299977042
          ],
          [
            -79.07525600028971,
            38.55790999994497
          ],
          [
            -79.07610200038663,
            38.558734999721494
          ],
          [
            -79.07679299977451,
            38.559379999656606
          ],
          [
            -79.07729300026503,
            38.55983099996058
          ],
          [
            -79.07786599965216,
            38.56031099977653
          ],
          [
            -79.07882100042735,
            38.56106100000808
          ],
          [
            -79.07890799956766,
            38.56112899965713
          ],
          [
            -79.080078000428,
            38.5620040003297
          ],
          [
            -79.08161900011078,
            38.563051000274555
          ],
          [
            -79.08206599999951,
            38.56333699982509
          ],
          [
            -79.08263599991191,
            38.563684999717864
          ],
          [
            -79.08310000041742,
            38.563953999969804
          ],
          [
            -79.0836900004213,
            38.56428100000375
          ],
          [
            -79.08561100004567,
            38.56528600031865
          ],
          [
            -79.08682600021353,
            38.56586999971451
          ],
          [
            -79.08746600044613,
            38.566164000125546
          ],
          [
            -79.08810599978041,
            38.56645800003619
          ],
          [
            -79.08865499977642,
            38.566715999812544
          ],
          [
            -79.08951799959176,
            38.56711599972527
          ],
          [
            -79.09083300021705,
            38.56775600015174
          ],
          [
            -79.09230299975472,
            38.5684470003022
          ],
          [
            -79.09333100032484,
            38.56892999992765
          ],
          [
            -79.09511600040508,
            38.56976300007149
          ],
          [
            -79.09525199994921,
            38.56982700004983
          ],
          [
            -79.09537499997288,
            38.569883999686276
          ],
          [
            -79.09613200038132,
            38.57023700016087
          ],
          [
            -79.09722299980231,
            38.57075399987277
          ],
          [
            -79.09876600003322,
            38.57147299981245
          ],
          [
            -79.10040799999835,
            38.57224599982497
          ],
          [
            -79.10292700002253,
            38.57343900031882
          ],
          [
            -79.10451700010911,
            38.57417399997483
          ],
          [
            -79.10642799968774,
            38.57508400013296
          ],
          [
            -79.10942499956283,
            38.57648299975091
          ],
          [
            -79.11052799957768,
            38.57703200009705
          ],
          [
            -79.11183800018011,
            38.57772400025584
          ],
          [
            -79.11264599974388,
            38.578172999853535
          ],
          [
            -79.11291699990554,
            38.578323000039944
          ],
          [
            -79.11375200013181,
            38.578772000106916
          ],
          [
            -79.11379899998745,
            38.5788009999021
          ],
          [
            -79.11390399956944,
            38.57886400024024
          ],
          [
            -79.11406699977607,
            38.578944000077215
          ],
          [
            -79.11423900020353,
            38.57901100034611
          ],
          [
            -79.11441800030366,
            38.57906499967887
          ],
          [
            -79.11460300025158,
            38.57910500019883
          ],
          [
            -79.11475399986432,
            38.57912799978545
          ],
          [
            -79.11494499966004,
            38.57914299996989
          ],
          [
            -79.11511299988952,
            38.57914299996989
          ],
          [
            -79.11529600018763,
            38.579133999859614
          ],
          [
            -79.11552200014343,
            38.57910900024961
          ],
          [
            -79.1157160003122,
            38.579068999731874
          ],
          [
            -79.11602099991072,
            38.57898399996228
          ],
          [
            -79.11613800008656,
            38.57896399967137
          ],
          [
            -79.11622099992726,
            38.57896100032955
          ],
          [
            -79.11635900001953,
            38.5789669997154
          ],
          [
            -79.11646799979947,
            38.57898199993344
          ],
          [
            -79.11660099986887,
            38.57901299967192
          ],
          [
            -79.11672800009046,
            38.57905700027446
          ],
          [
            -79.11695700041933,
            38.579175999662326
          ],
          [
            -79.11703600006203,
            38.579204999996705
          ],
          [
            -79.1171389999942,
            38.57922300019833
          ],
          [
            -79.11722699985775,
            38.57922200018727
          ],
          [
            -79.11731300007148,
            38.57920700001934
          ],
          [
            -79.11751999976072,
            38.579140999945466
          ],
          [
            -79.1176520000052,
            38.579117000350436
          ],
          [
            -79.11781299966367,
            38.57910500019883
          ],
          [
            -79.1179480002812,
            38.57911100027491
          ],
          [
            -79.11814300027487,
            38.57915500011514
          ],
          [
            -79.11826799994833,
            38.579194999882716
          ],
          [
            -79.11838799959894,
            38.57924299971486
          ],
          [
            -79.11855800037657,
            38.579328999889796
          ],
          [
            -79.11867700020224,
            38.579404999877056
          ],
          [
            -79.1187929996549,
            38.57949599989461
          ],
          [
            -79.11897500012807,
            38.57965700018339
          ],
          [
            -79.11908599955784,
            38.57977199996809
          ],
          [
            -79.1191679995736,
            38.57984500018164
          ],
          [
            -79.11926300000816,
            38.57990800030633
          ],
          [
            -79.11933099978023,
            38.579941000349564
          ],
          [
            -79.11940500029839,
            38.57996099966616
          ],
          [
            -79.11948200029128,
            38.57996599966998
          ],
          [
            -79.11955900028417,
            38.57995699966283
          ],
          [
            -79.1196310002542,
            38.579935000342815
          ],
          [
            -79.1196949998283,
            38.579900000293556
          ],
          [
            -79.1197369996611,
            38.579864000225065
          ],
          [
            -79.11977699984408,
            38.57981200009431
          ],
          [
            -79.1197860000649,
            38.57977599998171
          ],
          [
            -79.11979500028572,
            38.579703999702396
          ],
          [
            -79.1197790003922,
            38.57960099987962
          ],
          [
            -79.11972699961535,
            38.57940799990266
          ],
          [
            -79.11972199959247,
            38.57933699996617
          ],
          [
            -79.1197359998362,
            38.57926699997001
          ],
          [
            -79.11974699970683,
            38.579239999682414
          ],
          [
            -79.11978500023999,
            38.579175999662326
          ],
          [
            -79.11985899985984,
            38.579117999660745
          ],
          [
            -79.11994599989846,
            38.579069999745066
          ],
          [
            -79.12002200006644,
            38.57904200007207
          ],
          [
            -79.1201230003488,
            38.579017999741744
          ],
          [
            -79.12031499996941,
            38.57900800030398
          ],
          [
            -79.12057100006245,
            38.57901100034611
          ],
          [
            -79.12084600042208,
            38.57903499997656
          ],
          [
            -79.12115000019568,
            38.57910100014783
          ],
          [
            -79.12120600027218,
            38.579117999660745
          ],
          [
            -79.12130300035655,
            38.57913499987189
          ],
          [
            -79.12140299991566,
            38.57913699989648
          ],
          [
            -79.12150199964987,
            38.57912599976062
          ],
          [
            -79.12190900025396,
            38.579015999713846
          ],
          [
            -79.12202600042981,
            38.57899900017679
          ],
          [
            -79.1221440004306,
            38.57899700014837
          ],
          [
            -79.12226099970815,
            38.5790100003321
          ],
          [
            -79.12235100011982,
            38.57902999990793
          ],
          [
            -79.12243800015848,
            38.579059000301214
          ],
          [
            -79.12254000026572,
            38.57910600021151
          ],
          [
            -79.12261300006065,
            38.57915300009107
          ],
          [
            -79.12290099994075,
            38.57942700006163
          ],
          [
            -79.12295799984216,
            38.57948799983594
          ],
          [
            -79.12302300013948,
            38.57954200021457
          ],
          [
            -79.12309699975933,
            38.57958899980888
          ],
          [
            -79.12319899986657,
            38.57963800008521
          ],
          [
            -79.12359600042493,
            38.57976199993308
          ],
          [
            -79.12389400035076,
            38.57988500026722
          ],
          [
            -79.12405500000924,
            38.57996699967074
          ],
          [
            -79.12420499979707,
            38.580058999677945
          ],
          [
            -79.12434399971424,
            38.58016200024839
          ],
          [
            -79.1244469996464,
            38.580251000015615
          ],
          [
            -79.12456200017243,
            38.580371000229384
          ],
          [
            -79.12466299955646,
            38.580498000196265
          ],
          [
            -79.12490899960376,
            38.58087200023756
          ],
          [
            -79.12495100033487,
            38.58091099976359
          ],
          [
            -79.12499999984036,
            38.580943000061126
          ],
          [
            -79.12507199981039,
            38.58097299966875
          ],
          [
            -79.12513299990974,
            38.58098800017007
          ],
          [
            -79.12519800020708,
            38.58099300010245
          ],
          [
            -79.1252779996747,
            38.58098800017007
          ],
          [
            -79.12536999973621,
            38.58096399978774
          ],
          [
            -79.1254249999878,
            38.58093700013808
          ],
          [
            -79.12547299966837,
            38.580902999862516
          ],
          [
            -79.12552100024726,
            38.58085299975854
          ],
          [
            -79.12555499968414,
            38.580794999706654
          ],
          [
            -79.12571100021808,
            38.58024900002205
          ],
          [
            -79.12575499970067,
            38.580150000271374
          ],
          [
            -79.12580300027957,
            38.580073999667945
          ],
          [
            -79.12587699989943,
            38.57998599968184
          ],
          [
            -79.12594700021961,
            38.57992200032651
          ],
          [
            -79.12611700009893,
            38.57980100006183
          ],
          [
            -79.12624000012258,
            38.57972999981162
          ],
          [
            -79.12640199960596,
            38.57965000014782
          ],
          [
            -79.12667600014066,
            38.57954200021457
          ],
          [
            -79.12671899979837,
            38.57952900012713
          ],
          [
            -79.12683099995137,
            38.579504999959525
          ],
          [
            -79.12694599957909,
            38.579494999887295
          ],
          [
            -79.12708500039459,
            38.57950099993081
          ],
          [
            -79.12717499990795,
            38.57951600003734
          ],
          [
            -79.1272629997715,
            38.57954000020127
          ],
          [
            -79.12747399965869,
            38.579640000095786
          ],
          [
            -79.12943600018926,
            38.58067000024683
          ],
          [
            -79.12993300030672,
            38.58091799967625
          ],
          [
            -79.13012499992736,
            38.58099300010245
          ],
          [
            -79.13037199979955,
            38.58107500034769
          ],
          [
            -79.13071199955819,
            38.58117000029205
          ],
          [
            -79.13085499967332,
            38.58119499988695
          ],
          [
            -79.13097199984918,
            38.58120399973896
          ],
          [
            -79.13104399981921,
            38.58120399973896
          ],
          [
            -79.13111400013942,
            38.58119199993604
          ],
          [
            -79.13118899958417,
            38.58115899976534
          ],
          [
            -79.13123100031528,
            38.58112800025083
          ],
          [
            -79.13126999977501,
            38.581081000259154
          ],
          [
            -79.13129400006447,
            38.58102800032133
          ],
          [
            -79.13129999991224,
            38.58098400022394
          ],
          [
            -79.13129499988938,
            38.58093900011249
          ],
          [
            -79.13091400012287,
            38.57991300031385
          ],
          [
            -79.13090300025222,
            38.579860000216335
          ],
          [
            -79.13090499990203,
            38.57979300003713
          ],
          [
            -79.1309240001686,
            38.57972799980355
          ],
          [
            -79.1309519997577,
            38.57967800028606
          ],
          [
            -79.13100000033658,
            38.57962300000415
          ],
          [
            -79.13106200026087,
            38.57957599972989
          ],
          [
            -79.13111900016227,
            38.579547000247615
          ],
          [
            -79.13118100008656,
            38.57953100014074
          ],
          [
            -79.13126399992723,
            38.57952300008596
          ],
          [
            -79.13137199988228,
            38.57952600010665
          ],
          [
            -79.13158899961724,
            38.57956899968643
          ],
          [
            -79.13184499971028,
            38.579642000106304
          ],
          [
            -79.1321069996511,
            38.57970199969365
          ],
          [
            -79.1321429996361,
            38.57970599971113
          ],
          [
            -79.13223399987272,
            38.57970799971981
          ],
          [
            -79.13230699966765,
            38.57969899968033
          ],
          [
            -79.13239299988138,
            38.57967600027654
          ],
          [
            -79.1324720004224,
            38.579640000095786
          ],
          [
            -79.1325290003238,
            38.57960399989703
          ],
          [
            -79.13257700000437,
            38.579561000338146
          ],
          [
            -79.13262499968496,
            38.57949999992361
          ],
          [
            -79.13276600015027,
            38.57921800014279
          ],
          [
            -79.1327970001124,
            38.57917300032935
          ],
          [
            -79.13286900008244,
            38.579122999723246
          ],
          [
            -79.13292500015892,
            38.579096000083794
          ],
          [
            -79.13298299988526,
            38.579073999797785
          ],
          [
            -79.13303700031192,
            38.57906299965228
          ],
          [
            -79.13310400025907,
            38.57905700027446
          ],
          [
            -79.13319200012262,
            38.57906299965228
          ],
          [
            -79.13323599960523,
            38.57907599982406
          ],
          [
            -79.13341999972825,
            38.57915300009107
          ],
          [
            -79.13465300033778,
            38.579774999978355
          ],
          [
            -79.13507699976199,
            38.57997799967779
          ],
          [
            -79.13522300025018,
            38.580037999686674
          ],
          [
            -79.13538399990864,
            38.58007699966555
          ],
          [
            -79.13551699997805,
            38.58009800034768
          ],
          [
            -79.13576700022331,
            38.58010700033716
          ],
          [
            -79.13586500013258,
            38.580101000344285
          ],
          [
            -79.13592899970669,
            38.58008799965577
          ],
          [
            -79.13599700037706,
            38.580061999676175
          ],
          [
            -79.13605900030136,
            38.58002799968865
          ],
          [
            -79.1361129998297,
            38.579987999682714
          ],
          [
            -79.13616999973112,
            38.57992800033434
          ],
          [
            -79.13621099973899,
            38.57986200022072
          ],
          [
            -79.13634899983126,
            38.57943700014332
          ],
          [
            -79.13653200012936,
            38.579015999713846
          ],
          [
            -79.13657899998503,
            38.57894300006222
          ],
          [
            -79.13662699966561,
            38.57889099996695
          ],
          [
            -79.13668399956701,
            38.57884299989957
          ],
          [
            -79.13676499975786,
            38.5787939997831
          ],
          [
            -79.13685699981937,
            38.57875599982741
          ],
          [
            -79.13695499972867,
            38.57873000006793
          ],
          [
            -79.1370569998359,
            38.57871899986974
          ],
          [
            -79.13721599984457,
            38.57872199992394
          ],
          [
            -79.13730000040847,
            38.578733000121666
          ],
          [
            -79.13819199963784,
            38.578972999803
          ],
          [
            -79.13843799968514,
            38.57902899989414
          ],
          [
            -79.13848600026402,
            38.57903299994915
          ],
          [
            -79.13858499999822,
            38.57903099992166
          ],
          [
            -79.13870800002188,
            38.5790149996999
          ],
          [
            -79.13885100013701,
            38.57897899989005
          ],
          [
            -79.13898300038149,
            38.57892399977521
          ],
          [
            -79.13908200011569,
            38.578865000256336
          ],
          [
            -79.1391540000857,
            38.57881000005415
          ],
          [
            -79.13927799993427,
            38.57873100008584
          ],
          [
            -79.13938500006438,
            38.578680999874365
          ],
          [
            -79.13954400007306,
            38.57862900029165
          ],
          [
            -79.13963000028677,
            38.578609999921525
          ],
          [
            -79.13981100003673,
            38.5785940003082
          ],
          [
            -79.13995900017474,
            38.5785969996654
          ],
          [
            -79.14009999974174,
            38.578616000038956
          ],
          [
            -79.14024399968177,
            38.57864899997351
          ],
          [
            -79.1405769997677,
            38.57876099991517
          ],
          [
            -79.1407860000051,
            38.57881700017158
          ],
          [
            -79.14086100034817,
            38.57882600032157
          ],
          [
            -79.14098799967145,
            38.578828999669085
          ],
          [
            -79.14108899995378,
            38.57882100023839
          ],
          [
            -79.14121199997744,
            38.57879899986816
          ],
          [
            -79.1413290001533,
            38.57876199993264
          ],
          [
            -79.14143799993325,
            38.5787119997427
          ],
          [
            -79.14159399956885,
            38.578599999724695
          ],
          [
            -79.14168300015564,
            38.57851900018601
          ],
          [
            -79.14174699972975,
            38.57844800007303
          ],
          [
            -79.14201799989138,
            38.57805000009894
          ],
          [
            -79.1421240001966,
            38.57790900030961
          ],
          [
            -79.14217400042531,
            38.57785600013792
          ],
          [
            -79.14224899987005,
            38.57779699974179
          ],
          [
            -79.14235299962714,
            38.57774200012633
          ],
          [
            -79.1424499997115,
            38.577708999775076
          ],
          [
            -79.14255199981878,
            38.57768999986383
          ],
          [
            -79.14265700029907,
            38.577684999701574
          ],
          [
            -79.14276100005613,
            38.57769399999341
          ],
          [
            -79.14283100037633,
            38.57771099983937
          ],
          [
            -79.142946999829,
            38.57775699989793
          ],
          [
            -79.14301799997409,
            38.57779799977269
          ],
          [
            -79.14376100013885,
            38.578302000243376
          ],
          [
            -79.14397700004892,
            38.57844099991964
          ],
          [
            -79.14411500014117,
            38.578507999955505
          ],
          [
            -79.14418999958593,
            38.578538999898505
          ],
          [
            -79.14425999990614,
            38.57855700026709
          ],
          [
            -79.1443550003407,
            38.57857299988865
          ],
          [
            -79.14447599981621,
            38.578581000049184
          ],
          [
            -79.14459800001494,
            38.57857499992883
          ],
          [
            -79.14471699984061,
            38.57855500022635
          ],
          [
            -79.14485900013084,
            38.578512000039524
          ],
          [
            -79.14503700040609,
            38.57843999989764
          ],
          [
            -79.14520499973725,
            38.57835700013228
          ],
          [
            -79.14536299992099,
            38.57826199997851
          ],
          [
            -79.14557800000615,
            38.57810700023406
          ],
          [
            -79.14565699964886,
            38.57806899991492
          ],
          [
            -79.1457439996875,
            38.57804399993424
          ],
          [
            -79.14579899993909,
            38.5780359997139
          ],
          [
            -79.14590900044226,
            38.57803399965865
          ],
          [
            -79.1459820002372,
            38.57804399993424
          ],
          [
            -79.14608599999428,
            38.578076000104566
          ],
          [
            -79.14616299998717,
            38.578114999744265
          ],
          [
            -79.14705500011483,
            38.57874200028219
          ],
          [
            -79.14718900000913,
            38.578814000121305
          ],
          [
            -79.14724400026073,
            38.578836999801105
          ],
          [
            -79.14738800020076,
            38.57888699990403
          ],
          [
            -79.14756899995074,
            38.57892999986636
          ],
          [
            -79.14772399976142,
            38.57895000016674
          ],
          [
            -79.147819000196,
            38.57895500024094
          ],
          [
            -79.14797599965651,
            38.57895200019647
          ],
          [
            -79.14813200019043,
            38.57893599995706
          ],
          [
            -79.1484619999033,
            38.578872999682126
          ],
          [
            -79.14860699966827,
            38.578857000127385
          ],
          [
            -79.14870600030079,
            38.57885200004631
          ],
          [
            -79.14880900023296,
            38.578865000256336
          ],
          [
            -79.14887899965483,
            38.578879999793415
          ],
          [
            -79.14899900020374,
            38.57891999971413
          ],
          [
            -79.14927000036539,
            38.57903299994915
          ],
          [
            -79.14996900014923,
            38.57939399978225
          ],
          [
            -79.15064500036684,
            38.579722999783115
          ],
          [
            -79.15077400023826,
            38.579774999978355
          ],
          [
            -79.15095099979027,
            38.5798370001619
          ],
          [
            -79.15117799957099,
            38.57990300029843
          ],
          [
            -79.15141000027289,
            38.57995499966109
          ],
          [
            -79.15167200021372,
            38.579997999686306
          ],
          [
            -79.15194800039825,
            38.58005299968106
          ],
          [
            -79.15216599995813,
            38.58010700033716
          ],
          [
            -79.15250900008981,
            38.58021400012581
          ],
          [
            -79.15307800017727,
            38.58040000008123
          ],
          [
            -79.15321200007159,
            38.58043099990995
          ],
          [
            -79.15335000016384,
            38.58044699981629
          ],
          [
            -79.15360299988384,
            38.580429999915665
          ],
          [
            -79.1538039997253,
            38.58040600004912
          ],
          [
            -79.15402700020637,
            38.58036100027773
          ],
          [
            -79.15417600016929,
            38.58034600034767
          ],
          [
            -79.15435500026942,
            38.58034600034767
          ],
          [
            -79.15450400023234,
            38.580362000272984
          ],
          [
            -79.15456399960848,
            38.58037500020965
          ],
          [
            -79.1546620004161,
            38.58040500005453
          ],
          [
            -79.15475399957928,
            38.58044299984007
          ],
          [
            -79.15484099961792,
            38.58048900025578
          ],
          [
            -79.15492199980876,
            38.5805409998964
          ],
          [
            -79.15501100039555,
            38.58061700000567
          ],
          [
            -79.15513000022123,
            38.58075000017899
          ],
          [
            -79.15522499975748,
            38.580880000142024
          ],
          [
            -79.15527400016127,
            38.580964999774594
          ],
          [
            -79.15537200007057,
            38.5811860000338
          ],
          [
            -79.15549199972116,
            38.58151300029468
          ],
          [
            -79.15556600023933,
            38.581648000167874
          ],
          [
            -79.1556559997527,
            38.58177799990999
          ],
          [
            -79.15576100023299,
            38.58190000032897
          ],
          [
            -79.15624900012963,
            38.58237299972372
          ],
          [
            -79.15674399969895,
            38.58286800004942
          ],
          [
            -79.15689199983694,
            38.582999000350576
          ],
          [
            -79.15713200003647,
            38.583182000247945
          ],
          [
            -79.1573029997407,
            38.58329400014314
          ],
          [
            -79.15814299998983,
            38.58375300021493
          ],
          [
            -79.15828600010497,
            38.58382599989323
          ],
          [
            -79.15846799967984,
            38.58390399992922
          ],
          [
            -79.15865299962776,
            38.58396999983951
          ],
          [
            -79.1587820003975,
            38.58400300012297
          ],
          [
            -79.15891299991877,
            38.58402700019195
          ],
          [
            -79.15908100014825,
            38.58404599983128
          ],
          [
            -79.15915099957013,
            38.58404699977517
          ],
          [
            -79.15929000038562,
            38.58403499974504
          ],
          [
            -79.15940300036351,
            38.58400899978987
          ],
          [
            -79.15948799985404,
            38.58397900004601
          ],
          [
            -79.15958699958824,
            38.58393099986792
          ],
          [
            -79.159676000175,
            38.583871000302445
          ],
          [
            -79.15975200034299,
            38.58380099980977
          ],
          [
            -79.15985699992497,
            38.58364600008102
          ],
          [
            -79.15992800007008,
            38.583517000160384
          ],
          [
            -79.16040000007318,
            38.58240999990577
          ],
          [
            -79.16051499970091,
            38.58218500002257
          ],
          [
            -79.16060699976241,
            38.582042999951945
          ],
          [
            -79.16065699999113,
            38.5819830002136
          ],
          [
            -79.1608240003957,
            38.58184199971817
          ],
          [
            -79.16111700029867,
            38.581645000235845
          ],
          [
            -79.16122199988065,
            38.58156099998216
          ],
          [
            -79.16132099961486,
            38.58146499987287
          ],
          [
            -79.16136199962276,
            38.58141400017954
          ],
          [
            -79.16142400044534,
            38.58132299978312
          ],
          [
            -79.16161000021816,
            38.58098700018359
          ],
          [
            -79.16167600034042,
            38.580906999813166
          ],
          [
            -79.16171200032542,
            38.580875000201836
          ],
          [
            -79.16175099978516,
            38.580848999804886
          ],
          [
            -79.16187700018186,
            38.580789999760555
          ],
          [
            -79.16191099961874,
            38.58077899987785
          ],
          [
            -79.16202000029699,
            38.58075600011765
          ],
          [
            -79.16242600017786,
            38.580699999968495
          ],
          [
            -79.16252999993495,
            38.58068100014622
          ],
          [
            -79.1626539997835,
            38.580643999775674
          ],
          [
            -79.16277099995935,
            38.58059300020162
          ],
          [
            -79.16287700026459,
            38.58052999997557
          ],
          [
            -79.16315699974874,
            38.58025300000912
          ],
          [
            -79.16320600015254,
            38.58021300012849
          ],
          [
            -79.16329800021406,
            38.58015400026396
          ],
          [
            -79.16340000032129,
            38.5801080003359
          ],
          [
            -79.16353199966746,
            38.58006899967159
          ],
          [
            -79.16362399972897,
            38.58005299968106
          ],
          [
            -79.16376600001921,
            38.58004699968367
          ],
          [
            -79.16390599976128,
            38.580061999676175
          ],
          [
            -79.16442700016819,
            38.58019100018467
          ],
          [
            -79.16456100006248,
            38.580215000123054
          ],
          [
            -79.16473000011688,
            38.580233000071615
          ],
          [
            -79.16490099982111,
            38.58023600006258
          ],
          [
            -79.16507099970043,
            38.58022500009504
          ],
          [
            -79.16517600018072,
            38.5802090001392
          ],
          [
            -79.16539499956552,
            38.580149000273174
          ],
          [
            -79.16557000036602,
            38.58008499965862
          ],
          [
            -79.16570400026032,
            38.58002499968901
          ],
          [
            -79.16583200030684,
            38.57995699966283
          ],
          [
            -79.16620700022557,
            38.579714999749775
          ],
          [
            -79.16629599991403,
            38.57967000024766
          ],
          [
            -79.1664199997626,
            38.579616999970895
          ],
          [
            -79.16651799967188,
            38.57958999981483
          ],
          [
            -79.16664400006857,
            38.57955600030614
          ],
          [
            -79.16694799984218,
            38.57948599982114
          ],
          [
            -79.16703200040608,
            38.57946300034915
          ],
          [
            -79.16716799995021,
            38.57941599997018
          ],
          [
            -79.16724599976803,
            38.57938099966802
          ],
          [
            -79.16736799996676,
            38.57931399974421
          ],
          [
            -79.16748000011977,
            38.579236000341155
          ],
          [
            -79.16785000001559,
            38.578915999652835
          ],
          [
            -79.16788699982553,
            38.57889400001396
          ],
          [
            -79.16792500035868,
            38.578871999666134
          ],
          [
            -79.16800900002426,
            38.578841999883224
          ],
          [
            -79.16810100008578,
            38.57882200025504
          ]
        ]
      }
    },
    {
      "type": "Feature",
      "properties": {
        "name": "US 33",
        "tier": 1,
        "highway_class": "major"
      },
      "geometry": {
        "type": "LineString",
        "coordinates": [
          [
            -78.83685600033566,
            38.41777800020757
          ],
          [
            -78.83668800010616,
            38.41749700020398
          ],
          [
            -78.83658299962588,
            38.41734299988867
          ],
          [
            -78.83633499992875,
            38.41702000019022
          ],
          [
            -78.8362749996543,
            38.41694300026906
          ],
          [
            -78.83579000013071,
            38.416364999922386
          ],
          [
            -78.8355929995889,
            38.41613600026205
          ],
          [
            -78.8352050001497,
            38.41568700031491
          ],
          [
            -78.83503899957003,
            38.41548899971505
          ],
          [
            -78.83319800031161,
            38.41332800020617
          ],
          [
            -78.83273700017914,
            38.41277999984534
          ],
          [
            -78.83258700039133,
            38.41260300001991
          ],
          [
            -78.83254899985818,
            38.412556999970434
          ],
          [
            -78.8323890000246,
            38.4123690000147
          ],
          [
            -78.8316569997305,
            38.411510000321066
          ],
          [
            -78.83125099984966,
            38.411051999766144
          ],
          [
            -78.8308469996186,
            38.410636000158256
          ],
          [
            -78.83057700018017,
            38.41036599972001
          ],
          [
            -78.83032199991204,
            38.410129000169775
          ],
          [
            -78.83012100007059,
            38.409941999780095
          ],
          [
            -78.82974500032695,
            38.40961499975748
          ],
          [
            -78.82941800008881,
            38.40934700024802
          ],
          [
            -78.82927499997366,
            38.409228999733806
          ],
          [
            -78.82867599974897,
            38.40876699983966
          ],
          [
            -78.82815199986733,
            38.40836800017791
          ],
          [
            -78.82799399968357,
            38.40824700005506
          ],
          [
            -78.82764100040447,
            38.4079780001208
          ],
          [
            -78.8272630001127,
            38.40769700001515
          ],
          [
            -78.82704399982958,
            38.40754499979571
          ],
          [
            -78.82669099965216,
            38.40731899979543
          ],
          [
            -78.8264889999858,
            38.4071990003178
          ],
          [
            -78.8262489997863,
            38.40705600026957
          ],
          [
            -78.82574199962308,
            38.406740999893636
          ],
          [
            -78.82549700029902,
            38.40656400005876
          ],
          [
            -78.82509300006798,
            38.406262999666275
          ],
          [
            -78.8243699999947,
            38.40568600007715
          ],
          [
            -78.82434999990323,
            38.4056689997205
          ],
          [
            -78.82297499990179,
            38.404585000151116
          ],
          [
            -78.82197700036723,
            38.403803999708636
          ],
          [
            -78.82158499983176,
            38.4034949998771
          ],
          [
            -78.82125599994377,
            38.40324300008226
          ],
          [
            -78.82029299967098,
            38.40249099966204
          ],
          [
            -78.81933699996922,
            38.401757999765394
          ],
          [
            -78.81920399989981,
            38.401655999765936
          ],
          [
            -78.8184490000395,
            38.401081000050986
          ],
          [
            -78.81807800031874,
            38.40079500010199
          ],
          [
            -78.81792299960972,
            38.400676000028625
          ],
          [
            -78.81710500000021,
            38.40005200024098
          ],
          [
            -78.81703700022814,
            38.39999900003676
          ],
          [
            -78.81679799985355,
            38.399817000035966
          ],
          [
            -78.81627200032209,
            38.39940500000479
          ],
          [
            -78.81599299976452,
            38.39918899967906
          ],
          [
            -78.81582000041047,
            38.39905500007827
          ],
          [
            -78.81557000016522,
            38.398850000350194
          ],
          [
            -78.8155419996778,
            38.39882700017612
          ],
          [
            -78.81542000037739,
            38.398721999747785
          ],
          [
            -78.81528599958476,
            38.39860200007723
          ],
          [
            -78.81500199990263,
            38.3983319997382
          ],
          [
            -78.81481299975674,
            38.39813700000049
          ],
          [
            -78.81449399991452,
            38.397782000282895
          ],
          [
            -78.81428899987512,
            38.397515000264924
          ],
          [
            -78.814069999592,
            38.39721400020663
          ],
          [
            -78.8139499999414,
            38.39703800000128
          ],
          [
            -78.81360900035786,
            38.39655199969721
          ],
          [
            -78.81339199972457,
            38.39626999978741
          ],
          [
            -78.81282299963709,
            38.39558299979236
          ],
          [
            -78.81161500004025,
            38.394133000113534
          ],
          [
            -78.8106839995545,
            38.39301699998805
          ],
          [
            -78.81045199975091,
            38.392746000127985
          ],
          [
            -78.81018700033535,
            38.39244300034966
          ],
          [
            -78.80989899955694,
            38.392143000092005
          ],
          [
            -78.80950299972183,
            38.391773999807256
          ],
          [
            -78.80911600010754,
            38.39144799977116
          ],
          [
            -78.80873600016595,
            38.391160000119136
          ],
          [
            -78.8085350003245,
            38.39101600021498
          ],
          [
            -78.80756500037901,
            38.39031500000391
          ],
          [
            -78.80695100008569,
            38.38987599983042
          ],
          [
            -78.80600600025456,
            38.38920099976645
          ],
          [
            -78.80588900007871,
            38.38911700022208
          ],
          [
            -78.80470700042112,
            38.38827499971692
          ],
          [
            -78.80454300038959,
            38.38816299980748
          ],
          [
            -78.80426700020507,
            38.38795700032579
          ],
          [
            -78.80408300008206,
            38.38780400028659
          ],
          [
            -78.80390099960886,
            38.387625000138186
          ],
          [
            -78.80374099977527,
            38.387433999829554
          ],
          [
            -78.80356099985022,
            38.3871720003441
          ],
          [
            -78.80337900027536,
            38.38687700008581
          ],
          [
            -78.80167399966274,
            38.38391899966054
          ],
          [
            -78.80148600024006,
            38.38359100030251
          ],
          [
            -78.80125100006342,
            38.38319500015195
          ],
          [
            -78.80079800032689,
            38.38241299967502
          ],
          [
            -78.80045400037031,
            38.38183100017396
          ],
          [
            -78.80026900042238,
            38.38154799995256
          ],
          [
            -78.80005699981196,
            38.38126000030999
          ],
          [
            -78.79983800042716,
            38.380981999709206
          ],
          [
            -78.79953200010542,
            38.38063999966271
          ],
          [
            -78.79936100040118,
            38.38046499991544
          ],
          [
            -78.79910299976001,
            38.38021600000403
          ],
          [
            -78.79893000040596,
            38.380060999863936
          ],
          [
            -78.7987289996662,
            38.3798979996854
          ],
          [
            -78.79834500042494,
            38.379598000202755
          ],
          [
            -78.79801499981376,
            38.379361999744766
          ],
          [
            -78.7978700000488,
            38.37925899986757
          ],
          [
            -78.79763999989501,
            38.37909599999463
          ],
          [
            -78.79643700032105,
            38.37827400015036
          ],
          [
            -78.79588199957895,
            38.377892000345796
          ],
          [
            -78.79541600032194,
            38.377570999684124
          ],
          [
            -78.79520100023679,
            38.37743600016506
          ],
          [
            -78.79474599995213,
            38.377126000316075
          ],
          [
            -78.79381799983943,
            38.37649500004114
          ],
          [
            -78.79349599962416,
            38.37627400022726
          ],
          [
            -78.79276099985533,
            38.375772000194
          ],
          [
            -78.79263100015899,
            38.3756839997564
          ],
          [
            -78.79213300021662,
            38.375328000351004
          ],
          [
            -78.79171700028999,
            38.375032000350494
          ],
          [
            -78.79152599959598,
            38.374891000124315
          ],
          [
            -78.79144899960308,
            38.3748339996552
          ],
          [
            -78.7908290003603,
            38.374363000027905
          ],
          [
            -78.78988500035409,
            38.37363399970479
          ],
          [
            -78.78958999990299,
            38.37341100020147
          ],
          [
            -78.7893580000994,
            38.37326299995274
          ],
          [
            -78.78927500025871,
            38.37320999983287
          ],
          [
            -78.78905900034864,
            38.373087999967545
          ],
          [
            -78.78867799968384,
            38.372910000083635
          ],
          [
            -78.78826599995517,
            38.3727419996808
          ],
          [
            -78.7856480001968,
            38.37171799982472
          ],
          [
            -78.78429499993668,
            38.371179999682575
          ],
          [
            -78.78404800006447,
            38.37108500010729
          ],
          [
            -78.78331300029564,
            38.370797999750586
          ],
          [
            -78.78307999976882,
            38.37070700003539
          ],
          [
            -78.78232099971055,
            38.37042800034234
          ],
          [
            -78.78193599974605,
            38.37030600001238
          ],
          [
            -78.78180100002686,
            38.37026300010103
          ],
          [
            -78.78176599986675,
            38.37025299983955
          ],
          [
            -78.78128700019096,
            38.370116999949424
          ],
          [
            -78.78074099966969,
            38.369981999904084
          ],
          [
            -78.78017599978017,
            38.36986199973062
          ],
          [
            -78.77994700034962,
            38.36981800015713
          ],
          [
            -78.77937099969114,
            38.36972099999443
          ],
          [
            -78.7788960002133,
            38.3696569996489
          ],
          [
            -78.77841800036241,
            38.36960300030378
          ],
          [
            -78.77785099992475,
            38.369552999935095
          ],
          [
            -78.77738599959434,
            38.369524999769936
          ],
          [
            -78.77675999960545,
            38.36950400034322
          ],
          [
            -78.77610500020256,
            38.3694999999151
          ],
          [
            -78.77561300010797,
            38.36951500011078
          ],
          [
            -78.77512000018845,
            38.36953999996038
          ],
          [
            -78.7749620000047,
            38.369552999935095
          ],
          [
            -78.77409199961835,
            38.369623000300685
          ],
          [
            -78.77351900023122,
            38.36967400002132
          ],
          [
            -78.77070499975594,
            38.3699230002956
          ],
          [
            -78.76960099991616,
            38.37002100028739
          ],
          [
            -78.76871700018441,
            38.37011399965379
          ],
          [
            -78.76829700005983,
            38.37017399990858
          ],
          [
            -78.7677589999345,
            38.370251000350514
          ],
          [
            -78.76728199990853,
            38.37033999974401
          ],
          [
            -78.76687799967748,
            38.37041599991495
          ],
          [
            -78.76674100030844,
            38.3704410001576
          ],
          [
            -78.7663239996586,
            38.370531000114454
          ],
          [
            -78.76601800023518,
            38.370602999717704
          ],
          [
            -78.76514299982594,
            38.37079699966143
          ],
          [
            -78.76483700040251,
            38.37085499987765
          ],
          [
            -78.76466900017301,
            38.370879999968636
          ],
          [
            -78.76405400005477,
            38.37097200025728
          ],
          [
            -78.76372900036476,
            38.37100500029403
          ],
          [
            -78.76335400044604,
            38.37103600014414
          ],
          [
            -78.76303600042873,
            38.37104899985011
          ],
          [
            -78.76260799990823,
            38.37105599974502
          ],
          [
            -78.7621190001867,
            38.37104600029742
          ],
          [
            -78.76157500021357,
            38.37101499974729
          ],
          [
            -78.7607190000709,
            38.37094800028511
          ],
          [
            -78.7588319998834,
            38.37079999992875
          ],
          [
            -78.75747199995058,
            38.370694000267925
          ],
          [
            -78.75693399982525,
            38.370655000247375
          ],
          [
            -78.75624400026224,
            38.370596999870855
          ],
          [
            -78.75568000019764,
            38.370555000224925
          ],
          [
            -78.75521900006517,
            38.37051500003642
          ],
          [
            -78.75484199959831,
            38.37048999981934
          ],
          [
            -78.75463999993195,
            38.370473000342905
          ],
          [
            -78.75194600000559,
            38.37026300010103
          ],
          [
            -78.75152099985816,
            38.3702340001137
          ],
          [
            -78.75105800007589,
            38.37022100026126
          ],
          [
            -78.75059699994343,
            38.37022399984821
          ],
          [
            -78.75042000039143,
            38.37023199991984
          ],
          [
            -78.75025399981176,
            38.37023899989377
          ],
          [
            -78.74985999962645,
            38.37027399975322
          ],
          [
            -78.74946499961625,
            38.37032499971938
          ],
          [
            -78.74898799959027,
            38.37040899995813
          ],
          [
            -78.74874200044128,
            38.37046200001666
          ],
          [
            -78.74838900026387,
            38.37054899966986
          ],
          [
            -78.74805100015507,
            38.3706439999488
          ],
          [
            -78.74763600005339,
            38.37078499999947
          ],
          [
            -78.74730899981522,
            38.370907000226254
          ],
          [
            -78.74693499972142,
            38.37105400027817
          ],
          [
            -78.74544599991717,
            38.37167199981711
          ],
          [
            -78.7453279999164,
            38.37172100005385
          ],
          [
            -78.74473399971455,
            38.37194700005531
          ],
          [
            -78.74392899962551,
            38.37222700029965
          ],
          [
            -78.74355799990475,
            38.372344999937276
          ],
          [
            -78.74281999976286,
            38.37255699990105
          ],
          [
            -78.74223599960676,
            38.372708999731906
          ],
          [
            -78.7412869995777,
            38.372922000097496
          ],
          [
            -78.74067400000759,
            38.373037999894024
          ],
          [
            -78.73984700017724,
            38.37317199981606
          ],
          [
            -78.73938799969463,
            38.37323299970362
          ],
          [
            -78.73845299990923,
            38.373334999654716
          ],
          [
            -78.73774900010254,
            38.37340800004241
          ],
          [
            -78.73608100019814,
            38.37359599991064
          ],
          [
            -78.73553899987485,
            38.37366299973811
          ],
          [
            -78.73539699958462,
            38.373680999922954
          ],
          [
            -78.73508199994035,
            38.37372900015924
          ],
          [
            -78.73492100028187,
            38.37375299991327
          ],
          [
            -78.73438399998145,
            38.37385299974184
          ],
          [
            -78.73368900039557,
            38.37400799980168
          ],
          [
            -78.73316999963849,
            38.374148000297254
          ],
          [
            -78.73279399989487,
            38.37425900003491
          ],
          [
            -78.73249199977106,
            38.374357999828504
          ],
          [
            -78.73233899961018,
            38.374407999694164
          ],
          [
            -78.73168000000933,
            38.37465599984097
          ],
          [
            -78.73143300013713,
            38.374756999864466
          ],
          [
            -78.73098399970024,
            38.374955000066265
          ],
          [
            -78.73065999983514,
            38.37510899984857
          ],
          [
            -78.73037899962776,
            38.37525099967752
          ],
          [
            -78.72999000036364,
            38.3754590001836
          ],
          [
            -78.72994299960965,
            38.37548600014108
          ],
          [
            -78.72968800023983,
            38.375634000068295
          ],
          [
            -78.72907800014448,
            38.376005999652456
          ],
          [
            -78.7288470001658,
            38.376145999803256
          ],
          [
            -78.72725799990413,
            38.37712300031105
          ],
          [
            -78.72701100003192,
            38.377272999705845
          ],
          [
            -78.72656699961789,
            38.37754199980868
          ],
          [
            -78.72615400006433,
            38.37778399982142
          ],
          [
            -78.72568700008411,
            38.37804800019256
          ],
          [
            -78.7254820000447,
            38.378164000221695
          ],
          [
            -78.72504799967642,
            38.3783989996742
          ],
          [
            -78.72432299995333,
            38.37878200030156
          ],
          [
            -78.72376899993446,
            38.37905900022721
          ],
          [
            -78.7236099999258,
            38.379135999664754
          ],
          [
            -78.72302800031784,
            38.37941700022764
          ],
          [
            -78.71742500037998,
            38.382082000026095
          ],
          [
            -78.71600400034778,
            38.382753999865315
          ],
          [
            -78.71576199960013,
            38.382869000172036
          ],
          [
            -78.71517599979421,
            38.38311800010563
          ],
          [
            -78.71490600035577,
            38.38321900028678
          ],
          [
            -78.71466299978322,
            38.383303000343965
          ],
          [
            -78.71429899973515,
            38.383417999777855
          ],
          [
            -78.71414599957428,
            38.38346499997763
          ],
          [
            -78.71333499963745,
            38.38367200019424
          ],
          [
            -78.71013000024824,
            38.384427000307575
          ],
          [
            -78.70945599968046,
            38.38458599984069
          ],
          [
            -78.70895000024048,
            38.38470700013698
          ],
          [
            -78.7085920000402,
            38.384796000056895
          ],
          [
            -78.70821000044877,
            38.384902000182635
          ],
          [
            -78.7079019995789,
            38.384997999816946
          ],
          [
            -78.70765200023195,
            38.385075999866146
          ],
          [
            -78.70750699956866,
            38.3851260000701
          ],
          [
            -78.70706300005298,
            38.38528199980827
          ],
          [
            -78.70657099995837,
            38.38548000007471
          ],
          [
            -78.70568999970136,
            38.38586799993547
          ],
          [
            -78.70560400038595,
            38.3859070002056
          ],
          [
            -78.70532099963043,
            38.386032999797116
          ],
          [
            -78.7010669997547,
            38.38793699976382
          ],
          [
            -78.7008349999511,
            38.38804499991639
          ],
          [
            -78.69975200002773,
            38.38852899997535
          ],
          [
            -78.69916700004671,
            38.38878899979274
          ],
          [
            -78.69869900024158,
            38.388987000315744
          ],
          [
            -78.69849300037725,
            38.3890700001746
          ],
          [
            -78.69844499979837,
            38.38908899988286
          ],
          [
            -78.6981529997203,
            38.389199000096944
          ],
          [
            -78.6979410000082,
            38.38927900021159
          ],
          [
            -78.69306699999137,
            38.391042999998845
          ],
          [
            -78.69300099986914,
            38.39106700034584
          ],
          [
            -78.69105500013039,
            38.391772000208896
          ],
          [
            -78.68918800003438,
            38.39244899979294
          ],
          [
            -78.68848800042564,
            38.39270000011326
          ],
          [
            -78.68698299982955,
            38.39325099998797
          ],
          [
            -78.68573699969956,
            38.39369900015576
          ],
          [
            -78.68384000036461,
            38.394384000220654
          ],
          [
            -78.68340799964618,
            38.39454199992821
          ],
          [
            -78.68191999966683,
            38.39508399995515
          ],
          [
            -78.68011500039343,
            38.39573799975889
          ],
          [
            -78.67933399969552,
            38.3960139997806
          ],
          [
            -78.67879399992034,
            38.396215000151116
          ],
          [
            -78.67819999971849,
            38.39642800030174
          ],
          [
            -78.67725999991023,
            38.39677199978178
          ],
          [
            -78.67713199986372,
            38.39681899975149
          ],
          [
            -78.67487200030564,
            38.39763300019145
          ],
          [
            -78.67266999957555,
            38.398430999674524
          ],
          [
            -78.67148799991796,
            38.39886000017866
          ],
          [
            -78.67038099970513,
            38.39925999992906
          ],
          [
            -78.66994899988501,
            38.39941400006306
          ],
          [
            -78.66949299977543,
            38.399576999906905
          ],
          [
            -78.66879300016669,
            38.39981299987608
          ],
          [
            -78.668638000356,
            38.399864999825354
          ],
          [
            -78.66822900010209,
            38.399994000201474
          ],
          [
            -78.66774600022832,
            38.400146000109025
          ],
          [
            -78.66720300008011,
            38.40030800002927
          ],
          [
            -78.66594100005658,
            38.40065899990155
          ],
          [
            -78.66516199990681,
            38.400870000284215
          ],
          [
            -78.66466599961426,
            38.40101999971128
          ],
          [
            -78.66379000027842,
            38.401259000309516
          ],
          [
            -78.66302899967201,
            38.40146299987694
          ],
          [
            -78.66262399961606,
            38.401561999749426
          ],
          [
            -78.66084799975664,
            38.402050000182804
          ],
          [
            -78.66037499992862,
            38.40217500015039
          ],
          [
            -78.65892299993429,
            38.40257200020777
          ],
          [
            -78.65831500038706,
            38.4027529999607
          ],
          [
            -78.65779399998014,
            38.40291800001341
          ],
          [
            -78.65718800008275,
            38.4031310001261
          ],
          [
            -78.65680999979097,
            38.40327000022802
          ],
          [
            -78.65647900025317,
            38.40340599973982
          ],
          [
            -78.65631600004657,
            38.403469000156846
          ],
          [
            -78.65558200010264,
            38.40378099970289
          ],
          [
            -78.65450300037722,
            38.40424600008068
          ],
          [
            -78.65248300012033,
            38.40511400029074
          ],
          [
            -78.65224399974574,
            38.405216999951435
          ],
          [
            -78.65193599977414,
            38.40533800021962
          ],
          [
            -78.65186600035226,
            38.40536599989794
          ],
          [
            -78.65146399977102,
            38.405506000238674
          ],
          [
            -78.65135300034127,
            38.40554499977242
          ],
          [
            -78.65118299956364,
            38.40559600021392
          ],
          [
            -78.65093400004162,
            38.405682000242045
          ],
          [
            -78.65057800038946,
            38.4057840001918
          ],
          [
            -78.65028299993837,
            38.40586400025873
          ],
          [
            -78.64976800027756,
            38.4059879996595
          ],
          [
            -78.64918400012145,
            38.40610900004482
          ],
          [
            -78.64868799982892,
            38.406191999959255
          ],
          [
            -78.64830100021462,
            38.40624800005125
          ],
          [
            -78.64775200021863,
            38.406311999700996
          ],
          [
            -78.64769100011925,
            38.406316000205194
          ],
          [
            -78.64727400036774,
            38.40634999990616
          ],
          [
            -78.6468209997329,
            38.40637400009957
          ],
          [
            -78.64661200039383,
            38.406384999892246
          ],
          [
            -78.6461179997511,
            38.40639300018837
          ],
          [
            -78.6455820001739,
            38.406384999892246
          ],
          [
            -78.64542200034033,
            38.40637700029918
          ],
          [
            -78.64281000042973,
            38.406248999650224
          ],
          [
            -78.64223299994632,
            38.40621699980459
          ],
          [
            -78.63932499975971,
            38.40607399992509
          ],
          [
            -78.6390419999025,
            38.4060569996597
          ],
          [
            -78.63861799957998,
            38.40603899978844
          ],
          [
            -78.63782699973464,
            38.405999000214884
          ],
          [
            -78.63647799967248,
            38.40593099976269
          ],
          [
            -78.63615899983024,
            38.40591499977122
          ],
          [
            -78.63589000021672,
            38.40590099968775
          ],
          [
            -78.6349369999897,
            38.40585299968279
          ],
          [
            -78.63360999966883,
            38.40580400004084
          ],
          [
            -78.63271699971627,
            38.40577799974326
          ],
          [
            -78.63168999986937,
            38.40575799988702
          ],
          [
            -78.63161200005156,
            38.405757000281206
          ],
          [
            -78.63126800009498,
            38.4057540000559
          ],
          [
            -78.62915400012676,
            38.405738000025245
          ],
          [
            -78.62778300032328,
            38.405714999930964
          ],
          [
            -78.62660300031553,
            38.40567799970275
          ],
          [
            -78.62489500022816,
            38.40560500020532
          ],
          [
            -78.62473200002155,
            38.40559699982197
          ],
          [
            -78.62434200003419,
            38.40557600030732
          ],
          [
            -78.62311099997282,
            38.405513000319
          ],
          [
            -78.62161299994773,
            38.40543600010218
          ],
          [
            -78.61870300011131,
            38.40529100015695
          ],
          [
            -78.61821400038977,
            38.40526700030788
          ],
          [
            -78.61592600034427,
            38.40515499996821
          ],
          [
            -78.6156259998703,
            38.405136000257905
          ],
          [
            -78.61544000009745,
            38.40511899977188
          ],
          [
            -78.61529100013453,
            38.405105000238194
          ],
          [
            -78.61499499985852,
            38.40507000033622
          ],
          [
            -78.61453899974896,
            38.40500199971393
          ],
          [
            -78.61412899967013,
            38.40492599997796
          ],
          [
            -78.61372500033741,
            38.404835999872375
          ],
          [
            -78.61340499977194,
            38.4047529998086
          ],
          [
            -78.61301099958665,
            38.40463799980863
          ],
          [
            -78.6118740001349,
            38.40427200022546
          ],
          [
            -78.60992599984803,
            38.403635999957274
          ],
          [
            -78.6092970003844,
            38.40343099984484
          ],
          [
            -78.60602000012686,
            38.40237000025953
          ],
          [
            -78.6056359999873,
            38.40224600028348
          ],
          [
            -78.60528199998498,
            38.40213099981472
          ],
          [
            -78.60419499986364,
            38.40176900026057
          ],
          [
            -78.60414899983289,
            38.40175399971291
          ],
          [
            -78.6038969999378,
            38.40165700013241
          ],
          [
            -78.60356499967678,
            38.40150800028377
          ],
          [
            -78.60325400023048,
            38.401353000016094
          ],
          [
            -78.60296899982511,
            38.40119299966366
          ],
          [
            -78.60275000044032,
            38.40105599983723
          ],
          [
            -78.60239600043798,
            38.400808999766454
          ],
          [
            -78.60200599955233,
            38.40051800035022
          ],
          [
            -78.60191299966591,
            38.4004469999278
          ],
          [
            -78.60154299977006,
            38.40016699979325
          ],
          [
            -78.60123300014867,
            38.39993699980171
          ],
          [
            -78.60018399966216,
            38.399160999719996
          ],
          [
            -78.59912500002821,
            38.39837100032666
          ],
          [
            -78.59897400041548,
            38.39825800015239
          ],
          [
            -78.59886599956214,
            38.39817899982598
          ],
          [
            -78.59834000003069,
            38.39778399971504
          ],
          [
            -78.5982799997562,
            38.39774000022682
          ],
          [
            -78.59796000008907,
            38.397475999918726
          ],
          [
            -78.59766800001103,
            38.397189999787884
          ],
          [
            -78.59743500038252,
            38.396921000239686
          ],
          [
            -78.59728200022164,
            38.39670800013346
          ],
          [
            -78.5971309997106,
            38.39646500033666
          ],
          [
            -78.59700799968694,
            38.39622800026094
          ],
          [
            -78.5968639997469,
            38.39586200033773
          ],
          [
            -78.59679099995196,
            38.39561299992533
          ],
          [
            -78.59674800029426,
            38.39542300004608
          ],
          [
            -78.59670200026349,
            38.39514600012791
          ],
          [
            -78.59664100016414,
            38.394573000253615
          ],
          [
            -78.59652300016336,
            38.393149999734895
          ],
          [
            -78.59642899955371,
            38.3921059999576
          ],
          [
            -78.59642100005611,
            38.392003999717325
          ],
          [
            -78.59640900036054,
            38.391860000085764
          ],
          [
            -78.59639599994175,
            38.391712000263425
          ],
          [
            -78.596349999911,
            38.391193000100756
          ],
          [
            -78.5962500003519,
            38.390039000055125
          ],
          [
            -78.59602900041895,
            38.3874949996622
          ],
          [
            -78.59589399980142,
            38.38589699999391
          ],
          [
            -78.59585500034167,
            38.385536000016174
          ],
          [
            -78.59579400024231,
            38.3851549997219
          ],
          [
            -78.59572200027227,
            38.38485000003408
          ],
          [
            -78.59564899957904,
            38.38460900031996
          ],
          [
            -78.59555900006566,
            38.384387000042246
          ],
          [
            -78.5955060003622,
            38.3842560001804
          ],
          [
            -78.59541099992767,
            38.38404599980466
          ],
          [
            -78.59522199978178,
            38.3837180003184
          ],
          [
            -78.59505899957516,
            38.38346100032137
          ],
          [
            -78.59437700040809,
            38.38246199967942
          ],
          [
            -78.59359499988527,
            38.38132300030775
          ],
          [
            -78.59251600015986,
            38.379749000065
          ],
          [
            -78.59234299990749,
            38.37951200013097
          ],
          [
            -78.59209699986019,
            38.37920399996874
          ],
          [
            -78.5919560002932,
            38.37903900002152
          ],
          [
            -78.59180300013232,
            38.378873999697916
          ],
          [
            -78.59172600013942,
            38.378791000109885
          ],
          [
            -78.59132100008347,
            38.37838899983294
          ],
          [
            -78.59107400021126,
            38.3781519996688
          ],
          [
            -78.59044700039748,
            38.377549999775475
          ],
          [
            -78.58977000035495,
            38.37689900028849
          ],
          [
            -78.58952299958442,
            38.37666200017285
          ],
          [
            -78.58923899990229,
            38.37638900027203
          ],
          [
            -78.58810900012325,
            38.37530299968403
          ],
          [
            -78.58785800005309,
            38.37506199985373
          ],
          [
            -78.58748700033232,
            38.37470500016981
          ],
          [
            -78.58706300000979,
            38.37429800022586
          ],
          [
            -78.58684799992463,
            38.37409199999071
          ],
          [
            -78.5866499995579,
            38.37389999981781
          ],
          [
            -78.58400800040842,
            38.37136999986758
          ],
          [
            -78.58389299988235,
            38.3712589999239
          ],
          [
            -78.58116999964368,
            38.36864200017116
          ],
          [
            -78.58075700009013,
            38.36824499976798
          ],
          [
            -78.58066800040167,
            38.36815999970904
          ],
          [
            -78.58003900003972,
            38.3675539999591
          ],
          [
            -78.5797849995965,
            38.367312999675725
          ],
          [
            -78.57939999963205,
            38.3669480000652
          ],
          [
            -78.57898899972831,
            38.36655500011696
          ],
          [
            -78.57855400043344,
            38.36613599968199
          ],
          [
            -78.57832900030253,
            38.365917999689856
          ],
          [
            -78.57827900007382,
            38.36587499998869
          ],
          [
            -78.57788499988852,
            38.36553499999396
          ],
          [
            -78.57771099981126,
            38.365407000294745
          ],
          [
            -78.5775240002135,
            38.365288999909254
          ],
          [
            -78.5773269996717,
            38.36518299992426
          ],
          [
            -78.5771230003555,
            38.36509100002404
          ],
          [
            -78.57692199961573,
            38.36501899986744
          ],
          [
            -78.57664100030667,
            38.36493899968774
          ],
          [
            -78.5764399995669,
            38.364896000109255
          ],
          [
            -78.5762350004258,
            38.3648670000843
          ],
          [
            -78.57602799983825,
            38.36485200033396
          ],
          [
            -78.5758420000654,
            38.36484999999136
          ],
          [
            -78.5755879996222,
            38.36486199993305
          ],
          [
            -78.5753349999022,
            38.36488900032288
          ],
          [
            -78.57508499965695,
            38.36493099973531
          ],
          [
            -78.57498599992276,
            38.36495199978456
          ],
          [
            -78.57473900005053,
            38.36501300026201
          ]
        ]
      }
    }
  ]
}
